[2026-09-08 00:50:03] local.ERROR: ErrorException: include(/home1/kmalith2/eonepisode/storage/framework/views/8391c3b82856b854488e7edc8da611b0): failed to open stream: No such file or directory in /home1/kmalith2/eonepisode/vendor/laravel/framework/src/Illuminate/View/Engines/PhpEngine.php:39
Stack trace:
#0 /home1/kmalith2/eonepisode/vendor/laravel/framework/src/Illuminate/View/Engines/PhpEngine.php(39): Illuminate\Foundation\Bootstrap\HandleExceptions->handleError(2, 'include(/home1/...', '/home1/kmalith2...', 39, Array)
#1 /home1/kmalith2/eonepisode/vendor/laravel/framework/src/Illuminate/View/Engines/PhpEngine.php(39): include()
#2 /home1/kmalith2/eonepisode/vendor/laravel/framework/src/Illuminate/View/Engines/CompilerEngine.php(57): Illuminate\View\Engines\PhpEngine->evaluatePath('/home1/kmalith2...', Array)
#3 /home1/kmalith2/eonepisode/vendor/laravel/framework/src/Illuminate/View/View.php(136): Illuminate\View\Engines\CompilerEngine->get('/home1/kmalith2...', Array)
#4 /home1/kmalith2/eonepisode/vendor/laravel/framework/src/Illuminate/View/View.php(104): Illuminate\View\View->getContents()
#5 /home1/kmalith2/eonepisode/vendor/laravel/framework/src/Illuminate/View/View.php(78): Illuminate\View\View->renderContents()
#6 /home1/kmalith2/eonepisode/storage/framework/views/6caaae8201b07a7033db9ba3f0ba0fb9(4): Illuminate\View\View->render()
#7 /home1/kmalith2/eonepisode/vendor/laravel/framework/src/Illuminate/View/Engines/PhpEngine.php(39): include('/home1/kmalith2...')
#8 /home1/kmalith2/eonepisode/vendor/laravel/framework/src/Illuminate/View/Engines/CompilerEngine.php(57): Illuminate\View\Engines\PhpEngine->evaluatePath('/home1/kmalith2...', Array)
#9 /home1/kmalith2/eonepisode/vendor/laravel/framework/src/Illuminate/View/View.php(136): Illuminate\View\Engines\CompilerEngine->get('/home1/kmalith2...', Array)
#10 /home1/kmalith2/eonepisode/vendor/laravel/framework/src/Illuminate/View/View.php(104): Illuminate\View\View->getContents()
#11 /home1/kmalith2/eonepisode/vendor/laravel/framework/src/Illuminate/View/View.php(78): Illuminate\View\View->renderContents()
#12 /home1/kmalith2/eonepisode/storage/framework/views/c7d7d2afc3a3d3cf0126c1c894f9f896(94): Illuminate\View\View->render()
#13 /home1/kmalith2/eonepisode/vendor/laravel/framework/src/Illuminate/View/Engines/PhpEngine.php(39): include('/home1/kmalith2...')
#14 /home1/kmalith2/eonepisode/vendor/laravel/framework/src/Illuminate/View/Engines/CompilerEngine.php(57): Illuminate\View\Engines\PhpEngine->evaluatePath('/home1/kmalith2...', Array)
#15 /home1/kmalith2/eonepisode/vendor/laravel/framework/src/Illuminate/View/View.php(136): Illuminate\View\Engines\CompilerEngine->get('/home1/kmalith2...', Array)
#16 /home1/kmalith2/eonepisode/vendor/laravel/framework/src/Illuminate/View/View.php(104): Illuminate\View\View->getContents()
#17 /home1/kmalith2/eonepisode/vendor/laravel/framework/src/Illuminate/View/View.php(78): Illuminate\View\View->renderContents()
#18 /home1/kmalith2/eonepisode/vendor/laravel/framework/src/Illuminate/Http/Response.php(44): Illuminate\View\View->render()
#19 /home1/kmalith2/eonepisode/vendor/symfony/http-foundation/Symfony/Component/HttpFoundation/Response.php(202): Illuminate\Http\Response->setContent(Object(Illuminate\View\View))
#20 /home1/kmalith2/eonepisode/vendor/laravel/framework/src/Illuminate/Routing/Router.php(1188): Symfony\Component\HttpFoundation\Response->__construct(Object(Illuminate\View\View))
#21 /home1/kmalith2/eonepisode/vendor/laravel/framework/src/Illuminate/Routing/Router.php(691): Illuminate\Routing\Router->prepareResponse(Object(Illuminate\Http\Request), Object(Illuminate\View\View))
#22 [internal function]: Illuminate\Routing\Router->Illuminate\Routing\{closure}(Object(Illuminate\Http\Request))
#23 /home1/kmalith2/eonepisode/vendor/laravel/framework/src/Illuminate/Pipeline/Pipeline.php(141): call_user_func(Object(Closure), Object(Illuminate\Http\Request))
#24 [internal function]: Illuminate\Pipeline\Pipeline->Illuminate\Pipeline\{closure}(Object(Illuminate\Http\Request))
#25 /home1/kmalith2/eonepisode/vendor/laravel/framework/src/Illuminate/Pipeline/Pipeline.php(100): call_user_func(Object(Closure), Object(Illuminate\Http\Request))
#26 /home1/kmalith2/eonepisode/vendor/laravel/framework/src/Illuminate/Routing/Router.php(693): Illuminate\Pipeline\Pipeline->then(Object(Closure))
#27 /home1/kmalith2/eonepisode/vendor/laravel/framework/src/Illuminate/Routing/Router.php(659): Illuminate\Routing\Router->runRouteWithinStack(Object(Illuminate\Routing\Route), Object(Illuminate\Http\Request))
#28 /home1/kmalith2/eonepisode/vendor/laravel/framework/src/Illuminate/Routing/Router.php(618): Illuminate\Routing\Router->dispatchToRoute(Object(Illuminate\Http\Request))
#29 /home1/kmalith2/eonepisode/vendor/laravel/framework/src/Illuminate/Foundation/Http/Kernel.php(210): Illuminate\Routing\Router->dispatch(Object(Illuminate\Http\Request))
#30 [internal function]: Illuminate\Foundation\Http\Kernel->Illuminate\Foundation\Http\{closure}(Object(Illuminate\Http\Request))
#31 /home1/kmalith2/eonepisode/vendor/laravel/framework/src/Illuminate/Pipeline/Pipeline.php(141): call_user_func(Object(Closure), Object(Illuminate\Http\Request))
#32 /home1/kmalith2/eonepisode/vendor/laravel/framework/src/Illuminate/Foundation/Http/Middleware/VerifyCsrfToken.php(43): Illuminate\Pipeline\Pipeline->Illuminate\Pipeline\{closure}(Object(Illuminate\Http\Request))
#33 /home1/kmalith2/eonepisode/app/Http/Middleware/VerifyCsrfToken.php(17): Illuminate\Foundation\Http\Middleware\VerifyCsrfToken->handle(Object(Illuminate\Http\Request), Object(Closure))
#34 /home1/kmalith2/eonepisode/vendor/laravel/framework/src/Illuminate/Pipeline/Pipeline.php(125): App\Http\Middleware\VerifyCsrfToken->handle(Object(Illuminate\Http\Request), Object(Closure))
#35 /home1/kmalith2/eonepisode/vendor/laravel/framework/src/Illuminate/View/Middleware/ShareErrorsFromSession.php(55): Illuminate\Pipeline\Pipeline->Illuminate\Pipeline\{closure}(Object(Illuminate\Http\Request))
#36 /home1/kmalith2/eonepisode/vendor/laravel/framework/src/Illuminate/Pipeline/Pipeline.php(125): Illuminate\View\Middleware\ShareErrorsFromSession->handle(Object(Illuminate\Http\Request), Object(Closure))
#37 /home1/kmalith2/eonepisode/vendor/laravel/framework/src/Illuminate/Session/Middleware/StartSession.php(61): Illuminate\Pipeline\Pipeline->Illuminate\Pipeline\{closure}(Object(Illuminate\Http\Request))
#38 /home1/kmalith2/eonepisode/vendor/laravel/framework/src/Illuminate/Pipeline/Pipeline.php(125): Illuminate\Session\Middleware\StartSession->handle(Object(Illuminate\Http\Request), Object(Closure))
#39 /home1/kmalith2/eonepisode/vendor/laravel/framework/src/Illuminate/Cookie/Middleware/AddQueuedCookiesToResponse.php(36): Illuminate\Pipeline\Pipeline->Illuminate\Pipeline\{closure}(Object(Illuminate\Http\Request))
#40 /home1/kmalith2/eonepisode/vendor/laravel/framework/src/Illuminate/Pipeline/Pipeline.php(125): Illuminate\Cookie\Middleware\AddQueuedCookiesToResponse->handle(Object(Illuminate\Http\Request), Object(Closure))
#41 /home1/kmalith2/eonepisode/vendor/laravel/framework/src/Illuminate/Cookie/Middleware/EncryptCookies.php(40): Illuminate\Pipeline\Pipeline->Illuminate\Pipeline\{closure}(Object(Illuminate\Http\Request))
#42 /home1/kmalith2/eonepisode/vendor/laravel/framework/src/Illuminate/Pipeline/Pipeline.php(125): Illuminate\Cookie\Middleware\EncryptCookies->handle(Object(Illuminate\Http\Request), Object(Closure))
#43 /home1/kmalith2/eonepisode/app/Http/Middleware/CheckForMaintenanceMode.php(26): Illuminate\Pipeline\Pipeline->Illuminate\Pipeline\{closure}(Object(Illuminate\Http\Request))
#44 /home1/kmalith2/eonepisode/vendor/laravel/framework/src/Illuminate/Pipeline/Pipeline.php(125): App\Http\Middleware\CheckForMaintenanceMode->handle(Object(Illuminate\Http\Request), Object(Closure))
#45 [internal function]: Illuminate\Pipeline\Pipeline->Illuminate\Pipeline\{closure}(Object(Illuminate\Http\Request))
#46 /home1/kmalith2/eonepisode/vendor/laravel/framework/src/Illuminate/Pipeline/Pipeline.php(100): call_user_func(Object(Closure), Object(Illuminate\Http\Request))
#47 /home1/kmalith2/eonepisode/vendor/laravel/framework/src/Illuminate/Foundation/Http/Kernel.php(111): Illuminate\Pipeline\Pipeline->then(Object(Closure))
#48 /home1/kmalith2/eonepisode/vendor/laravel/framework/src/Illuminate/Foundation/Http/Kernel.php(84): Illuminate\Foundation\Http\Kernel->sendRequestThroughRouter(Object(Illuminate\Http\Request))
#49 /home1/kmalith2/public_html/index.php(53): Illuminate\Foundation\Http\Kernel->handle(Object(Illuminate\Http\Request))
#50 {main}

Next ErrorException: include(/home1/kmalith2/eonepisode/storage/framework/views/8391c3b82856b854488e7edc8da611b0): failed to open stream: No such file or directory (View: /home1/kmalith2/eonepisode/resources/views/layout/partials/head.blade.php) in /home1/kmalith2/eonepisode/vendor/laravel/framework/src/Illuminate/View/Engines/PhpEngine.php:39
Stack trace:
#0 /home1/kmalith2/eonepisode/vendor/laravel/framework/src/Illuminate/View/Engines/PhpEngine.php(43): Illuminate\View\Engines\CompilerEngine->handleViewException(Object(ErrorException), 0)
#1 /home1/kmalith2/eonepisode/vendor/laravel/framework/src/Illuminate/View/Engines/CompilerEngine.php(57): Illuminate\View\Engines\PhpEngine->evaluatePath('/home1/kmalith2...', Array)
#2 /home1/kmalith2/eonepisode/vendor/laravel/framework/src/Illuminate/View/View.php(136): Illuminate\View\Engines\CompilerEngine->get('/home1/kmalith2...', Array)
#3 /home1/kmalith2/eonepisode/vendor/laravel/framework/src/Illuminate/View/View.php(104): Illuminate\View\View->getContents()
#4 /home1/kmalith2/eonepisode/vendor/laravel/framework/src/Illuminate/View/View.php(78): Illuminate\View\View->renderContents()
#5 /home1/kmalith2/eonepisode/storage/framework/views/6caaae8201b07a7033db9ba3f0ba0fb9(4): Illuminate\View\View->render()
#6 /home1/kmalith2/eonepisode/vendor/laravel/framework/src/Illuminate/View/Engines/PhpEngine.php(39): include('/home1/kmalith2...')
#7 /home1/kmalith2/eonepisode/vendor/laravel/framework/src/Illuminate/View/Engines/CompilerEngine.php(57): Illuminate\View\Engines\PhpEngine->evaluatePath('/home1/kmalith2...', Array)
#8 /home1/kmalith2/eonepisode/vendor/laravel/framework/src/Illuminate/View/View.php(136): Illuminate\View\Engines\CompilerEngine->get('/home1/kmalith2...', Array)
#9 /home1/kmalith2/eonepisode/vendor/laravel/framework/src/Illuminate/View/View.php(104): Illuminate\View\View->getContents()
#10 /home1/kmalith2/eonepisode/vendor/laravel/framework/src/Illuminate/View/View.php(78): Illuminate\View\View->renderContents()
#11 /home1/kmalith2/eonepisode/storage/framework/views/c7d7d2afc3a3d3cf0126c1c894f9f896(94): Illuminate\View\View->render()
#12 /home1/kmalith2/eonepisode/vendor/laravel/framework/src/Illuminate/View/Engines/PhpEngine.php(39): include('/home1/kmalith2...')
#13 /home1/kmalith2/eonepisode/vendor/laravel/framework/src/Illuminate/View/Engines/CompilerEngine.php(57): Illuminate\View\Engines\PhpEngine->evaluatePath('/home1/kmalith2...', Array)
#14 /home1/kmalith2/eonepisode/vendor/laravel/framework/src/Illuminate/View/View.php(136): Illuminate\View\Engines\CompilerEngine->get('/home1/kmalith2...', Array)
#15 /home1/kmalith2/eonepisode/vendor/laravel/framework/src/Illuminate/View/View.php(104): Illuminate\View\View->getContents()
#16 /home1/kmalith2/eonepisode/vendor/laravel/framework/src/Illuminate/View/View.php(78): Illuminate\View\View->renderContents()
#17 /home1/kmalith2/eonepisode/vendor/laravel/framework/src/Illuminate/Http/Response.php(44): Illuminate\View\View->render()
#18 /home1/kmalith2/eonepisode/vendor/symfony/http-foundation/Symfony/Component/HttpFoundation/Response.php(202): Illuminate\Http\Response->setContent(Object(Illuminate\View\View))
#19 /home1/kmalith2/eonepisode/vendor/laravel/framework/src/Illuminate/Routing/Router.php(1188): Symfony\Component\HttpFoundation\Response->__construct(Object(Illuminate\View\View))
#20 /home1/kmalith2/eonepisode/vendor/laravel/framework/src/Illuminate/Routing/Router.php(691): Illuminate\Routing\Router->prepareResponse(Object(Illuminate\Http\Request), Object(Illuminate\View\View))
#21 [internal function]: Illuminate\Routing\Router->Illuminate\Routing\{closure}(Object(Illuminate\Http\Request))
#22 /home1/kmalith2/eonepisode/vendor/laravel/framework/src/Illuminate/Pipeline/Pipeline.php(141): call_user_func(Object(Closure), Object(Illuminate\Http\Request))
#23 [internal function]: Illuminate\Pipeline\Pipeline->Illuminate\Pipeline\{closure}(Object(Illuminate\Http\Request))
#24 /home1/kmalith2/eonepisode/vendor/laravel/framework/src/Illuminate/Pipeline/Pipeline.php(100): call_user_func(Object(Closure), Object(Illuminate\Http\Request))
#25 /home1/kmalith2/eonepisode/vendor/laravel/framework/src/Illuminate/Routing/Router.php(693): Illuminate\Pipeline\Pipeline->then(Object(Closure))
#26 /home1/kmalith2/eonepisode/vendor/laravel/framework/src/Illuminate/Routing/Router.php(659): Illuminate\Routing\Router->runRouteWithinStack(Object(Illuminate\Routing\Route), Object(Illuminate\Http\Request))
#27 /home1/kmalith2/eonepisode/vendor/laravel/framework/src/Illuminate/Routing/Router.php(618): Illuminate\Routing\Router->dispatchToRoute(Object(Illuminate\Http\Request))
#28 /home1/kmalith2/eonepisode/vendor/laravel/framework/src/Illuminate/Foundation/Http/Kernel.php(210): Illuminate\Routing\Router->dispatch(Object(Illuminate\Http\Request))
#29 [internal function]: Illuminate\Foundation\Http\Kernel->Illuminate\Foundation\Http\{closure}(Object(Illuminate\Http\Request))
#30 /home1/kmalith2/eonepisode/vendor/laravel/framework/src/Illuminate/Pipeline/Pipeline.php(141): call_user_func(Object(Closure), Object(Illuminate\Http\Request))
#31 /home1/kmalith2/eonepisode/vendor/laravel/framework/src/Illuminate/Foundation/Http/Middleware/VerifyCsrfToken.php(43): Illuminate\Pipeline\Pipeline->Illuminate\Pipeline\{closure}(Object(Illuminate\Http\Request))
#32 /home1/kmalith2/eonepisode/app/Http/Middleware/VerifyCsrfToken.php(17): Illuminate\Foundation\Http\Middleware\VerifyCsrfToken->handle(Object(Illuminate\Http\Request), Object(Closure))
#33 /home1/kmalith2/eonepisode/vendor/laravel/framework/src/Illuminate/Pipeline/Pipeline.php(125): App\Http\Middleware\VerifyCsrfToken->handle(Object(Illuminate\Http\Request), Object(Closure))
#34 /home1/kmalith2/eonepisode/vendor/laravel/framework/src/Illuminate/View/Middleware/ShareErrorsFromSession.php(55): Illuminate\Pipeline\Pipeline->Illuminate\Pipeline\{closure}(Object(Illuminate\Http\Request))
#35 /home1/kmalith2/eonepisode/vendor/laravel/framework/src/Illuminate/Pipeline/Pipeline.php(125): Illuminate\View\Middleware\ShareErrorsFromSession->handle(Object(Illuminate\Http\Request), Object(Closure))
#36 /home1/kmalith2/eonepisode/vendor/laravel/framework/src/Illuminate/Session/Middleware/StartSession.php(61): Illuminate\Pipeline\Pipeline->Illuminate\Pipeline\{closure}(Object(Illuminate\Http\Request))
#37 /home1/kmalith2/eonepisode/vendor/laravel/framework/src/Illuminate/Pipeline/Pipeline.php(125): Illuminate\Session\Middleware\StartSession->handle(Object(Illuminate\Http\Request), Object(Closure))
#38 /home1/kmalith2/eonepisode/vendor/laravel/framework/src/Illuminate/Cookie/Middleware/AddQueuedCookiesToResponse.php(36): Illuminate\Pipeline\Pipeline->Illuminate\Pipeline\{closure}(Object(Illuminate\Http\Request))
#39 /home1/kmalith2/eonepisode/vendor/laravel/framework/src/Illuminate/Pipeline/Pipeline.php(125): Illuminate\Cookie\Middleware\AddQueuedCookiesToResponse->handle(Object(Illuminate\Http\Request), Object(Closure))
#40 /home1/kmalith2/eonepisode/vendor/laravel/framework/src/Illuminate/Cookie/Middleware/EncryptCookies.php(40): Illuminate\Pipeline\Pipeline->Illuminate\Pipeline\{closure}(Object(Illuminate\Http\Request))
#41 /home1/kmalith2/eonepisode/vendor/laravel/framework/src/Illuminate/Pipeline/Pipeline.php(125): Illuminate\Cookie\Middleware\EncryptCookies->handle(Object(Illuminate\Http\Request), Object(Closure))
#42 /home1/kmalith2/eonepisode/app/Http/Middleware/CheckForMaintenanceMode.php(26): Illuminate\Pipeline\Pipeline->Illuminate\Pipeline\{closure}(Object(Illuminate\Http\Request))
#43 /home1/kmalith2/eonepisode/vendor/laravel/framework/src/Illuminate/Pipeline/Pipeline.php(125): App\Http\Middleware\CheckForMaintenanceMode->handle(Object(Illuminate\Http\Request), Object(Closure))
#44 [internal function]: Illuminate\Pipeline\Pipeline->Illuminate\Pipeline\{closure}(Object(Illuminate\Http\Request))
#45 /home1/kmalith2/eonepisode/vendor/laravel/framework/src/Illuminate/Pipeline/Pipeline.php(100): call_user_func(Object(Closure), Object(Illuminate\Http\Request))
#46 /home1/kmalith2/eonepisode/vendor/laravel/framework/src/Illuminate/Foundation/Http/Kernel.php(111): Illuminate\Pipeline\Pipeline->then(Object(Closure))
#47 /home1/kmalith2/eonepisode/vendor/laravel/framework/src/Illuminate/Foundation/Http/Kernel.php(84): Illuminate\Foundation\Http\Kernel->sendRequestThroughRouter(Object(Illuminate\Http\Request))
#48 /home1/kmalith2/public_html/index.php(53): Illuminate\Foundation\Http\Kernel->handle(Object(Illuminate\Http\Request))
#49 {main}

Next ErrorException: include(/home1/kmalith2/eonepisode/storage/framework/views/8391c3b82856b854488e7edc8da611b0): failed to open stream: No such file or directory (View: /home1/kmalith2/eonepisode/resources/views/layout/partials/head.blade.php) (View: /home1/kmalith2/eonepisode/resources/views/layout/partials/head.blade.php) in /home1/kmalith2/eonepisode/vendor/laravel/framework/src/Illuminate/View/Engines/PhpEngine.php:39
Stack trace:
#0 /home1/kmalith2/eonepisode/vendor/laravel/framework/src/Illuminate/View/Engines/PhpEngine.php(43): Illuminate\View\Engines\CompilerEngine->handleViewException(Object(ErrorException), 0)
#1 /home1/kmalith2/eonepisode/vendor/laravel/framework/src/Illuminate/View/Engines/CompilerEngine.php(57): Illuminate\View\Engines\PhpEngine->evaluatePath('/home1/kmalith2...', Array)
#2 /home1/kmalith2/eonepisode/vendor/laravel/framework/src/Illuminate/View/View.php(136): Illuminate\View\Engines\CompilerEngine->get('/home1/kmalith2...', Array)
#3 /home1/kmalith2/eonepisode/vendor/laravel/framework/src/Illuminate/View/View.php(104): Illuminate\View\View->getContents()
#4 /home1/kmalith2/eonepisode/vendor/laravel/framework/src/Illuminate/View/View.php(78): Illuminate\View\View->renderContents()
#5 /home1/kmalith2/eonepisode/storage/framework/views/c7d7d2afc3a3d3cf0126c1c894f9f896(94): Illuminate\View\View->render()
#6 /home1/kmalith2/eonepisode/vendor/laravel/framework/src/Illuminate/View/Engines/PhpEngine.php(39): include('/home1/kmalith2...')
#7 /home1/kmalith2/eonepisode/vendor/laravel/framework/src/Illuminate/View/Engines/CompilerEngine.php(57): Illuminate\View\Engines\PhpEngine->evaluatePath('/home1/kmalith2...', Array)
#8 /home1/kmalith2/eonepisode/vendor/laravel/framework/src/Illuminate/View/View.php(136): Illuminate\View\Engines\CompilerEngine->get('/home1/kmalith2...', Array)
#9 /home1/kmalith2/eonepisode/vendor/laravel/framework/src/Illuminate/View/View.php(104): Illuminate\View\View->getContents()
#10 /home1/kmalith2/eonepisode/vendor/laravel/framework/src/Illuminate/View/View.php(78): Illuminate\View\View->renderContents()
#11 /home1/kmalith2/eonepisode/vendor/laravel/framework/src/Illuminate/Http/Response.php(44): Illuminate\View\View->render()
#12 /home1/kmalith2/eonepisode/vendor/symfony/http-foundation/Symfony/Component/HttpFoundation/Response.php(202): Illuminate\Http\Response->setContent(Object(Illuminate\View\View))
#13 /home1/kmalith2/eonepisode/vendor/laravel/framework/src/Illuminate/Routing/Router.php(1188): Symfony\Component\HttpFoundation\Response->__construct(Object(Illuminate\View\View))
#14 /home1/kmalith2/eonepisode/vendor/laravel/framework/src/Illuminate/Routing/Router.php(691): Illuminate\Routing\Router->prepareResponse(Object(Illuminate\Http\Request), Object(Illuminate\View\View))
#15 [internal function]: Illuminate\Routing\Router->Illuminate\Routing\{closure}(Object(Illuminate\Http\Request))
#16 /home1/kmalith2/eonepisode/vendor/laravel/framework/src/Illuminate/Pipeline/Pipeline.php(141): call_user_func(Object(Closure), Object(Illuminate\Http\Request))
#17 [internal function]: Illuminate\Pipeline\Pipeline->Illuminate\Pipeline\{closure}(Object(Illuminate\Http\Request))
#18 /home1/kmalith2/eonepisode/vendor/laravel/framework/src/Illuminate/Pipeline/Pipeline.php(100): call_user_func(Object(Closure), Object(Illuminate\Http\Request))
#19 /home1/kmalith2/eonepisode/vendor/laravel/framework/src/Illuminate/Routing/Router.php(693): Illuminate\Pipeline\Pipeline->then(Object(Closure))
#20 /home1/kmalith2/eonepisode/vendor/laravel/framework/src/Illuminate/Routing/Router.php(659): Illuminate\Routing\Router->runRouteWithinStack(Object(Illuminate\Routing\Route), Object(Illuminate\Http\Request))
#21 /home1/kmalith2/eonepisode/vendor/laravel/framework/src/Illuminate/Routing/Router.php(618): Illuminate\Routing\Router->dispatchToRoute(Object(Illuminate\Http\Request))
#22 /home1/kmalith2/eonepisode/vendor/laravel/framework/src/Illuminate/Foundation/Http/Kernel.php(210): Illuminate\Routing\Router->dispatch(Object(Illuminate\Http\Request))
#23 [internal function]: Illuminate\Foundation\Http\Kernel->Illuminate\Foundation\Http\{closure}(Object(Illuminate\Http\Request))
#24 /home1/kmalith2/eonepisode/vendor/laravel/framework/src/Illuminate/Pipeline/Pipeline.php(141): call_user_func(Object(Closure), Object(Illuminate\Http\Request))
#25 /home1/kmalith2/eonepisode/vendor/laravel/framework/src/Illuminate/Foundation/Http/Middleware/VerifyCsrfToken.php(43): Illuminate\Pipeline\Pipeline->Illuminate\Pipeline\{closure}(Object(Illuminate\Http\Request))
#26 /home1/kmalith2/eonepisode/app/Http/Middleware/VerifyCsrfToken.php(17): Illuminate\Foundation\Http\Middleware\VerifyCsrfToken->handle(Object(Illuminate\Http\Request), Object(Closure))
#27 /home1/kmalith2/eonepisode/vendor/laravel/framework/src/Illuminate/Pipeline/Pipeline.php(125): App\Http\Middleware\VerifyCsrfToken->handle(Object(Illuminate\Http\Request), Object(Closure))
#28 /home1/kmalith2/eonepisode/vendor/laravel/framework/src/Illuminate/View/Middleware/ShareErrorsFromSession.php(55): Illuminate\Pipeline\Pipeline->Illuminate\Pipeline\{closure}(Object(Illuminate\Http\Request))
#29 /home1/kmalith2/eonepisode/vendor/laravel/framework/src/Illuminate/Pipeline/Pipeline.php(125): Illuminate\View\Middleware\ShareErrorsFromSession->handle(Object(Illuminate\Http\Request), Object(Closure))
#30 /home1/kmalith2/eonepisode/vendor/laravel/framework/src/Illuminate/Session/Middleware/StartSession.php(61): Illuminate\Pipeline\Pipeline->Illuminate\Pipeline\{closure}(Object(Illuminate\Http\Request))
#31 /home1/kmalith2/eonepisode/vendor/laravel/framework/src/Illuminate/Pipeline/Pipeline.php(125): Illuminate\Session\Middleware\StartSession->handle(Object(Illuminate\Http\Request), Object(Closure))
#32 /home1/kmalith2/eonepisode/vendor/laravel/framework/src/Illuminate/Cookie/Middleware/AddQueuedCookiesToResponse.php(36): Illuminate\Pipeline\Pipeline->Illuminate\Pipeline\{closure}(Object(Illuminate\Http\Request))
#33 /home1/kmalith2/eonepisode/vendor/laravel/framework/src/Illuminate/Pipeline/Pipeline.php(125): Illuminate\Cookie\Middleware\AddQueuedCookiesToResponse->handle(Object(Illuminate\Http\Request), Object(Closure))
#34 /home1/kmalith2/eonepisode/vendor/laravel/framework/src/Illuminate/Cookie/Middleware/EncryptCookies.php(40): Illuminate\Pipeline\Pipeline->Illuminate\Pipeline\{closure}(Object(Illuminate\Http\Request))
#35 /home1/kmalith2/eonepisode/vendor/laravel/framework/src/Illuminate/Pipeline/Pipeline.php(125): Illuminate\Cookie\Middleware\EncryptCookies->handle(Object(Illuminate\Http\Request), Object(Closure))
#36 /home1/kmalith2/eonepisode/app/Http/Middleware/CheckForMaintenanceMode.php(26): Illuminate\Pipeline\Pipeline->Illuminate\Pipeline\{closure}(Object(Illuminate\Http\Request))
#37 /home1/kmalith2/eonepisode/vendor/laravel/framework/src/Illuminate/Pipeline/Pipeline.php(125): App\Http\Middleware\CheckForMaintenanceMode->handle(Object(Illuminate\Http\Request), Object(Closure))
#38 [internal function]: Illuminate\Pipeline\Pipeline->Illuminate\Pipeline\{closure}(Object(Illuminate\Http\Request))
#39 /home1/kmalith2/eonepisode/vendor/laravel/framework/src/Illuminate/Pipeline/Pipeline.php(100): call_user_func(Object(Closure), Object(Illuminate\Http\Request))
#40 /home1/kmalith2/eonepisode/vendor/laravel/framework/src/Illuminate/Foundation/Http/Kernel.php(111): Illuminate\Pipeline\Pipeline->then(Object(Closure))
#41 /home1/kmalith2/eonepisode/vendor/laravel/framework/src/Illuminate/Foundation/Http/Kernel.php(84): Illuminate\Foundation\Http\Kernel->sendRequestThroughRouter(Object(Illuminate\Http\Request))
#42 /home1/kmalith2/public_html/index.php(53): Illuminate\Foundation\Http\Kernel->handle(Object(Illuminate\Http\Request))
#43 {main}

Next ErrorException: include(/home1/kmalith2/eonepisode/storage/framework/views/8391c3b82856b854488e7edc8da611b0): failed to open stream: No such file or directory (View: /home1/kmalith2/eonepisode/resources/views/layout/partials/head.blade.php) (View: /home1/kmalith2/eonepisode/resources/views/layout/partials/head.blade.php) (View: /home1/kmalith2/eonepisode/resources/views/layout/partials/head.blade.php) in /home1/kmalith2/eonepisode/vendor/laravel/framework/src/Illuminate/View/Engines/PhpEngine.php:39
Stack trace:
#0 /home1/kmalith2/eonepisode/vendor/laravel/framework/src/Illuminate/View/Engines/PhpEngine.php(43): Illuminate\View\Engines\CompilerEngine->handleViewException(Object(ErrorException), 0)
#1 /home1/kmalith2/eonepisode/vendor/laravel/framework/src/Illuminate/View/Engines/CompilerEngine.php(57): Illuminate\View\Engines\PhpEngine->evaluatePath('/home1/kmalith2...', Array)
#2 /home1/kmalith2/eonepisode/vendor/laravel/framework/src/Illuminate/View/View.php(136): Illuminate\View\Engines\CompilerEngine->get('/home1/kmalith2...', Array)
#3 /home1/kmalith2/eonepisode/vendor/laravel/framework/src/Illuminate/View/View.php(104): Illuminate\View\View->getContents()
#4 /home1/kmalith2/eonepisode/vendor/laravel/framework/src/Illuminate/View/View.php(78): Illuminate\View\View->renderContents()
#5 /home1/kmalith2/eonepisode/vendor/laravel/framework/src/Illuminate/Http/Response.php(44): Illuminate\View\View->render()
#6 /home1/kmalith2/eonepisode/vendor/symfony/http-foundation/Symfony/Component/HttpFoundation/Response.php(202): Illuminate\Http\Response->setContent(Object(Illuminate\View\View))
#7 /home1/kmalith2/eonepisode/vendor/laravel/framework/src/Illuminate/Routing/Router.php(1188): Symfony\Component\HttpFoundation\Response->__construct(Object(Illuminate\View\View))
#8 /home1/kmalith2/eonepisode/vendor/laravel/framework/src/Illuminate/Routing/Router.php(691): Illuminate\Routing\Router->prepareResponse(Object(Illuminate\Http\Request), Object(Illuminate\View\View))
#9 [internal function]: Illuminate\Routing\Router->Illuminate\Routing\{closure}(Object(Illuminate\Http\Request))
#10 /home1/kmalith2/eonepisode/vendor/laravel/framework/src/Illuminate/Pipeline/Pipeline.php(141): call_user_func(Object(Closure), Object(Illuminate\Http\Request))
#11 [internal function]: Illuminate\Pipeline\Pipeline->Illuminate\Pipeline\{closure}(Object(Illuminate\Http\Request))
#12 /home1/kmalith2/eonepisode/vendor/laravel/framework/src/Illuminate/Pipeline/Pipeline.php(100): call_user_func(Object(Closure), Object(Illuminate\Http\Request))
#13 /home1/kmalith2/eonepisode/vendor/laravel/framework/src/Illuminate/Routing/Router.php(693): Illuminate\Pipeline\Pipeline->then(Object(Closure))
#14 /home1/kmalith2/eonepisode/vendor/laravel/framework/src/Illuminate/Routing/Router.php(659): Illuminate\Routing\Router->runRouteWithinStack(Object(Illuminate\Routing\Route), Object(Illuminate\Http\Request))
#15 /home1/kmalith2/eonepisode/vendor/laravel/framework/src/Illuminate/Routing/Router.php(618): Illuminate\Routing\Router->dispatchToRoute(Object(Illuminate\Http\Request))
#16 /home1/kmalith2/eonepisode/vendor/laravel/framework/src/Illuminate/Foundation/Http/Kernel.php(210): Illuminate\Routing\Router->dispatch(Object(Illuminate\Http\Request))
#17 [internal function]: Illuminate\Foundation\Http\Kernel->Illuminate\Foundation\Http\{closure}(Object(Illuminate\Http\Request))
#18 /home1/kmalith2/eonepisode/vendor/laravel/framework/src/Illuminate/Pipeline/Pipeline.php(141): call_user_func(Object(Closure), Object(Illuminate\Http\Request))
#19 /home1/kmalith2/eonepisode/vendor/laravel/framework/src/Illuminate/Foundation/Http/Middleware/VerifyCsrfToken.php(43): Illuminate\Pipeline\Pipeline->Illuminate\Pipeline\{closure}(Object(Illuminate\Http\Request))
#20 /home1/kmalith2/eonepisode/app/Http/Middleware/VerifyCsrfToken.php(17): Illuminate\Foundation\Http\Middleware\VerifyCsrfToken->handle(Object(Illuminate\Http\Request), Object(Closure))
#21 /home1/kmalith2/eonepisode/vendor/laravel/framework/src/Illuminate/Pipeline/Pipeline.php(125): App\Http\Middleware\VerifyCsrfToken->handle(Object(Illuminate\Http\Request), Object(Closure))
#22 /home1/kmalith2/eonepisode/vendor/laravel/framework/src/Illuminate/View/Middleware/ShareErrorsFromSession.php(55): Illuminate\Pipeline\Pipeline->Illuminate\Pipeline\{closure}(Object(Illuminate\Http\Request))
#23 /home1/kmalith2/eonepisode/vendor/laravel/framework/src/Illuminate/Pipeline/Pipeline.php(125): Illuminate\View\Middleware\ShareErrorsFromSession->handle(Object(Illuminate\Http\Request), Object(Closure))
#24 /home1/kmalith2/eonepisode/vendor/laravel/framework/src/Illuminate/Session/Middleware/StartSession.php(61): Illuminate\Pipeline\Pipeline->Illuminate\Pipeline\{closure}(Object(Illuminate\Http\Request))
#25 /home1/kmalith2/eonepisode/vendor/laravel/framework/src/Illuminate/Pipeline/Pipeline.php(125): Illuminate\Session\Middleware\StartSession->handle(Object(Illuminate\Http\Request), Object(Closure))
#26 /home1/kmalith2/eonepisode/vendor/laravel/framework/src/Illuminate/Cookie/Middleware/AddQueuedCookiesToResponse.php(36): Illuminate\Pipeline\Pipeline->Illuminate\Pipeline\{closure}(Object(Illuminate\Http\Request))
#27 /home1/kmalith2/eonepisode/vendor/laravel/framework/src/Illuminate/Pipeline/Pipeline.php(125): Illuminate\Cookie\Middleware\AddQueuedCookiesToResponse->handle(Object(Illuminate\Http\Request), Object(Closure))
#28 /home1/kmalith2/eonepisode/vendor/laravel/framework/src/Illuminate/Cookie/Middleware/EncryptCookies.php(40): Illuminate\Pipeline\Pipeline->Illuminate\Pipeline\{closure}(Object(Illuminate\Http\Request))
#29 /home1/kmalith2/eonepisode/vendor/laravel/framework/src/Illuminate/Pipeline/Pipeline.php(125): Illuminate\Cookie\Middleware\EncryptCookies->handle(Object(Illuminate\Http\Request), Object(Closure))
#30 /home1/kmalith2/eonepisode/app/Http/Middleware/CheckForMaintenanceMode.php(26): Illuminate\Pipeline\Pipeline->Illuminate\Pipeline\{closure}(Object(Illuminate\Http\Request))
#31 /home1/kmalith2/eonepisode/vendor/laravel/framework/src/Illuminate/Pipeline/Pipeline.php(125): App\Http\Middleware\CheckForMaintenanceMode->handle(Object(Illuminate\Http\Request), Object(Closure))
#32 [internal function]: Illuminate\Pipeline\Pipeline->Illuminate\Pipeline\{closure}(Object(Illuminate\Http\Request))
#33 /home1/kmalith2/eonepisode/vendor/laravel/framework/src/Illuminate/Pipeline/Pipeline.php(100): call_user_func(Object(Closure), Object(Illuminate\Http\Request))
#34 /home1/kmalith2/eonepisode/vendor/laravel/framework/src/Illuminate/Foundation/Http/Kernel.php(111): Illuminate\Pipeline\Pipeline->then(Object(Closure))
#35 /home1/kmalith2/eonepisode/vendor/laravel/framework/src/Illuminate/Foundation/Http/Kernel.php(84): Illuminate\Foundation\Http\Kernel->sendRequestThroughRouter(Object(Illuminate\Http\Request))
#36 /home1/kmalith2/public_html/index.php(53): Illuminate\Foundation\Http\Kernel->handle(Object(Illuminate\Http\Request))
#37 {main}  
[2026-09-08 01:03:21] local.ERROR: Illuminate\Session\TokenMismatchException in /home1/kmalith2/eonepisode/vendor/laravel/framework/src/Illuminate/Foundation/Http/Middleware/VerifyCsrfToken.php:46
Stack trace:
#0 /home1/kmalith2/eonepisode/app/Http/Middleware/VerifyCsrfToken.php(17): Illuminate\Foundation\Http\Middleware\VerifyCsrfToken->handle(Object(Illuminate\Http\Request), Object(Closure))
#1 /home1/kmalith2/eonepisode/vendor/laravel/framework/src/Illuminate/Pipeline/Pipeline.php(125): App\Http\Middleware\VerifyCsrfToken->handle(Object(Illuminate\Http\Request), Object(Closure))
#2 /home1/kmalith2/eonepisode/vendor/laravel/framework/src/Illuminate/View/Middleware/ShareErrorsFromSession.php(55): Illuminate\Pipeline\Pipeline->Illuminate\Pipeline\{closure}(Object(Illuminate\Http\Request))
#3 /home1/kmalith2/eonepisode/vendor/laravel/framework/src/Illuminate/Pipeline/Pipeline.php(125): Illuminate\View\Middleware\ShareErrorsFromSession->handle(Object(Illuminate\Http\Request), Object(Closure))
#4 /home1/kmalith2/eonepisode/vendor/laravel/framework/src/Illuminate/Session/Middleware/StartSession.php(61): Illuminate\Pipeline\Pipeline->Illuminate\Pipeline\{closure}(Object(Illuminate\Http\Request))
#5 /home1/kmalith2/eonepisode/vendor/laravel/framework/src/Illuminate/Pipeline/Pipeline.php(125): Illuminate\Session\Middleware\StartSession->handle(Object(Illuminate\Http\Request), Object(Closure))
#6 /home1/kmalith2/eonepisode/vendor/laravel/framework/src/Illuminate/Cookie/Middleware/AddQueuedCookiesToResponse.php(36): Illuminate\Pipeline\Pipeline->Illuminate\Pipeline\{closure}(Object(Illuminate\Http\Request))
#7 /home1/kmalith2/eonepisode/vendor/laravel/framework/src/Illuminate/Pipeline/Pipeline.php(125): Illuminate\Cookie\Middleware\AddQueuedCookiesToResponse->handle(Object(Illuminate\Http\Request), Object(Closure))
#8 /home1/kmalith2/eonepisode/vendor/laravel/framework/src/Illuminate/Cookie/Middleware/EncryptCookies.php(40): Illuminate\Pipeline\Pipeline->Illuminate\Pipeline\{closure}(Object(Illuminate\Http\Request))
#9 /home1/kmalith2/eonepisode/vendor/laravel/framework/src/Illuminate/Pipeline/Pipeline.php(125): Illuminate\Cookie\Middleware\EncryptCookies->handle(Object(Illuminate\Http\Request), Object(Closure))
#10 /home1/kmalith2/eonepisode/app/Http/Middleware/CheckForMaintenanceMode.php(26): Illuminate\Pipeline\Pipeline->Illuminate\Pipeline\{closure}(Object(Illuminate\Http\Request))
#11 /home1/kmalith2/eonepisode/vendor/laravel/framework/src/Illuminate/Pipeline/Pipeline.php(125): App\Http\Middleware\CheckForMaintenanceMode->handle(Object(Illuminate\Http\Request), Object(Closure))
#12 [internal function]: Illuminate\Pipeline\Pipeline->Illuminate\Pipeline\{closure}(Object(Illuminate\Http\Request))
#13 /home1/kmalith2/eonepisode/vendor/laravel/framework/src/Illuminate/Pipeline/Pipeline.php(100): call_user_func(Object(Closure), Object(Illuminate\Http\Request))
#14 /home1/kmalith2/eonepisode/vendor/laravel/framework/src/Illuminate/Foundation/Http/Kernel.php(111): Illuminate\Pipeline\Pipeline->then(Object(Closure))
#15 /home1/kmalith2/eonepisode/vendor/laravel/framework/src/Illuminate/Foundation/Http/Kernel.php(84): Illuminate\Foundation\Http\Kernel->sendRequestThroughRouter(Object(Illuminate\Http\Request))
#16 /home1/kmalith2/public_html/index.php(53): Illuminate\Foundation\Http\Kernel->handle(Object(Illuminate\Http\Request))
#17 {main}  
[2026-09-08 01:03:21] local.ERROR: Illuminate\Session\TokenMismatchException in /home1/kmalith2/eonepisode/vendor/laravel/framework/src/Illuminate/Foundation/Http/Middleware/VerifyCsrfToken.php:46
Stack trace:
#0 /home1/kmalith2/eonepisode/app/Http/Middleware/VerifyCsrfToken.php(17): Illuminate\Foundation\Http\Middleware\VerifyCsrfToken->handle(Object(Illuminate\Http\Request), Object(Closure))
#1 /home1/kmalith2/eonepisode/vendor/laravel/framework/src/Illuminate/Pipeline/Pipeline.php(125): App\Http\Middleware\VerifyCsrfToken->handle(Object(Illuminate\Http\Request), Object(Closure))
#2 /home1/kmalith2/eonepisode/vendor/laravel/framework/src/Illuminate/View/Middleware/ShareErrorsFromSession.php(55): Illuminate\Pipeline\Pipeline->Illuminate\Pipeline\{closure}(Object(Illuminate\Http\Request))
#3 /home1/kmalith2/eonepisode/vendor/laravel/framework/src/Illuminate/Pipeline/Pipeline.php(125): Illuminate\View\Middleware\ShareErrorsFromSession->handle(Object(Illuminate\Http\Request), Object(Closure))
#4 /home1/kmalith2/eonepisode/vendor/laravel/framework/src/Illuminate/Session/Middleware/StartSession.php(61): Illuminate\Pipeline\Pipeline->Illuminate\Pipeline\{closure}(Object(Illuminate\Http\Request))
#5 /home1/kmalith2/eonepisode/vendor/laravel/framework/src/Illuminate/Pipeline/Pipeline.php(125): Illuminate\Session\Middleware\StartSession->handle(Object(Illuminate\Http\Request), Object(Closure))
#6 /home1/kmalith2/eonepisode/vendor/laravel/framework/src/Illuminate/Cookie/Middleware/AddQueuedCookiesToResponse.php(36): Illuminate\Pipeline\Pipeline->Illuminate\Pipeline\{closure}(Object(Illuminate\Http\Request))
#7 /home1/kmalith2/eonepisode/vendor/laravel/framework/src/Illuminate/Pipeline/Pipeline.php(125): Illuminate\Cookie\Middleware\AddQueuedCookiesToResponse->handle(Object(Illuminate\Http\Request), Object(Closure))
#8 /home1/kmalith2/eonepisode/vendor/laravel/framework/src/Illuminate/Cookie/Middleware/EncryptCookies.php(40): Illuminate\Pipeline\Pipeline->Illuminate\Pipeline\{closure}(Object(Illuminate\Http\Request))
#9 /home1/kmalith2/eonepisode/vendor/laravel/framework/src/Illuminate/Pipeline/Pipeline.php(125): Illuminate\Cookie\Middleware\EncryptCookies->handle(Object(Illuminate\Http\Request), Object(Closure))
#10 /home1/kmalith2/eonepisode/app/Http/Middleware/CheckForMaintenanceMode.php(26): Illuminate\Pipeline\Pipeline->Illuminate\Pipeline\{closure}(Object(Illuminate\Http\Request))
#11 /home1/kmalith2/eonepisode/vendor/laravel/framework/src/Illuminate/Pipeline/Pipeline.php(125): App\Http\Middleware\CheckForMaintenanceMode->handle(Object(Illuminate\Http\Request), Object(Closure))
#12 [internal function]: Illuminate\Pipeline\Pipeline->Illuminate\Pipeline\{closure}(Object(Illuminate\Http\Request))
#13 /home1/kmalith2/eonepisode/vendor/laravel/framework/src/Illuminate/Pipeline/Pipeline.php(100): call_user_func(Object(Closure), Object(Illuminate\Http\Request))
#14 /home1/kmalith2/eonepisode/vendor/laravel/framework/src/Illuminate/Foundation/Http/Kernel.php(111): Illuminate\Pipeline\Pipeline->then(Object(Closure))
#15 /home1/kmalith2/eonepisode/vendor/laravel/framework/src/Illuminate/Foundation/Http/Kernel.php(84): Illuminate\Foundation\Http\Kernel->sendRequestThroughRouter(Object(Illuminate\Http\Request))
#16 /home1/kmalith2/public_html/index.php(53): Illuminate\Foundation\Http\Kernel->handle(Object(Illuminate\Http\Request))
#17 {main}  
[2026-09-08 01:03:22] local.ERROR: Illuminate\Session\TokenMismatchException in /home1/kmalith2/eonepisode/vendor/laravel/framework/src/Illuminate/Foundation/Http/Middleware/VerifyCsrfToken.php:46
Stack trace:
#0 /home1/kmalith2/eonepisode/app/Http/Middleware/VerifyCsrfToken.php(17): Illuminate\Foundation\Http\Middleware\VerifyCsrfToken->handle(Object(Illuminate\Http\Request), Object(Closure))
#1 /home1/kmalith2/eonepisode/vendor/laravel/framework/src/Illuminate/Pipeline/Pipeline.php(125): App\Http\Middleware\VerifyCsrfToken->handle(Object(Illuminate\Http\Request), Object(Closure))
#2 /home1/kmalith2/eonepisode/vendor/laravel/framework/src/Illuminate/View/Middleware/ShareErrorsFromSession.php(55): Illuminate\Pipeline\Pipeline->Illuminate\Pipeline\{closure}(Object(Illuminate\Http\Request))
#3 /home1/kmalith2/eonepisode/vendor/laravel/framework/src/Illuminate/Pipeline/Pipeline.php(125): Illuminate\View\Middleware\ShareErrorsFromSession->handle(Object(Illuminate\Http\Request), Object(Closure))
#4 /home1/kmalith2/eonepisode/vendor/laravel/framework/src/Illuminate/Session/Middleware/StartSession.php(61): Illuminate\Pipeline\Pipeline->Illuminate\Pipeline\{closure}(Object(Illuminate\Http\Request))
#5 /home1/kmalith2/eonepisode/vendor/laravel/framework/src/Illuminate/Pipeline/Pipeline.php(125): Illuminate\Session\Middleware\StartSession->handle(Object(Illuminate\Http\Request), Object(Closure))
#6 /home1/kmalith2/eonepisode/vendor/laravel/framework/src/Illuminate/Cookie/Middleware/AddQueuedCookiesToResponse.php(36): Illuminate\Pipeline\Pipeline->Illuminate\Pipeline\{closure}(Object(Illuminate\Http\Request))
#7 /home1/kmalith2/eonepisode/vendor/laravel/framework/src/Illuminate/Pipeline/Pipeline.php(125): Illuminate\Cookie\Middleware\AddQueuedCookiesToResponse->handle(Object(Illuminate\Http\Request), Object(Closure))
#8 /home1/kmalith2/eonepisode/vendor/laravel/framework/src/Illuminate/Cookie/Middleware/EncryptCookies.php(40): Illuminate\Pipeline\Pipeline->Illuminate\Pipeline\{closure}(Object(Illuminate\Http\Request))
#9 /home1/kmalith2/eonepisode/vendor/laravel/framework/src/Illuminate/Pipeline/Pipeline.php(125): Illuminate\Cookie\Middleware\EncryptCookies->handle(Object(Illuminate\Http\Request), Object(Closure))
#10 /home1/kmalith2/eonepisode/app/Http/Middleware/CheckForMaintenanceMode.php(26): Illuminate\Pipeline\Pipeline->Illuminate\Pipeline\{closure}(Object(Illuminate\Http\Request))
#11 /home1/kmalith2/eonepisode/vendor/laravel/framework/src/Illuminate/Pipeline/Pipeline.php(125): App\Http\Middleware\CheckForMaintenanceMode->handle(Object(Illuminate\Http\Request), Object(Closure))
#12 [internal function]: Illuminate\Pipeline\Pipeline->Illuminate\Pipeline\{closure}(Object(Illuminate\Http\Request))
#13 /home1/kmalith2/eonepisode/vendor/laravel/framework/src/Illuminate/Pipeline/Pipeline.php(100): call_user_func(Object(Closure), Object(Illuminate\Http\Request))
#14 /home1/kmalith2/eonepisode/vendor/laravel/framework/src/Illuminate/Foundation/Http/Kernel.php(111): Illuminate\Pipeline\Pipeline->then(Object(Closure))
#15 /home1/kmalith2/eonepisode/vendor/laravel/framework/src/Illuminate/Foundation/Http/Kernel.php(84): Illuminate\Foundation\Http\Kernel->sendRequestThroughRouter(Object(Illuminate\Http\Request))
#16 /home1/kmalith2/public_html/index.php(53): Illuminate\Foundation\Http\Kernel->handle(Object(Illuminate\Http\Request))
#17 {main}  
[2026-09-08 01:03:22] local.ERROR: Illuminate\Session\TokenMismatchException in /home1/kmalith2/eonepisode/vendor/laravel/framework/src/Illuminate/Foundation/Http/Middleware/VerifyCsrfToken.php:46
Stack trace:
#0 /home1/kmalith2/eonepisode/app/Http/Middleware/VerifyCsrfToken.php(17): Illuminate\Foundation\Http\Middleware\VerifyCsrfToken->handle(Object(Illuminate\Http\Request), Object(Closure))
#1 /home1/kmalith2/eonepisode/vendor/laravel/framework/src/Illuminate/Pipeline/Pipeline.php(125): App\Http\Middleware\VerifyCsrfToken->handle(Object(Illuminate\Http\Request), Object(Closure))
#2 /home1/kmalith2/eonepisode/vendor/laravel/framework/src/Illuminate/View/Middleware/ShareErrorsFromSession.php(55): Illuminate\Pipeline\Pipeline->Illuminate\Pipeline\{closure}(Object(Illuminate\Http\Request))
#3 /home1/kmalith2/eonepisode/vendor/laravel/framework/src/Illuminate/Pipeline/Pipeline.php(125): Illuminate\View\Middleware\ShareErrorsFromSession->handle(Object(Illuminate\Http\Request), Object(Closure))
#4 /home1/kmalith2/eonepisode/vendor/laravel/framework/src/Illuminate/Session/Middleware/StartSession.php(61): Illuminate\Pipeline\Pipeline->Illuminate\Pipeline\{closure}(Object(Illuminate\Http\Request))
#5 /home1/kmalith2/eonepisode/vendor/laravel/framework/src/Illuminate/Pipeline/Pipeline.php(125): Illuminate\Session\Middleware\StartSession->handle(Object(Illuminate\Http\Request), Object(Closure))
#6 /home1/kmalith2/eonepisode/vendor/laravel/framework/src/Illuminate/Cookie/Middleware/AddQueuedCookiesToResponse.php(36): Illuminate\Pipeline\Pipeline->Illuminate\Pipeline\{closure}(Object(Illuminate\Http\Request))
#7 /home1/kmalith2/eonepisode/vendor/laravel/framework/src/Illuminate/Pipeline/Pipeline.php(125): Illuminate\Cookie\Middleware\AddQueuedCookiesToResponse->handle(Object(Illuminate\Http\Request), Object(Closure))
#8 /home1/kmalith2/eonepisode/vendor/laravel/framework/src/Illuminate/Cookie/Middleware/EncryptCookies.php(40): Illuminate\Pipeline\Pipeline->Illuminate\Pipeline\{closure}(Object(Illuminate\Http\Request))
#9 /home1/kmalith2/eonepisode/vendor/laravel/framework/src/Illuminate/Pipeline/Pipeline.php(125): Illuminate\Cookie\Middleware\EncryptCookies->handle(Object(Illuminate\Http\Request), Object(Closure))
#10 /home1/kmalith2/eonepisode/app/Http/Middleware/CheckForMaintenanceMode.php(26): Illuminate\Pipeline\Pipeline->Illuminate\Pipeline\{closure}(Object(Illuminate\Http\Request))
#11 /home1/kmalith2/eonepisode/vendor/laravel/framework/src/Illuminate/Pipeline/Pipeline.php(125): App\Http\Middleware\CheckForMaintenanceMode->handle(Object(Illuminate\Http\Request), Object(Closure))
#12 [internal function]: Illuminate\Pipeline\Pipeline->Illuminate\Pipeline\{closure}(Object(Illuminate\Http\Request))
#13 /home1/kmalith2/eonepisode/vendor/laravel/framework/src/Illuminate/Pipeline/Pipeline.php(100): call_user_func(Object(Closure), Object(Illuminate\Http\Request))
#14 /home1/kmalith2/eonepisode/vendor/laravel/framework/src/Illuminate/Foundation/Http/Kernel.php(111): Illuminate\Pipeline\Pipeline->then(Object(Closure))
#15 /home1/kmalith2/eonepisode/vendor/laravel/framework/src/Illuminate/Foundation/Http/Kernel.php(84): Illuminate\Foundation\Http\Kernel->sendRequestThroughRouter(Object(Illuminate\Http\Request))
#16 /home1/kmalith2/public_html/index.php(53): Illuminate\Foundation\Http\Kernel->handle(Object(Illuminate\Http\Request))
#17 {main}  
[2026-09-08 01:18:16] local.ERROR: Illuminate\Session\TokenMismatchException in /home1/kmalith2/eonepisode/vendor/laravel/framework/src/Illuminate/Foundation/Http/Middleware/VerifyCsrfToken.php:46
Stack trace:
#0 /home1/kmalith2/eonepisode/app/Http/Middleware/VerifyCsrfToken.php(17): Illuminate\Foundation\Http\Middleware\VerifyCsrfToken->handle(Object(Illuminate\Http\Request), Object(Closure))
#1 /home1/kmalith2/eonepisode/vendor/laravel/framework/src/Illuminate/Pipeline/Pipeline.php(125): App\Http\Middleware\VerifyCsrfToken->handle(Object(Illuminate\Http\Request), Object(Closure))
#2 /home1/kmalith2/eonepisode/vendor/laravel/framework/src/Illuminate/View/Middleware/ShareErrorsFromSession.php(55): Illuminate\Pipeline\Pipeline->Illuminate\Pipeline\{closure}(Object(Illuminate\Http\Request))
#3 /home1/kmalith2/eonepisode/vendor/laravel/framework/src/Illuminate/Pipeline/Pipeline.php(125): Illuminate\View\Middleware\ShareErrorsFromSession->handle(Object(Illuminate\Http\Request), Object(Closure))
#4 /home1/kmalith2/eonepisode/vendor/laravel/framework/src/Illuminate/Session/Middleware/StartSession.php(61): Illuminate\Pipeline\Pipeline->Illuminate\Pipeline\{closure}(Object(Illuminate\Http\Request))
#5 /home1/kmalith2/eonepisode/vendor/laravel/framework/src/Illuminate/Pipeline/Pipeline.php(125): Illuminate\Session\Middleware\StartSession->handle(Object(Illuminate\Http\Request), Object(Closure))
#6 /home1/kmalith2/eonepisode/vendor/laravel/framework/src/Illuminate/Cookie/Middleware/AddQueuedCookiesToResponse.php(36): Illuminate\Pipeline\Pipeline->Illuminate\Pipeline\{closure}(Object(Illuminate\Http\Request))
#7 /home1/kmalith2/eonepisode/vendor/laravel/framework/src/Illuminate/Pipeline/Pipeline.php(125): Illuminate\Cookie\Middleware\AddQueuedCookiesToResponse->handle(Object(Illuminate\Http\Request), Object(Closure))
#8 /home1/kmalith2/eonepisode/vendor/laravel/framework/src/Illuminate/Cookie/Middleware/EncryptCookies.php(40): Illuminate\Pipeline\Pipeline->Illuminate\Pipeline\{closure}(Object(Illuminate\Http\Request))
#9 /home1/kmalith2/eonepisode/vendor/laravel/framework/src/Illuminate/Pipeline/Pipeline.php(125): Illuminate\Cookie\Middleware\EncryptCookies->handle(Object(Illuminate\Http\Request), Object(Closure))
#10 /home1/kmalith2/eonepisode/app/Http/Middleware/CheckForMaintenanceMode.php(26): Illuminate\Pipeline\Pipeline->Illuminate\Pipeline\{closure}(Object(Illuminate\Http\Request))
#11 /home1/kmalith2/eonepisode/vendor/laravel/framework/src/Illuminate/Pipeline/Pipeline.php(125): App\Http\Middleware\CheckForMaintenanceMode->handle(Object(Illuminate\Http\Request), Object(Closure))
#12 [internal function]: Illuminate\Pipeline\Pipeline->Illuminate\Pipeline\{closure}(Object(Illuminate\Http\Request))
#13 /home1/kmalith2/eonepisode/vendor/laravel/framework/src/Illuminate/Pipeline/Pipeline.php(100): call_user_func(Object(Closure), Object(Illuminate\Http\Request))
#14 /home1/kmalith2/eonepisode/vendor/laravel/framework/src/Illuminate/Foundation/Http/Kernel.php(111): Illuminate\Pipeline\Pipeline->then(Object(Closure))
#15 /home1/kmalith2/eonepisode/vendor/laravel/framework/src/Illuminate/Foundation/Http/Kernel.php(84): Illuminate\Foundation\Http\Kernel->sendRequestThroughRouter(Object(Illuminate\Http\Request))
#16 /home1/kmalith2/public_html/index.php(53): Illuminate\Foundation\Http\Kernel->handle(Object(Illuminate\Http\Request))
#17 {main}  
[2026-09-08 05:44:47] local.ERROR: Illuminate\Session\TokenMismatchException in /home1/kmalith2/eonepisode/vendor/laravel/framework/src/Illuminate/Foundation/Http/Middleware/VerifyCsrfToken.php:46
Stack trace:
#0 /home1/kmalith2/eonepisode/app/Http/Middleware/VerifyCsrfToken.php(17): Illuminate\Foundation\Http\Middleware\VerifyCsrfToken->handle(Object(Illuminate\Http\Request), Object(Closure))
#1 /home1/kmalith2/eonepisode/vendor/laravel/framework/src/Illuminate/Pipeline/Pipeline.php(125): App\Http\Middleware\VerifyCsrfToken->handle(Object(Illuminate\Http\Request), Object(Closure))
#2 /home1/kmalith2/eonepisode/vendor/laravel/framework/src/Illuminate/View/Middleware/ShareErrorsFromSession.php(55): Illuminate\Pipeline\Pipeline->Illuminate\Pipeline\{closure}(Object(Illuminate\Http\Request))
#3 /home1/kmalith2/eonepisode/vendor/laravel/framework/src/Illuminate/Pipeline/Pipeline.php(125): Illuminate\View\Middleware\ShareErrorsFromSession->handle(Object(Illuminate\Http\Request), Object(Closure))
#4 /home1/kmalith2/eonepisode/vendor/laravel/framework/src/Illuminate/Session/Middleware/StartSession.php(61): Illuminate\Pipeline\Pipeline->Illuminate\Pipeline\{closure}(Object(Illuminate\Http\Request))
#5 /home1/kmalith2/eonepisode/vendor/laravel/framework/src/Illuminate/Pipeline/Pipeline.php(125): Illuminate\Session\Middleware\StartSession->handle(Object(Illuminate\Http\Request), Object(Closure))
#6 /home1/kmalith2/eonepisode/vendor/laravel/framework/src/Illuminate/Cookie/Middleware/AddQueuedCookiesToResponse.php(36): Illuminate\Pipeline\Pipeline->Illuminate\Pipeline\{closure}(Object(Illuminate\Http\Request))
#7 /home1/kmalith2/eonepisode/vendor/laravel/framework/src/Illuminate/Pipeline/Pipeline.php(125): Illuminate\Cookie\Middleware\AddQueuedCookiesToResponse->handle(Object(Illuminate\Http\Request), Object(Closure))
#8 /home1/kmalith2/eonepisode/vendor/laravel/framework/src/Illuminate/Cookie/Middleware/EncryptCookies.php(40): Illuminate\Pipeline\Pipeline->Illuminate\Pipeline\{closure}(Object(Illuminate\Http\Request))
#9 /home1/kmalith2/eonepisode/vendor/laravel/framework/src/Illuminate/Pipeline/Pipeline.php(125): Illuminate\Cookie\Middleware\EncryptCookies->handle(Object(Illuminate\Http\Request), Object(Closure))
#10 /home1/kmalith2/eonepisode/app/Http/Middleware/CheckForMaintenanceMode.php(26): Illuminate\Pipeline\Pipeline->Illuminate\Pipeline\{closure}(Object(Illuminate\Http\Request))
#11 /home1/kmalith2/eonepisode/vendor/laravel/framework/src/Illuminate/Pipeline/Pipeline.php(125): App\Http\Middleware\CheckForMaintenanceMode->handle(Object(Illuminate\Http\Request), Object(Closure))
#12 [internal function]: Illuminate\Pipeline\Pipeline->Illuminate\Pipeline\{closure}(Object(Illuminate\Http\Request))
#13 /home1/kmalith2/eonepisode/vendor/laravel/framework/src/Illuminate/Pipeline/Pipeline.php(100): call_user_func(Object(Closure), Object(Illuminate\Http\Request))
#14 /home1/kmalith2/eonepisode/vendor/laravel/framework/src/Illuminate/Foundation/Http/Kernel.php(111): Illuminate\Pipeline\Pipeline->then(Object(Closure))
#15 /home1/kmalith2/eonepisode/vendor/laravel/framework/src/Illuminate/Foundation/Http/Kernel.php(84): Illuminate\Foundation\Http\Kernel->sendRequestThroughRouter(Object(Illuminate\Http\Request))
#16 /home1/kmalith2/public_html/index.php(53): Illuminate\Foundation\Http\Kernel->handle(Object(Illuminate\Http\Request))
#17 {main}  
[2026-09-08 08:04:29] local.ERROR: Illuminate\Session\TokenMismatchException in /home1/kmalith2/eonepisode/vendor/laravel/framework/src/Illuminate/Foundation/Http/Middleware/VerifyCsrfToken.php:46
Stack trace:
#0 /home1/kmalith2/eonepisode/app/Http/Middleware/VerifyCsrfToken.php(17): Illuminate\Foundation\Http\Middleware\VerifyCsrfToken->handle(Object(Illuminate\Http\Request), Object(Closure))
#1 /home1/kmalith2/eonepisode/vendor/laravel/framework/src/Illuminate/Pipeline/Pipeline.php(125): App\Http\Middleware\VerifyCsrfToken->handle(Object(Illuminate\Http\Request), Object(Closure))
#2 /home1/kmalith2/eonepisode/vendor/laravel/framework/src/Illuminate/View/Middleware/ShareErrorsFromSession.php(55): Illuminate\Pipeline\Pipeline->Illuminate\Pipeline\{closure}(Object(Illuminate\Http\Request))
#3 /home1/kmalith2/eonepisode/vendor/laravel/framework/src/Illuminate/Pipeline/Pipeline.php(125): Illuminate\View\Middleware\ShareErrorsFromSession->handle(Object(Illuminate\Http\Request), Object(Closure))
#4 /home1/kmalith2/eonepisode/vendor/laravel/framework/src/Illuminate/Session/Middleware/StartSession.php(61): Illuminate\Pipeline\Pipeline->Illuminate\Pipeline\{closure}(Object(Illuminate\Http\Request))
#5 /home1/kmalith2/eonepisode/vendor/laravel/framework/src/Illuminate/Pipeline/Pipeline.php(125): Illuminate\Session\Middleware\StartSession->handle(Object(Illuminate\Http\Request), Object(Closure))
#6 /home1/kmalith2/eonepisode/vendor/laravel/framework/src/Illuminate/Cookie/Middleware/AddQueuedCookiesToResponse.php(36): Illuminate\Pipeline\Pipeline->Illuminate\Pipeline\{closure}(Object(Illuminate\Http\Request))
#7 /home1/kmalith2/eonepisode/vendor/laravel/framework/src/Illuminate/Pipeline/Pipeline.php(125): Illuminate\Cookie\Middleware\AddQueuedCookiesToResponse->handle(Object(Illuminate\Http\Request), Object(Closure))
#8 /home1/kmalith2/eonepisode/vendor/laravel/framework/src/Illuminate/Cookie/Middleware/EncryptCookies.php(40): Illuminate\Pipeline\Pipeline->Illuminate\Pipeline\{closure}(Object(Illuminate\Http\Request))
#9 /home1/kmalith2/eonepisode/vendor/laravel/framework/src/Illuminate/Pipeline/Pipeline.php(125): Illuminate\Cookie\Middleware\EncryptCookies->handle(Object(Illuminate\Http\Request), Object(Closure))
#10 /home1/kmalith2/eonepisode/app/Http/Middleware/CheckForMaintenanceMode.php(26): Illuminate\Pipeline\Pipeline->Illuminate\Pipeline\{closure}(Object(Illuminate\Http\Request))
#11 /home1/kmalith2/eonepisode/vendor/laravel/framework/src/Illuminate/Pipeline/Pipeline.php(125): App\Http\Middleware\CheckForMaintenanceMode->handle(Object(Illuminate\Http\Request), Object(Closure))
#12 [internal function]: Illuminate\Pipeline\Pipeline->Illuminate\Pipeline\{closure}(Object(Illuminate\Http\Request))
#13 /home1/kmalith2/eonepisode/vendor/laravel/framework/src/Illuminate/Pipeline/Pipeline.php(100): call_user_func(Object(Closure), Object(Illuminate\Http\Request))
#14 /home1/kmalith2/eonepisode/vendor/laravel/framework/src/Illuminate/Foundation/Http/Kernel.php(111): Illuminate\Pipeline\Pipeline->then(Object(Closure))
#15 /home1/kmalith2/eonepisode/vendor/laravel/framework/src/Illuminate/Foundation/Http/Kernel.php(84): Illuminate\Foundation\Http\Kernel->sendRequestThroughRouter(Object(Illuminate\Http\Request))
#16 /home1/kmalith2/public_html/index.php(53): Illuminate\Foundation\Http\Kernel->handle(Object(Illuminate\Http\Request))
#17 {main}  
[2026-09-08 08:04:29] local.ERROR: Illuminate\Session\TokenMismatchException in /home1/kmalith2/eonepisode/vendor/laravel/framework/src/Illuminate/Foundation/Http/Middleware/VerifyCsrfToken.php:46
Stack trace:
#0 /home1/kmalith2/eonepisode/app/Http/Middleware/VerifyCsrfToken.php(17): Illuminate\Foundation\Http\Middleware\VerifyCsrfToken->handle(Object(Illuminate\Http\Request), Object(Closure))
#1 /home1/kmalith2/eonepisode/vendor/laravel/framework/src/Illuminate/Pipeline/Pipeline.php(125): App\Http\Middleware\VerifyCsrfToken->handle(Object(Illuminate\Http\Request), Object(Closure))
#2 /home1/kmalith2/eonepisode/vendor/laravel/framework/src/Illuminate/View/Middleware/ShareErrorsFromSession.php(55): Illuminate\Pipeline\Pipeline->Illuminate\Pipeline\{closure}(Object(Illuminate\Http\Request))
#3 /home1/kmalith2/eonepisode/vendor/laravel/framework/src/Illuminate/Pipeline/Pipeline.php(125): Illuminate\View\Middleware\ShareErrorsFromSession->handle(Object(Illuminate\Http\Request), Object(Closure))
#4 /home1/kmalith2/eonepisode/vendor/laravel/framework/src/Illuminate/Session/Middleware/StartSession.php(61): Illuminate\Pipeline\Pipeline->Illuminate\Pipeline\{closure}(Object(Illuminate\Http\Request))
#5 /home1/kmalith2/eonepisode/vendor/laravel/framework/src/Illuminate/Pipeline/Pipeline.php(125): Illuminate\Session\Middleware\StartSession->handle(Object(Illuminate\Http\Request), Object(Closure))
#6 /home1/kmalith2/eonepisode/vendor/laravel/framework/src/Illuminate/Cookie/Middleware/AddQueuedCookiesToResponse.php(36): Illuminate\Pipeline\Pipeline->Illuminate\Pipeline\{closure}(Object(Illuminate\Http\Request))
#7 /home1/kmalith2/eonepisode/vendor/laravel/framework/src/Illuminate/Pipeline/Pipeline.php(125): Illuminate\Cookie\Middleware\AddQueuedCookiesToResponse->handle(Object(Illuminate\Http\Request), Object(Closure))
#8 /home1/kmalith2/eonepisode/vendor/laravel/framework/src/Illuminate/Cookie/Middleware/EncryptCookies.php(40): Illuminate\Pipeline\Pipeline->Illuminate\Pipeline\{closure}(Object(Illuminate\Http\Request))
#9 /home1/kmalith2/eonepisode/vendor/laravel/framework/src/Illuminate/Pipeline/Pipeline.php(125): Illuminate\Cookie\Middleware\EncryptCookies->handle(Object(Illuminate\Http\Request), Object(Closure))
#10 /home1/kmalith2/eonepisode/app/Http/Middleware/CheckForMaintenanceMode.php(26): Illuminate\Pipeline\Pipeline->Illuminate\Pipeline\{closure}(Object(Illuminate\Http\Request))
#11 /home1/kmalith2/eonepisode/vendor/laravel/framework/src/Illuminate/Pipeline/Pipeline.php(125): App\Http\Middleware\CheckForMaintenanceMode->handle(Object(Illuminate\Http\Request), Object(Closure))
#12 [internal function]: Illuminate\Pipeline\Pipeline->Illuminate\Pipeline\{closure}(Object(Illuminate\Http\Request))
#13 /home1/kmalith2/eonepisode/vendor/laravel/framework/src/Illuminate/Pipeline/Pipeline.php(100): call_user_func(Object(Closure), Object(Illuminate\Http\Request))
#14 /home1/kmalith2/eonepisode/vendor/laravel/framework/src/Illuminate/Foundation/Http/Kernel.php(111): Illuminate\Pipeline\Pipeline->then(Object(Closure))
#15 /home1/kmalith2/eonepisode/vendor/laravel/framework/src/Illuminate/Foundation/Http/Kernel.php(84): Illuminate\Foundation\Http\Kernel->sendRequestThroughRouter(Object(Illuminate\Http\Request))
#16 /home1/kmalith2/public_html/index.php(53): Illuminate\Foundation\Http\Kernel->handle(Object(Illuminate\Http\Request))
#17 {main}  
[2026-09-08 08:04:29] local.ERROR: Illuminate\Session\TokenMismatchException in /home1/kmalith2/eonepisode/vendor/laravel/framework/src/Illuminate/Foundation/Http/Middleware/VerifyCsrfToken.php:46
Stack trace:
#0 /home1/kmalith2/eonepisode/app/Http/Middleware/VerifyCsrfToken.php(17): Illuminate\Foundation\Http\Middleware\VerifyCsrfToken->handle(Object(Illuminate\Http\Request), Object(Closure))
#1 /home1/kmalith2/eonepisode/vendor/laravel/framework/src/Illuminate/Pipeline/Pipeline.php(125): App\Http\Middleware\VerifyCsrfToken->handle(Object(Illuminate\Http\Request), Object(Closure))
#2 /home1/kmalith2/eonepisode/vendor/laravel/framework/src/Illuminate/View/Middleware/ShareErrorsFromSession.php(55): Illuminate\Pipeline\Pipeline->Illuminate\Pipeline\{closure}(Object(Illuminate\Http\Request))
#3 /home1/kmalith2/eonepisode/vendor/laravel/framework/src/Illuminate/Pipeline/Pipeline.php(125): Illuminate\View\Middleware\ShareErrorsFromSession->handle(Object(Illuminate\Http\Request), Object(Closure))
#4 /home1/kmalith2/eonepisode/vendor/laravel/framework/src/Illuminate/Session/Middleware/StartSession.php(61): Illuminate\Pipeline\Pipeline->Illuminate\Pipeline\{closure}(Object(Illuminate\Http\Request))
#5 /home1/kmalith2/eonepisode/vendor/laravel/framework/src/Illuminate/Pipeline/Pipeline.php(125): Illuminate\Session\Middleware\StartSession->handle(Object(Illuminate\Http\Request), Object(Closure))
#6 /home1/kmalith2/eonepisode/vendor/laravel/framework/src/Illuminate/Cookie/Middleware/AddQueuedCookiesToResponse.php(36): Illuminate\Pipeline\Pipeline->Illuminate\Pipeline\{closure}(Object(Illuminate\Http\Request))
#7 /home1/kmalith2/eonepisode/vendor/laravel/framework/src/Illuminate/Pipeline/Pipeline.php(125): Illuminate\Cookie\Middleware\AddQueuedCookiesToResponse->handle(Object(Illuminate\Http\Request), Object(Closure))
#8 /home1/kmalith2/eonepisode/vendor/laravel/framework/src/Illuminate/Cookie/Middleware/EncryptCookies.php(40): Illuminate\Pipeline\Pipeline->Illuminate\Pipeline\{closure}(Object(Illuminate\Http\Request))
#9 /home1/kmalith2/eonepisode/vendor/laravel/framework/src/Illuminate/Pipeline/Pipeline.php(125): Illuminate\Cookie\Middleware\EncryptCookies->handle(Object(Illuminate\Http\Request), Object(Closure))
#10 /home1/kmalith2/eonepisode/app/Http/Middleware/CheckForMaintenanceMode.php(26): Illuminate\Pipeline\Pipeline->Illuminate\Pipeline\{closure}(Object(Illuminate\Http\Request))
#11 /home1/kmalith2/eonepisode/vendor/laravel/framework/src/Illuminate/Pipeline/Pipeline.php(125): App\Http\Middleware\CheckForMaintenanceMode->handle(Object(Illuminate\Http\Request), Object(Closure))
#12 [internal function]: Illuminate\Pipeline\Pipeline->Illuminate\Pipeline\{closure}(Object(Illuminate\Http\Request))
#13 /home1/kmalith2/eonepisode/vendor/laravel/framework/src/Illuminate/Pipeline/Pipeline.php(100): call_user_func(Object(Closure), Object(Illuminate\Http\Request))
#14 /home1/kmalith2/eonepisode/vendor/laravel/framework/src/Illuminate/Foundation/Http/Kernel.php(111): Illuminate\Pipeline\Pipeline->then(Object(Closure))
#15 /home1/kmalith2/eonepisode/vendor/laravel/framework/src/Illuminate/Foundation/Http/Kernel.php(84): Illuminate\Foundation\Http\Kernel->sendRequestThroughRouter(Object(Illuminate\Http\Request))
#16 /home1/kmalith2/public_html/index.php(53): Illuminate\Foundation\Http\Kernel->handle(Object(Illuminate\Http\Request))
#17 {main}  
[2026-09-08 08:04:30] local.ERROR: Illuminate\Session\TokenMismatchException in /home1/kmalith2/eonepisode/vendor/laravel/framework/src/Illuminate/Foundation/Http/Middleware/VerifyCsrfToken.php:46
Stack trace:
#0 /home1/kmalith2/eonepisode/app/Http/Middleware/VerifyCsrfToken.php(17): Illuminate\Foundation\Http\Middleware\VerifyCsrfToken->handle(Object(Illuminate\Http\Request), Object(Closure))
#1 /home1/kmalith2/eonepisode/vendor/laravel/framework/src/Illuminate/Pipeline/Pipeline.php(125): App\Http\Middleware\VerifyCsrfToken->handle(Object(Illuminate\Http\Request), Object(Closure))
#2 /home1/kmalith2/eonepisode/vendor/laravel/framework/src/Illuminate/View/Middleware/ShareErrorsFromSession.php(55): Illuminate\Pipeline\Pipeline->Illuminate\Pipeline\{closure}(Object(Illuminate\Http\Request))
#3 /home1/kmalith2/eonepisode/vendor/laravel/framework/src/Illuminate/Pipeline/Pipeline.php(125): Illuminate\View\Middleware\ShareErrorsFromSession->handle(Object(Illuminate\Http\Request), Object(Closure))
#4 /home1/kmalith2/eonepisode/vendor/laravel/framework/src/Illuminate/Session/Middleware/StartSession.php(61): Illuminate\Pipeline\Pipeline->Illuminate\Pipeline\{closure}(Object(Illuminate\Http\Request))
#5 /home1/kmalith2/eonepisode/vendor/laravel/framework/src/Illuminate/Pipeline/Pipeline.php(125): Illuminate\Session\Middleware\StartSession->handle(Object(Illuminate\Http\Request), Object(Closure))
#6 /home1/kmalith2/eonepisode/vendor/laravel/framework/src/Illuminate/Cookie/Middleware/AddQueuedCookiesToResponse.php(36): Illuminate\Pipeline\Pipeline->Illuminate\Pipeline\{closure}(Object(Illuminate\Http\Request))
#7 /home1/kmalith2/eonepisode/vendor/laravel/framework/src/Illuminate/Pipeline/Pipeline.php(125): Illuminate\Cookie\Middleware\AddQueuedCookiesToResponse->handle(Object(Illuminate\Http\Request), Object(Closure))
#8 /home1/kmalith2/eonepisode/vendor/laravel/framework/src/Illuminate/Cookie/Middleware/EncryptCookies.php(40): Illuminate\Pipeline\Pipeline->Illuminate\Pipeline\{closure}(Object(Illuminate\Http\Request))
#9 /home1/kmalith2/eonepisode/vendor/laravel/framework/src/Illuminate/Pipeline/Pipeline.php(125): Illuminate\Cookie\Middleware\EncryptCookies->handle(Object(Illuminate\Http\Request), Object(Closure))
#10 /home1/kmalith2/eonepisode/app/Http/Middleware/CheckForMaintenanceMode.php(26): Illuminate\Pipeline\Pipeline->Illuminate\Pipeline\{closure}(Object(Illuminate\Http\Request))
#11 /home1/kmalith2/eonepisode/vendor/laravel/framework/src/Illuminate/Pipeline/Pipeline.php(125): App\Http\Middleware\CheckForMaintenanceMode->handle(Object(Illuminate\Http\Request), Object(Closure))
#12 [internal function]: Illuminate\Pipeline\Pipeline->Illuminate\Pipeline\{closure}(Object(Illuminate\Http\Request))
#13 /home1/kmalith2/eonepisode/vendor/laravel/framework/src/Illuminate/Pipeline/Pipeline.php(100): call_user_func(Object(Closure), Object(Illuminate\Http\Request))
#14 /home1/kmalith2/eonepisode/vendor/laravel/framework/src/Illuminate/Foundation/Http/Kernel.php(111): Illuminate\Pipeline\Pipeline->then(Object(Closure))
#15 /home1/kmalith2/eonepisode/vendor/laravel/framework/src/Illuminate/Foundation/Http/Kernel.php(84): Illuminate\Foundation\Http\Kernel->sendRequestThroughRouter(Object(Illuminate\Http\Request))
#16 /home1/kmalith2/public_html/index.php(53): Illuminate\Foundation\Http\Kernel->handle(Object(Illuminate\Http\Request))
#17 {main}  
[2026-09-08 10:04:38] local.ERROR: Illuminate\Session\TokenMismatchException in /home1/kmalith2/eonepisode/vendor/laravel/framework/src/Illuminate/Foundation/Http/Middleware/VerifyCsrfToken.php:46
Stack trace:
#0 /home1/kmalith2/eonepisode/app/Http/Middleware/VerifyCsrfToken.php(17): Illuminate\Foundation\Http\Middleware\VerifyCsrfToken->handle(Object(Illuminate\Http\Request), Object(Closure))
#1 /home1/kmalith2/eonepisode/vendor/laravel/framework/src/Illuminate/Pipeline/Pipeline.php(125): App\Http\Middleware\VerifyCsrfToken->handle(Object(Illuminate\Http\Request), Object(Closure))
#2 /home1/kmalith2/eonepisode/vendor/laravel/framework/src/Illuminate/View/Middleware/ShareErrorsFromSession.php(55): Illuminate\Pipeline\Pipeline->Illuminate\Pipeline\{closure}(Object(Illuminate\Http\Request))
#3 /home1/kmalith2/eonepisode/vendor/laravel/framework/src/Illuminate/Pipeline/Pipeline.php(125): Illuminate\View\Middleware\ShareErrorsFromSession->handle(Object(Illuminate\Http\Request), Object(Closure))
#4 /home1/kmalith2/eonepisode/vendor/laravel/framework/src/Illuminate/Session/Middleware/StartSession.php(61): Illuminate\Pipeline\Pipeline->Illuminate\Pipeline\{closure}(Object(Illuminate\Http\Request))
#5 /home1/kmalith2/eonepisode/vendor/laravel/framework/src/Illuminate/Pipeline/Pipeline.php(125): Illuminate\Session\Middleware\StartSession->handle(Object(Illuminate\Http\Request), Object(Closure))
#6 /home1/kmalith2/eonepisode/vendor/laravel/framework/src/Illuminate/Cookie/Middleware/AddQueuedCookiesToResponse.php(36): Illuminate\Pipeline\Pipeline->Illuminate\Pipeline\{closure}(Object(Illuminate\Http\Request))
#7 /home1/kmalith2/eonepisode/vendor/laravel/framework/src/Illuminate/Pipeline/Pipeline.php(125): Illuminate\Cookie\Middleware\AddQueuedCookiesToResponse->handle(Object(Illuminate\Http\Request), Object(Closure))
#8 /home1/kmalith2/eonepisode/vendor/laravel/framework/src/Illuminate/Cookie/Middleware/EncryptCookies.php(40): Illuminate\Pipeline\Pipeline->Illuminate\Pipeline\{closure}(Object(Illuminate\Http\Request))
#9 /home1/kmalith2/eonepisode/vendor/laravel/framework/src/Illuminate/Pipeline/Pipeline.php(125): Illuminate\Cookie\Middleware\EncryptCookies->handle(Object(Illuminate\Http\Request), Object(Closure))
#10 /home1/kmalith2/eonepisode/app/Http/Middleware/CheckForMaintenanceMode.php(26): Illuminate\Pipeline\Pipeline->Illuminate\Pipeline\{closure}(Object(Illuminate\Http\Request))
#11 /home1/kmalith2/eonepisode/vendor/laravel/framework/src/Illuminate/Pipeline/Pipeline.php(125): App\Http\Middleware\CheckForMaintenanceMode->handle(Object(Illuminate\Http\Request), Object(Closure))
#12 [internal function]: Illuminate\Pipeline\Pipeline->Illuminate\Pipeline\{closure}(Object(Illuminate\Http\Request))
#13 /home1/kmalith2/eonepisode/vendor/laravel/framework/src/Illuminate/Pipeline/Pipeline.php(100): call_user_func(Object(Closure), Object(Illuminate\Http\Request))
#14 /home1/kmalith2/eonepisode/vendor/laravel/framework/src/Illuminate/Foundation/Http/Kernel.php(111): Illuminate\Pipeline\Pipeline->then(Object(Closure))
#15 /home1/kmalith2/eonepisode/vendor/laravel/framework/src/Illuminate/Foundation/Http/Kernel.php(84): Illuminate\Foundation\Http\Kernel->sendRequestThroughRouter(Object(Illuminate\Http\Request))
#16 /home1/kmalith2/public_html/index.php(53): Illuminate\Foundation\Http\Kernel->handle(Object(Illuminate\Http\Request))
#17 {main}  
[2026-09-08 10:04:38] local.ERROR: Illuminate\Session\TokenMismatchException in /home1/kmalith2/eonepisode/vendor/laravel/framework/src/Illuminate/Foundation/Http/Middleware/VerifyCsrfToken.php:46
Stack trace:
#0 /home1/kmalith2/eonepisode/app/Http/Middleware/VerifyCsrfToken.php(17): Illuminate\Foundation\Http\Middleware\VerifyCsrfToken->handle(Object(Illuminate\Http\Request), Object(Closure))
#1 /home1/kmalith2/eonepisode/vendor/laravel/framework/src/Illuminate/Pipeline/Pipeline.php(125): App\Http\Middleware\VerifyCsrfToken->handle(Object(Illuminate\Http\Request), Object(Closure))
#2 /home1/kmalith2/eonepisode/vendor/laravel/framework/src/Illuminate/View/Middleware/ShareErrorsFromSession.php(55): Illuminate\Pipeline\Pipeline->Illuminate\Pipeline\{closure}(Object(Illuminate\Http\Request))
#3 /home1/kmalith2/eonepisode/vendor/laravel/framework/src/Illuminate/Pipeline/Pipeline.php(125): Illuminate\View\Middleware\ShareErrorsFromSession->handle(Object(Illuminate\Http\Request), Object(Closure))
#4 /home1/kmalith2/eonepisode/vendor/laravel/framework/src/Illuminate/Session/Middleware/StartSession.php(61): Illuminate\Pipeline\Pipeline->Illuminate\Pipeline\{closure}(Object(Illuminate\Http\Request))
#5 /home1/kmalith2/eonepisode/vendor/laravel/framework/src/Illuminate/Pipeline/Pipeline.php(125): Illuminate\Session\Middleware\StartSession->handle(Object(Illuminate\Http\Request), Object(Closure))
#6 /home1/kmalith2/eonepisode/vendor/laravel/framework/src/Illuminate/Cookie/Middleware/AddQueuedCookiesToResponse.php(36): Illuminate\Pipeline\Pipeline->Illuminate\Pipeline\{closure}(Object(Illuminate\Http\Request))
#7 /home1/kmalith2/eonepisode/vendor/laravel/framework/src/Illuminate/Pipeline/Pipeline.php(125): Illuminate\Cookie\Middleware\AddQueuedCookiesToResponse->handle(Object(Illuminate\Http\Request), Object(Closure))
#8 /home1/kmalith2/eonepisode/vendor/laravel/framework/src/Illuminate/Cookie/Middleware/EncryptCookies.php(40): Illuminate\Pipeline\Pipeline->Illuminate\Pipeline\{closure}(Object(Illuminate\Http\Request))
#9 /home1/kmalith2/eonepisode/vendor/laravel/framework/src/Illuminate/Pipeline/Pipeline.php(125): Illuminate\Cookie\Middleware\EncryptCookies->handle(Object(Illuminate\Http\Request), Object(Closure))
#10 /home1/kmalith2/eonepisode/app/Http/Middleware/CheckForMaintenanceMode.php(26): Illuminate\Pipeline\Pipeline->Illuminate\Pipeline\{closure}(Object(Illuminate\Http\Request))
#11 /home1/kmalith2/eonepisode/vendor/laravel/framework/src/Illuminate/Pipeline/Pipeline.php(125): App\Http\Middleware\CheckForMaintenanceMode->handle(Object(Illuminate\Http\Request), Object(Closure))
#12 [internal function]: Illuminate\Pipeline\Pipeline->Illuminate\Pipeline\{closure}(Object(Illuminate\Http\Request))
#13 /home1/kmalith2/eonepisode/vendor/laravel/framework/src/Illuminate/Pipeline/Pipeline.php(100): call_user_func(Object(Closure), Object(Illuminate\Http\Request))
#14 /home1/kmalith2/eonepisode/vendor/laravel/framework/src/Illuminate/Foundation/Http/Kernel.php(111): Illuminate\Pipeline\Pipeline->then(Object(Closure))
#15 /home1/kmalith2/eonepisode/vendor/laravel/framework/src/Illuminate/Foundation/Http/Kernel.php(84): Illuminate\Foundation\Http\Kernel->sendRequestThroughRouter(Object(Illuminate\Http\Request))
#16 /home1/kmalith2/public_html/index.php(53): Illuminate\Foundation\Http\Kernel->handle(Object(Illuminate\Http\Request))
#17 {main}  
[2026-09-08 10:04:39] local.ERROR: Illuminate\Session\TokenMismatchException in /home1/kmalith2/eonepisode/vendor/laravel/framework/src/Illuminate/Foundation/Http/Middleware/VerifyCsrfToken.php:46
Stack trace:
#0 /home1/kmalith2/eonepisode/app/Http/Middleware/VerifyCsrfToken.php(17): Illuminate\Foundation\Http\Middleware\VerifyCsrfToken->handle(Object(Illuminate\Http\Request), Object(Closure))
#1 /home1/kmalith2/eonepisode/vendor/laravel/framework/src/Illuminate/Pipeline/Pipeline.php(125): App\Http\Middleware\VerifyCsrfToken->handle(Object(Illuminate\Http\Request), Object(Closure))
#2 /home1/kmalith2/eonepisode/vendor/laravel/framework/src/Illuminate/View/Middleware/ShareErrorsFromSession.php(55): Illuminate\Pipeline\Pipeline->Illuminate\Pipeline\{closure}(Object(Illuminate\Http\Request))
#3 /home1/kmalith2/eonepisode/vendor/laravel/framework/src/Illuminate/Pipeline/Pipeline.php(125): Illuminate\View\Middleware\ShareErrorsFromSession->handle(Object(Illuminate\Http\Request), Object(Closure))
#4 /home1/kmalith2/eonepisode/vendor/laravel/framework/src/Illuminate/Session/Middleware/StartSession.php(61): Illuminate\Pipeline\Pipeline->Illuminate\Pipeline\{closure}(Object(Illuminate\Http\Request))
#5 /home1/kmalith2/eonepisode/vendor/laravel/framework/src/Illuminate/Pipeline/Pipeline.php(125): Illuminate\Session\Middleware\StartSession->handle(Object(Illuminate\Http\Request), Object(Closure))
#6 /home1/kmalith2/eonepisode/vendor/laravel/framework/src/Illuminate/Cookie/Middleware/AddQueuedCookiesToResponse.php(36): Illuminate\Pipeline\Pipeline->Illuminate\Pipeline\{closure}(Object(Illuminate\Http\Request))
#7 /home1/kmalith2/eonepisode/vendor/laravel/framework/src/Illuminate/Pipeline/Pipeline.php(125): Illuminate\Cookie\Middleware\AddQueuedCookiesToResponse->handle(Object(Illuminate\Http\Request), Object(Closure))
#8 /home1/kmalith2/eonepisode/vendor/laravel/framework/src/Illuminate/Cookie/Middleware/EncryptCookies.php(40): Illuminate\Pipeline\Pipeline->Illuminate\Pipeline\{closure}(Object(Illuminate\Http\Request))
#9 /home1/kmalith2/eonepisode/vendor/laravel/framework/src/Illuminate/Pipeline/Pipeline.php(125): Illuminate\Cookie\Middleware\EncryptCookies->handle(Object(Illuminate\Http\Request), Object(Closure))
#10 /home1/kmalith2/eonepisode/app/Http/Middleware/CheckForMaintenanceMode.php(26): Illuminate\Pipeline\Pipeline->Illuminate\Pipeline\{closure}(Object(Illuminate\Http\Request))
#11 /home1/kmalith2/eonepisode/vendor/laravel/framework/src/Illuminate/Pipeline/Pipeline.php(125): App\Http\Middleware\CheckForMaintenanceMode->handle(Object(Illuminate\Http\Request), Object(Closure))
#12 [internal function]: Illuminate\Pipeline\Pipeline->Illuminate\Pipeline\{closure}(Object(Illuminate\Http\Request))
#13 /home1/kmalith2/eonepisode/vendor/laravel/framework/src/Illuminate/Pipeline/Pipeline.php(100): call_user_func(Object(Closure), Object(Illuminate\Http\Request))
#14 /home1/kmalith2/eonepisode/vendor/laravel/framework/src/Illuminate/Foundation/Http/Kernel.php(111): Illuminate\Pipeline\Pipeline->then(Object(Closure))
#15 /home1/kmalith2/eonepisode/vendor/laravel/framework/src/Illuminate/Foundation/Http/Kernel.php(84): Illuminate\Foundation\Http\Kernel->sendRequestThroughRouter(Object(Illuminate\Http\Request))
#16 /home1/kmalith2/public_html/index.php(53): Illuminate\Foundation\Http\Kernel->handle(Object(Illuminate\Http\Request))
#17 {main}  
[2026-09-08 10:04:40] local.ERROR: Illuminate\Session\TokenMismatchException in /home1/kmalith2/eonepisode/vendor/laravel/framework/src/Illuminate/Foundation/Http/Middleware/VerifyCsrfToken.php:46
Stack trace:
#0 /home1/kmalith2/eonepisode/app/Http/Middleware/VerifyCsrfToken.php(17): Illuminate\Foundation\Http\Middleware\VerifyCsrfToken->handle(Object(Illuminate\Http\Request), Object(Closure))
#1 /home1/kmalith2/eonepisode/vendor/laravel/framework/src/Illuminate/Pipeline/Pipeline.php(125): App\Http\Middleware\VerifyCsrfToken->handle(Object(Illuminate\Http\Request), Object(Closure))
#2 /home1/kmalith2/eonepisode/vendor/laravel/framework/src/Illuminate/View/Middleware/ShareErrorsFromSession.php(55): Illuminate\Pipeline\Pipeline->Illuminate\Pipeline\{closure}(Object(Illuminate\Http\Request))
#3 /home1/kmalith2/eonepisode/vendor/laravel/framework/src/Illuminate/Pipeline/Pipeline.php(125): Illuminate\View\Middleware\ShareErrorsFromSession->handle(Object(Illuminate\Http\Request), Object(Closure))
#4 /home1/kmalith2/eonepisode/vendor/laravel/framework/src/Illuminate/Session/Middleware/StartSession.php(61): Illuminate\Pipeline\Pipeline->Illuminate\Pipeline\{closure}(Object(Illuminate\Http\Request))
#5 /home1/kmalith2/eonepisode/vendor/laravel/framework/src/Illuminate/Pipeline/Pipeline.php(125): Illuminate\Session\Middleware\StartSession->handle(Object(Illuminate\Http\Request), Object(Closure))
#6 /home1/kmalith2/eonepisode/vendor/laravel/framework/src/Illuminate/Cookie/Middleware/AddQueuedCookiesToResponse.php(36): Illuminate\Pipeline\Pipeline->Illuminate\Pipeline\{closure}(Object(Illuminate\Http\Request))
#7 /home1/kmalith2/eonepisode/vendor/laravel/framework/src/Illuminate/Pipeline/Pipeline.php(125): Illuminate\Cookie\Middleware\AddQueuedCookiesToResponse->handle(Object(Illuminate\Http\Request), Object(Closure))
#8 /home1/kmalith2/eonepisode/vendor/laravel/framework/src/Illuminate/Cookie/Middleware/EncryptCookies.php(40): Illuminate\Pipeline\Pipeline->Illuminate\Pipeline\{closure}(Object(Illuminate\Http\Request))
#9 /home1/kmalith2/eonepisode/vendor/laravel/framework/src/Illuminate/Pipeline/Pipeline.php(125): Illuminate\Cookie\Middleware\EncryptCookies->handle(Object(Illuminate\Http\Request), Object(Closure))
#10 /home1/kmalith2/eonepisode/app/Http/Middleware/CheckForMaintenanceMode.php(26): Illuminate\Pipeline\Pipeline->Illuminate\Pipeline\{closure}(Object(Illuminate\Http\Request))
#11 /home1/kmalith2/eonepisode/vendor/laravel/framework/src/Illuminate/Pipeline/Pipeline.php(125): App\Http\Middleware\CheckForMaintenanceMode->handle(Object(Illuminate\Http\Request), Object(Closure))
#12 [internal function]: Illuminate\Pipeline\Pipeline->Illuminate\Pipeline\{closure}(Object(Illuminate\Http\Request))
#13 /home1/kmalith2/eonepisode/vendor/laravel/framework/src/Illuminate/Pipeline/Pipeline.php(100): call_user_func(Object(Closure), Object(Illuminate\Http\Request))
#14 /home1/kmalith2/eonepisode/vendor/laravel/framework/src/Illuminate/Foundation/Http/Kernel.php(111): Illuminate\Pipeline\Pipeline->then(Object(Closure))
#15 /home1/kmalith2/eonepisode/vendor/laravel/framework/src/Illuminate/Foundation/Http/Kernel.php(84): Illuminate\Foundation\Http\Kernel->sendRequestThroughRouter(Object(Illuminate\Http\Request))
#16 /home1/kmalith2/public_html/index.php(53): Illuminate\Foundation\Http\Kernel->handle(Object(Illuminate\Http\Request))
#17 {main}  
[2026-09-08 10:14:46] local.ERROR: Illuminate\Session\TokenMismatchException in /home1/kmalith2/eonepisode/vendor/laravel/framework/src/Illuminate/Foundation/Http/Middleware/VerifyCsrfToken.php:46
Stack trace:
#0 /home1/kmalith2/eonepisode/app/Http/Middleware/VerifyCsrfToken.php(17): Illuminate\Foundation\Http\Middleware\VerifyCsrfToken->handle(Object(Illuminate\Http\Request), Object(Closure))
#1 /home1/kmalith2/eonepisode/vendor/laravel/framework/src/Illuminate/Pipeline/Pipeline.php(125): App\Http\Middleware\VerifyCsrfToken->handle(Object(Illuminate\Http\Request), Object(Closure))
#2 /home1/kmalith2/eonepisode/vendor/laravel/framework/src/Illuminate/View/Middleware/ShareErrorsFromSession.php(55): Illuminate\Pipeline\Pipeline->Illuminate\Pipeline\{closure}(Object(Illuminate\Http\Request))
#3 /home1/kmalith2/eonepisode/vendor/laravel/framework/src/Illuminate/Pipeline/Pipeline.php(125): Illuminate\View\Middleware\ShareErrorsFromSession->handle(Object(Illuminate\Http\Request), Object(Closure))
#4 /home1/kmalith2/eonepisode/vendor/laravel/framework/src/Illuminate/Session/Middleware/StartSession.php(61): Illuminate\Pipeline\Pipeline->Illuminate\Pipeline\{closure}(Object(Illuminate\Http\Request))
#5 /home1/kmalith2/eonepisode/vendor/laravel/framework/src/Illuminate/Pipeline/Pipeline.php(125): Illuminate\Session\Middleware\StartSession->handle(Object(Illuminate\Http\Request), Object(Closure))
#6 /home1/kmalith2/eonepisode/vendor/laravel/framework/src/Illuminate/Cookie/Middleware/AddQueuedCookiesToResponse.php(36): Illuminate\Pipeline\Pipeline->Illuminate\Pipeline\{closure}(Object(Illuminate\Http\Request))
#7 /home1/kmalith2/eonepisode/vendor/laravel/framework/src/Illuminate/Pipeline/Pipeline.php(125): Illuminate\Cookie\Middleware\AddQueuedCookiesToResponse->handle(Object(Illuminate\Http\Request), Object(Closure))
#8 /home1/kmalith2/eonepisode/vendor/laravel/framework/src/Illuminate/Cookie/Middleware/EncryptCookies.php(40): Illuminate\Pipeline\Pipeline->Illuminate\Pipeline\{closure}(Object(Illuminate\Http\Request))
#9 /home1/kmalith2/eonepisode/vendor/laravel/framework/src/Illuminate/Pipeline/Pipeline.php(125): Illuminate\Cookie\Middleware\EncryptCookies->handle(Object(Illuminate\Http\Request), Object(Closure))
#10 /home1/kmalith2/eonepisode/app/Http/Middleware/CheckForMaintenanceMode.php(26): Illuminate\Pipeline\Pipeline->Illuminate\Pipeline\{closure}(Object(Illuminate\Http\Request))
#11 /home1/kmalith2/eonepisode/vendor/laravel/framework/src/Illuminate/Pipeline/Pipeline.php(125): App\Http\Middleware\CheckForMaintenanceMode->handle(Object(Illuminate\Http\Request), Object(Closure))
#12 [internal function]: Illuminate\Pipeline\Pipeline->Illuminate\Pipeline\{closure}(Object(Illuminate\Http\Request))
#13 /home1/kmalith2/eonepisode/vendor/laravel/framework/src/Illuminate/Pipeline/Pipeline.php(100): call_user_func(Object(Closure), Object(Illuminate\Http\Request))
#14 /home1/kmalith2/eonepisode/vendor/laravel/framework/src/Illuminate/Foundation/Http/Kernel.php(111): Illuminate\Pipeline\Pipeline->then(Object(Closure))
#15 /home1/kmalith2/eonepisode/vendor/laravel/framework/src/Illuminate/Foundation/Http/Kernel.php(84): Illuminate\Foundation\Http\Kernel->sendRequestThroughRouter(Object(Illuminate\Http\Request))
#16 /home1/kmalith2/public_html/index.php(53): Illuminate\Foundation\Http\Kernel->handle(Object(Illuminate\Http\Request))
#17 {main}  
[2026-09-08 10:14:46] local.ERROR: Illuminate\Session\TokenMismatchException in /home1/kmalith2/eonepisode/vendor/laravel/framework/src/Illuminate/Foundation/Http/Middleware/VerifyCsrfToken.php:46
Stack trace:
#0 /home1/kmalith2/eonepisode/app/Http/Middleware/VerifyCsrfToken.php(17): Illuminate\Foundation\Http\Middleware\VerifyCsrfToken->handle(Object(Illuminate\Http\Request), Object(Closure))
#1 /home1/kmalith2/eonepisode/vendor/laravel/framework/src/Illuminate/Pipeline/Pipeline.php(125): App\Http\Middleware\VerifyCsrfToken->handle(Object(Illuminate\Http\Request), Object(Closure))
#2 /home1/kmalith2/eonepisode/vendor/laravel/framework/src/Illuminate/View/Middleware/ShareErrorsFromSession.php(55): Illuminate\Pipeline\Pipeline->Illuminate\Pipeline\{closure}(Object(Illuminate\Http\Request))
#3 /home1/kmalith2/eonepisode/vendor/laravel/framework/src/Illuminate/Pipeline/Pipeline.php(125): Illuminate\View\Middleware\ShareErrorsFromSession->handle(Object(Illuminate\Http\Request), Object(Closure))
#4 /home1/kmalith2/eonepisode/vendor/laravel/framework/src/Illuminate/Session/Middleware/StartSession.php(61): Illuminate\Pipeline\Pipeline->Illuminate\Pipeline\{closure}(Object(Illuminate\Http\Request))
#5 /home1/kmalith2/eonepisode/vendor/laravel/framework/src/Illuminate/Pipeline/Pipeline.php(125): Illuminate\Session\Middleware\StartSession->handle(Object(Illuminate\Http\Request), Object(Closure))
#6 /home1/kmalith2/eonepisode/vendor/laravel/framework/src/Illuminate/Cookie/Middleware/AddQueuedCookiesToResponse.php(36): Illuminate\Pipeline\Pipeline->Illuminate\Pipeline\{closure}(Object(Illuminate\Http\Request))
#7 /home1/kmalith2/eonepisode/vendor/laravel/framework/src/Illuminate/Pipeline/Pipeline.php(125): Illuminate\Cookie\Middleware\AddQueuedCookiesToResponse->handle(Object(Illuminate\Http\Request), Object(Closure))
#8 /home1/kmalith2/eonepisode/vendor/laravel/framework/src/Illuminate/Cookie/Middleware/EncryptCookies.php(40): Illuminate\Pipeline\Pipeline->Illuminate\Pipeline\{closure}(Object(Illuminate\Http\Request))
#9 /home1/kmalith2/eonepisode/vendor/laravel/framework/src/Illuminate/Pipeline/Pipeline.php(125): Illuminate\Cookie\Middleware\EncryptCookies->handle(Object(Illuminate\Http\Request), Object(Closure))
#10 /home1/kmalith2/eonepisode/app/Http/Middleware/CheckForMaintenanceMode.php(26): Illuminate\Pipeline\Pipeline->Illuminate\Pipeline\{closure}(Object(Illuminate\Http\Request))
#11 /home1/kmalith2/eonepisode/vendor/laravel/framework/src/Illuminate/Pipeline/Pipeline.php(125): App\Http\Middleware\CheckForMaintenanceMode->handle(Object(Illuminate\Http\Request), Object(Closure))
#12 [internal function]: Illuminate\Pipeline\Pipeline->Illuminate\Pipeline\{closure}(Object(Illuminate\Http\Request))
#13 /home1/kmalith2/eonepisode/vendor/laravel/framework/src/Illuminate/Pipeline/Pipeline.php(100): call_user_func(Object(Closure), Object(Illuminate\Http\Request))
#14 /home1/kmalith2/eonepisode/vendor/laravel/framework/src/Illuminate/Foundation/Http/Kernel.php(111): Illuminate\Pipeline\Pipeline->then(Object(Closure))
#15 /home1/kmalith2/eonepisode/vendor/laravel/framework/src/Illuminate/Foundation/Http/Kernel.php(84): Illuminate\Foundation\Http\Kernel->sendRequestThroughRouter(Object(Illuminate\Http\Request))
#16 /home1/kmalith2/public_html/index.php(53): Illuminate\Foundation\Http\Kernel->handle(Object(Illuminate\Http\Request))
#17 {main}  
[2026-09-08 10:14:46] local.ERROR: Illuminate\Session\TokenMismatchException in /home1/kmalith2/eonepisode/vendor/laravel/framework/src/Illuminate/Foundation/Http/Middleware/VerifyCsrfToken.php:46
Stack trace:
#0 /home1/kmalith2/eonepisode/app/Http/Middleware/VerifyCsrfToken.php(17): Illuminate\Foundation\Http\Middleware\VerifyCsrfToken->handle(Object(Illuminate\Http\Request), Object(Closure))
#1 /home1/kmalith2/eonepisode/vendor/laravel/framework/src/Illuminate/Pipeline/Pipeline.php(125): App\Http\Middleware\VerifyCsrfToken->handle(Object(Illuminate\Http\Request), Object(Closure))
#2 /home1/kmalith2/eonepisode/vendor/laravel/framework/src/Illuminate/View/Middleware/ShareErrorsFromSession.php(55): Illuminate\Pipeline\Pipeline->Illuminate\Pipeline\{closure}(Object(Illuminate\Http\Request))
#3 /home1/kmalith2/eonepisode/vendor/laravel/framework/src/Illuminate/Pipeline/Pipeline.php(125): Illuminate\View\Middleware\ShareErrorsFromSession->handle(Object(Illuminate\Http\Request), Object(Closure))
#4 /home1/kmalith2/eonepisode/vendor/laravel/framework/src/Illuminate/Session/Middleware/StartSession.php(61): Illuminate\Pipeline\Pipeline->Illuminate\Pipeline\{closure}(Object(Illuminate\Http\Request))
#5 /home1/kmalith2/eonepisode/vendor/laravel/framework/src/Illuminate/Pipeline/Pipeline.php(125): Illuminate\Session\Middleware\StartSession->handle(Object(Illuminate\Http\Request), Object(Closure))
#6 /home1/kmalith2/eonepisode/vendor/laravel/framework/src/Illuminate/Cookie/Middleware/AddQueuedCookiesToResponse.php(36): Illuminate\Pipeline\Pipeline->Illuminate\Pipeline\{closure}(Object(Illuminate\Http\Request))
#7 /home1/kmalith2/eonepisode/vendor/laravel/framework/src/Illuminate/Pipeline/Pipeline.php(125): Illuminate\Cookie\Middleware\AddQueuedCookiesToResponse->handle(Object(Illuminate\Http\Request), Object(Closure))
#8 /home1/kmalith2/eonepisode/vendor/laravel/framework/src/Illuminate/Cookie/Middleware/EncryptCookies.php(40): Illuminate\Pipeline\Pipeline->Illuminate\Pipeline\{closure}(Object(Illuminate\Http\Request))
#9 /home1/kmalith2/eonepisode/vendor/laravel/framework/src/Illuminate/Pipeline/Pipeline.php(125): Illuminate\Cookie\Middleware\EncryptCookies->handle(Object(Illuminate\Http\Request), Object(Closure))
#10 /home1/kmalith2/eonepisode/app/Http/Middleware/CheckForMaintenanceMode.php(26): Illuminate\Pipeline\Pipeline->Illuminate\Pipeline\{closure}(Object(Illuminate\Http\Request))
#11 /home1/kmalith2/eonepisode/vendor/laravel/framework/src/Illuminate/Pipeline/Pipeline.php(125): App\Http\Middleware\CheckForMaintenanceMode->handle(Object(Illuminate\Http\Request), Object(Closure))
#12 [internal function]: Illuminate\Pipeline\Pipeline->Illuminate\Pipeline\{closure}(Object(Illuminate\Http\Request))
#13 /home1/kmalith2/eonepisode/vendor/laravel/framework/src/Illuminate/Pipeline/Pipeline.php(100): call_user_func(Object(Closure), Object(Illuminate\Http\Request))
#14 /home1/kmalith2/eonepisode/vendor/laravel/framework/src/Illuminate/Foundation/Http/Kernel.php(111): Illuminate\Pipeline\Pipeline->then(Object(Closure))
#15 /home1/kmalith2/eonepisode/vendor/laravel/framework/src/Illuminate/Foundation/Http/Kernel.php(84): Illuminate\Foundation\Http\Kernel->sendRequestThroughRouter(Object(Illuminate\Http\Request))
#16 /home1/kmalith2/public_html/index.php(53): Illuminate\Foundation\Http\Kernel->handle(Object(Illuminate\Http\Request))
#17 {main}  
[2026-09-08 10:14:47] local.ERROR: Illuminate\Session\TokenMismatchException in /home1/kmalith2/eonepisode/vendor/laravel/framework/src/Illuminate/Foundation/Http/Middleware/VerifyCsrfToken.php:46
Stack trace:
#0 /home1/kmalith2/eonepisode/app/Http/Middleware/VerifyCsrfToken.php(17): Illuminate\Foundation\Http\Middleware\VerifyCsrfToken->handle(Object(Illuminate\Http\Request), Object(Closure))
#1 /home1/kmalith2/eonepisode/vendor/laravel/framework/src/Illuminate/Pipeline/Pipeline.php(125): App\Http\Middleware\VerifyCsrfToken->handle(Object(Illuminate\Http\Request), Object(Closure))
#2 /home1/kmalith2/eonepisode/vendor/laravel/framework/src/Illuminate/View/Middleware/ShareErrorsFromSession.php(55): Illuminate\Pipeline\Pipeline->Illuminate\Pipeline\{closure}(Object(Illuminate\Http\Request))
#3 /home1/kmalith2/eonepisode/vendor/laravel/framework/src/Illuminate/Pipeline/Pipeline.php(125): Illuminate\View\Middleware\ShareErrorsFromSession->handle(Object(Illuminate\Http\Request), Object(Closure))
#4 /home1/kmalith2/eonepisode/vendor/laravel/framework/src/Illuminate/Session/Middleware/StartSession.php(61): Illuminate\Pipeline\Pipeline->Illuminate\Pipeline\{closure}(Object(Illuminate\Http\Request))
#5 /home1/kmalith2/eonepisode/vendor/laravel/framework/src/Illuminate/Pipeline/Pipeline.php(125): Illuminate\Session\Middleware\StartSession->handle(Object(Illuminate\Http\Request), Object(Closure))
#6 /home1/kmalith2/eonepisode/vendor/laravel/framework/src/Illuminate/Cookie/Middleware/AddQueuedCookiesToResponse.php(36): Illuminate\Pipeline\Pipeline->Illuminate\Pipeline\{closure}(Object(Illuminate\Http\Request))
#7 /home1/kmalith2/eonepisode/vendor/laravel/framework/src/Illuminate/Pipeline/Pipeline.php(125): Illuminate\Cookie\Middleware\AddQueuedCookiesToResponse->handle(Object(Illuminate\Http\Request), Object(Closure))
#8 /home1/kmalith2/eonepisode/vendor/laravel/framework/src/Illuminate/Cookie/Middleware/EncryptCookies.php(40): Illuminate\Pipeline\Pipeline->Illuminate\Pipeline\{closure}(Object(Illuminate\Http\Request))
#9 /home1/kmalith2/eonepisode/vendor/laravel/framework/src/Illuminate/Pipeline/Pipeline.php(125): Illuminate\Cookie\Middleware\EncryptCookies->handle(Object(Illuminate\Http\Request), Object(Closure))
#10 /home1/kmalith2/eonepisode/app/Http/Middleware/CheckForMaintenanceMode.php(26): Illuminate\Pipeline\Pipeline->Illuminate\Pipeline\{closure}(Object(Illuminate\Http\Request))
#11 /home1/kmalith2/eonepisode/vendor/laravel/framework/src/Illuminate/Pipeline/Pipeline.php(125): App\Http\Middleware\CheckForMaintenanceMode->handle(Object(Illuminate\Http\Request), Object(Closure))
#12 [internal function]: Illuminate\Pipeline\Pipeline->Illuminate\Pipeline\{closure}(Object(Illuminate\Http\Request))
#13 /home1/kmalith2/eonepisode/vendor/laravel/framework/src/Illuminate/Pipeline/Pipeline.php(100): call_user_func(Object(Closure), Object(Illuminate\Http\Request))
#14 /home1/kmalith2/eonepisode/vendor/laravel/framework/src/Illuminate/Foundation/Http/Kernel.php(111): Illuminate\Pipeline\Pipeline->then(Object(Closure))
#15 /home1/kmalith2/eonepisode/vendor/laravel/framework/src/Illuminate/Foundation/Http/Kernel.php(84): Illuminate\Foundation\Http\Kernel->sendRequestThroughRouter(Object(Illuminate\Http\Request))
#16 /home1/kmalith2/public_html/index.php(53): Illuminate\Foundation\Http\Kernel->handle(Object(Illuminate\Http\Request))
#17 {main}  
[2026-09-08 11:59:50] local.ERROR: Illuminate\Session\TokenMismatchException in /home1/kmalith2/eonepisode/vendor/laravel/framework/src/Illuminate/Foundation/Http/Middleware/VerifyCsrfToken.php:46
Stack trace:
#0 /home1/kmalith2/eonepisode/app/Http/Middleware/VerifyCsrfToken.php(17): Illuminate\Foundation\Http\Middleware\VerifyCsrfToken->handle(Object(Illuminate\Http\Request), Object(Closure))
#1 /home1/kmalith2/eonepisode/vendor/laravel/framework/src/Illuminate/Pipeline/Pipeline.php(125): App\Http\Middleware\VerifyCsrfToken->handle(Object(Illuminate\Http\Request), Object(Closure))
#2 /home1/kmalith2/eonepisode/vendor/laravel/framework/src/Illuminate/View/Middleware/ShareErrorsFromSession.php(55): Illuminate\Pipeline\Pipeline->Illuminate\Pipeline\{closure}(Object(Illuminate\Http\Request))
#3 /home1/kmalith2/eonepisode/vendor/laravel/framework/src/Illuminate/Pipeline/Pipeline.php(125): Illuminate\View\Middleware\ShareErrorsFromSession->handle(Object(Illuminate\Http\Request), Object(Closure))
#4 /home1/kmalith2/eonepisode/vendor/laravel/framework/src/Illuminate/Session/Middleware/StartSession.php(61): Illuminate\Pipeline\Pipeline->Illuminate\Pipeline\{closure}(Object(Illuminate\Http\Request))
#5 /home1/kmalith2/eonepisode/vendor/laravel/framework/src/Illuminate/Pipeline/Pipeline.php(125): Illuminate\Session\Middleware\StartSession->handle(Object(Illuminate\Http\Request), Object(Closure))
#6 /home1/kmalith2/eonepisode/vendor/laravel/framework/src/Illuminate/Cookie/Middleware/AddQueuedCookiesToResponse.php(36): Illuminate\Pipeline\Pipeline->Illuminate\Pipeline\{closure}(Object(Illuminate\Http\Request))
#7 /home1/kmalith2/eonepisode/vendor/laravel/framework/src/Illuminate/Pipeline/Pipeline.php(125): Illuminate\Cookie\Middleware\AddQueuedCookiesToResponse->handle(Object(Illuminate\Http\Request), Object(Closure))
#8 /home1/kmalith2/eonepisode/vendor/laravel/framework/src/Illuminate/Cookie/Middleware/EncryptCookies.php(40): Illuminate\Pipeline\Pipeline->Illuminate\Pipeline\{closure}(Object(Illuminate\Http\Request))
#9 /home1/kmalith2/eonepisode/vendor/laravel/framework/src/Illuminate/Pipeline/Pipeline.php(125): Illuminate\Cookie\Middleware\EncryptCookies->handle(Object(Illuminate\Http\Request), Object(Closure))
#10 /home1/kmalith2/eonepisode/app/Http/Middleware/CheckForMaintenanceMode.php(26): Illuminate\Pipeline\Pipeline->Illuminate\Pipeline\{closure}(Object(Illuminate\Http\Request))
#11 /home1/kmalith2/eonepisode/vendor/laravel/framework/src/Illuminate/Pipeline/Pipeline.php(125): App\Http\Middleware\CheckForMaintenanceMode->handle(Object(Illuminate\Http\Request), Object(Closure))
#12 [internal function]: Illuminate\Pipeline\Pipeline->Illuminate\Pipeline\{closure}(Object(Illuminate\Http\Request))
#13 /home1/kmalith2/eonepisode/vendor/laravel/framework/src/Illuminate/Pipeline/Pipeline.php(100): call_user_func(Object(Closure), Object(Illuminate\Http\Request))
#14 /home1/kmalith2/eonepisode/vendor/laravel/framework/src/Illuminate/Foundation/Http/Kernel.php(111): Illuminate\Pipeline\Pipeline->then(Object(Closure))
#15 /home1/kmalith2/eonepisode/vendor/laravel/framework/src/Illuminate/Foundation/Http/Kernel.php(84): Illuminate\Foundation\Http\Kernel->sendRequestThroughRouter(Object(Illuminate\Http\Request))
#16 /home1/kmalith2/public_html/index.php(53): Illuminate\Foundation\Http\Kernel->handle(Object(Illuminate\Http\Request))
#17 {main}  
[2026-09-08 11:59:51] local.ERROR: Illuminate\Session\TokenMismatchException in /home1/kmalith2/eonepisode/vendor/laravel/framework/src/Illuminate/Foundation/Http/Middleware/VerifyCsrfToken.php:46
Stack trace:
#0 /home1/kmalith2/eonepisode/app/Http/Middleware/VerifyCsrfToken.php(17): Illuminate\Foundation\Http\Middleware\VerifyCsrfToken->handle(Object(Illuminate\Http\Request), Object(Closure))
#1 /home1/kmalith2/eonepisode/vendor/laravel/framework/src/Illuminate/Pipeline/Pipeline.php(125): App\Http\Middleware\VerifyCsrfToken->handle(Object(Illuminate\Http\Request), Object(Closure))
#2 /home1/kmalith2/eonepisode/vendor/laravel/framework/src/Illuminate/View/Middleware/ShareErrorsFromSession.php(55): Illuminate\Pipeline\Pipeline->Illuminate\Pipeline\{closure}(Object(Illuminate\Http\Request))
#3 /home1/kmalith2/eonepisode/vendor/laravel/framework/src/Illuminate/Pipeline/Pipeline.php(125): Illuminate\View\Middleware\ShareErrorsFromSession->handle(Object(Illuminate\Http\Request), Object(Closure))
#4 /home1/kmalith2/eonepisode/vendor/laravel/framework/src/Illuminate/Session/Middleware/StartSession.php(61): Illuminate\Pipeline\Pipeline->Illuminate\Pipeline\{closure}(Object(Illuminate\Http\Request))
#5 /home1/kmalith2/eonepisode/vendor/laravel/framework/src/Illuminate/Pipeline/Pipeline.php(125): Illuminate\Session\Middleware\StartSession->handle(Object(Illuminate\Http\Request), Object(Closure))
#6 /home1/kmalith2/eonepisode/vendor/laravel/framework/src/Illuminate/Cookie/Middleware/AddQueuedCookiesToResponse.php(36): Illuminate\Pipeline\Pipeline->Illuminate\Pipeline\{closure}(Object(Illuminate\Http\Request))
#7 /home1/kmalith2/eonepisode/vendor/laravel/framework/src/Illuminate/Pipeline/Pipeline.php(125): Illuminate\Cookie\Middleware\AddQueuedCookiesToResponse->handle(Object(Illuminate\Http\Request), Object(Closure))
#8 /home1/kmalith2/eonepisode/vendor/laravel/framework/src/Illuminate/Cookie/Middleware/EncryptCookies.php(40): Illuminate\Pipeline\Pipeline->Illuminate\Pipeline\{closure}(Object(Illuminate\Http\Request))
#9 /home1/kmalith2/eonepisode/vendor/laravel/framework/src/Illuminate/Pipeline/Pipeline.php(125): Illuminate\Cookie\Middleware\EncryptCookies->handle(Object(Illuminate\Http\Request), Object(Closure))
#10 /home1/kmalith2/eonepisode/app/Http/Middleware/CheckForMaintenanceMode.php(26): Illuminate\Pipeline\Pipeline->Illuminate\Pipeline\{closure}(Object(Illuminate\Http\Request))
#11 /home1/kmalith2/eonepisode/vendor/laravel/framework/src/Illuminate/Pipeline/Pipeline.php(125): App\Http\Middleware\CheckForMaintenanceMode->handle(Object(Illuminate\Http\Request), Object(Closure))
#12 [internal function]: Illuminate\Pipeline\Pipeline->Illuminate\Pipeline\{closure}(Object(Illuminate\Http\Request))
#13 /home1/kmalith2/eonepisode/vendor/laravel/framework/src/Illuminate/Pipeline/Pipeline.php(100): call_user_func(Object(Closure), Object(Illuminate\Http\Request))
#14 /home1/kmalith2/eonepisode/vendor/laravel/framework/src/Illuminate/Foundation/Http/Kernel.php(111): Illuminate\Pipeline\Pipeline->then(Object(Closure))
#15 /home1/kmalith2/eonepisode/vendor/laravel/framework/src/Illuminate/Foundation/Http/Kernel.php(84): Illuminate\Foundation\Http\Kernel->sendRequestThroughRouter(Object(Illuminate\Http\Request))
#16 /home1/kmalith2/public_html/index.php(53): Illuminate\Foundation\Http\Kernel->handle(Object(Illuminate\Http\Request))
#17 {main}  
[2026-09-08 11:59:52] local.ERROR: Illuminate\Session\TokenMismatchException in /home1/kmalith2/eonepisode/vendor/laravel/framework/src/Illuminate/Foundation/Http/Middleware/VerifyCsrfToken.php:46
Stack trace:
#0 /home1/kmalith2/eonepisode/app/Http/Middleware/VerifyCsrfToken.php(17): Illuminate\Foundation\Http\Middleware\VerifyCsrfToken->handle(Object(Illuminate\Http\Request), Object(Closure))
#1 /home1/kmalith2/eonepisode/vendor/laravel/framework/src/Illuminate/Pipeline/Pipeline.php(125): App\Http\Middleware\VerifyCsrfToken->handle(Object(Illuminate\Http\Request), Object(Closure))
#2 /home1/kmalith2/eonepisode/vendor/laravel/framework/src/Illuminate/View/Middleware/ShareErrorsFromSession.php(55): Illuminate\Pipeline\Pipeline->Illuminate\Pipeline\{closure}(Object(Illuminate\Http\Request))
#3 /home1/kmalith2/eonepisode/vendor/laravel/framework/src/Illuminate/Pipeline/Pipeline.php(125): Illuminate\View\Middleware\ShareErrorsFromSession->handle(Object(Illuminate\Http\Request), Object(Closure))
#4 /home1/kmalith2/eonepisode/vendor/laravel/framework/src/Illuminate/Session/Middleware/StartSession.php(61): Illuminate\Pipeline\Pipeline->Illuminate\Pipeline\{closure}(Object(Illuminate\Http\Request))
#5 /home1/kmalith2/eonepisode/vendor/laravel/framework/src/Illuminate/Pipeline/Pipeline.php(125): Illuminate\Session\Middleware\StartSession->handle(Object(Illuminate\Http\Request), Object(Closure))
#6 /home1/kmalith2/eonepisode/vendor/laravel/framework/src/Illuminate/Cookie/Middleware/AddQueuedCookiesToResponse.php(36): Illuminate\Pipeline\Pipeline->Illuminate\Pipeline\{closure}(Object(Illuminate\Http\Request))
#7 /home1/kmalith2/eonepisode/vendor/laravel/framework/src/Illuminate/Pipeline/Pipeline.php(125): Illuminate\Cookie\Middleware\AddQueuedCookiesToResponse->handle(Object(Illuminate\Http\Request), Object(Closure))
#8 /home1/kmalith2/eonepisode/vendor/laravel/framework/src/Illuminate/Cookie/Middleware/EncryptCookies.php(40): Illuminate\Pipeline\Pipeline->Illuminate\Pipeline\{closure}(Object(Illuminate\Http\Request))
#9 /home1/kmalith2/eonepisode/vendor/laravel/framework/src/Illuminate/Pipeline/Pipeline.php(125): Illuminate\Cookie\Middleware\EncryptCookies->handle(Object(Illuminate\Http\Request), Object(Closure))
#10 /home1/kmalith2/eonepisode/app/Http/Middleware/CheckForMaintenanceMode.php(26): Illuminate\Pipeline\Pipeline->Illuminate\Pipeline\{closure}(Object(Illuminate\Http\Request))
#11 /home1/kmalith2/eonepisode/vendor/laravel/framework/src/Illuminate/Pipeline/Pipeline.php(125): App\Http\Middleware\CheckForMaintenanceMode->handle(Object(Illuminate\Http\Request), Object(Closure))
#12 [internal function]: Illuminate\Pipeline\Pipeline->Illuminate\Pipeline\{closure}(Object(Illuminate\Http\Request))
#13 /home1/kmalith2/eonepisode/vendor/laravel/framework/src/Illuminate/Pipeline/Pipeline.php(100): call_user_func(Object(Closure), Object(Illuminate\Http\Request))
#14 /home1/kmalith2/eonepisode/vendor/laravel/framework/src/Illuminate/Foundation/Http/Kernel.php(111): Illuminate\Pipeline\Pipeline->then(Object(Closure))
#15 /home1/kmalith2/eonepisode/vendor/laravel/framework/src/Illuminate/Foundation/Http/Kernel.php(84): Illuminate\Foundation\Http\Kernel->sendRequestThroughRouter(Object(Illuminate\Http\Request))
#16 /home1/kmalith2/public_html/index.php(53): Illuminate\Foundation\Http\Kernel->handle(Object(Illuminate\Http\Request))
#17 {main}  
[2026-09-08 11:59:53] local.ERROR: Illuminate\Session\TokenMismatchException in /home1/kmalith2/eonepisode/vendor/laravel/framework/src/Illuminate/Foundation/Http/Middleware/VerifyCsrfToken.php:46
Stack trace:
#0 /home1/kmalith2/eonepisode/app/Http/Middleware/VerifyCsrfToken.php(17): Illuminate\Foundation\Http\Middleware\VerifyCsrfToken->handle(Object(Illuminate\Http\Request), Object(Closure))
#1 /home1/kmalith2/eonepisode/vendor/laravel/framework/src/Illuminate/Pipeline/Pipeline.php(125): App\Http\Middleware\VerifyCsrfToken->handle(Object(Illuminate\Http\Request), Object(Closure))
#2 /home1/kmalith2/eonepisode/vendor/laravel/framework/src/Illuminate/View/Middleware/ShareErrorsFromSession.php(55): Illuminate\Pipeline\Pipeline->Illuminate\Pipeline\{closure}(Object(Illuminate\Http\Request))
#3 /home1/kmalith2/eonepisode/vendor/laravel/framework/src/Illuminate/Pipeline/Pipeline.php(125): Illuminate\View\Middleware\ShareErrorsFromSession->handle(Object(Illuminate\Http\Request), Object(Closure))
#4 /home1/kmalith2/eonepisode/vendor/laravel/framework/src/Illuminate/Session/Middleware/StartSession.php(61): Illuminate\Pipeline\Pipeline->Illuminate\Pipeline\{closure}(Object(Illuminate\Http\Request))
#5 /home1/kmalith2/eonepisode/vendor/laravel/framework/src/Illuminate/Pipeline/Pipeline.php(125): Illuminate\Session\Middleware\StartSession->handle(Object(Illuminate\Http\Request), Object(Closure))
#6 /home1/kmalith2/eonepisode/vendor/laravel/framework/src/Illuminate/Cookie/Middleware/AddQueuedCookiesToResponse.php(36): Illuminate\Pipeline\Pipeline->Illuminate\Pipeline\{closure}(Object(Illuminate\Http\Request))
#7 /home1/kmalith2/eonepisode/vendor/laravel/framework/src/Illuminate/Pipeline/Pipeline.php(125): Illuminate\Cookie\Middleware\AddQueuedCookiesToResponse->handle(Object(Illuminate\Http\Request), Object(Closure))
#8 /home1/kmalith2/eonepisode/vendor/laravel/framework/src/Illuminate/Cookie/Middleware/EncryptCookies.php(40): Illuminate\Pipeline\Pipeline->Illuminate\Pipeline\{closure}(Object(Illuminate\Http\Request))
#9 /home1/kmalith2/eonepisode/vendor/laravel/framework/src/Illuminate/Pipeline/Pipeline.php(125): Illuminate\Cookie\Middleware\EncryptCookies->handle(Object(Illuminate\Http\Request), Object(Closure))
#10 /home1/kmalith2/eonepisode/app/Http/Middleware/CheckForMaintenanceMode.php(26): Illuminate\Pipeline\Pipeline->Illuminate\Pipeline\{closure}(Object(Illuminate\Http\Request))
#11 /home1/kmalith2/eonepisode/vendor/laravel/framework/src/Illuminate/Pipeline/Pipeline.php(125): App\Http\Middleware\CheckForMaintenanceMode->handle(Object(Illuminate\Http\Request), Object(Closure))
#12 [internal function]: Illuminate\Pipeline\Pipeline->Illuminate\Pipeline\{closure}(Object(Illuminate\Http\Request))
#13 /home1/kmalith2/eonepisode/vendor/laravel/framework/src/Illuminate/Pipeline/Pipeline.php(100): call_user_func(Object(Closure), Object(Illuminate\Http\Request))
#14 /home1/kmalith2/eonepisode/vendor/laravel/framework/src/Illuminate/Foundation/Http/Kernel.php(111): Illuminate\Pipeline\Pipeline->then(Object(Closure))
#15 /home1/kmalith2/eonepisode/vendor/laravel/framework/src/Illuminate/Foundation/Http/Kernel.php(84): Illuminate\Foundation\Http\Kernel->sendRequestThroughRouter(Object(Illuminate\Http\Request))
#16 /home1/kmalith2/public_html/index.php(53): Illuminate\Foundation\Http\Kernel->handle(Object(Illuminate\Http\Request))
#17 {main}  
[2026-09-08 12:04:12] local.ERROR: Illuminate\Session\TokenMismatchException in /home1/kmalith2/eonepisode/vendor/laravel/framework/src/Illuminate/Foundation/Http/Middleware/VerifyCsrfToken.php:46
Stack trace:
#0 /home1/kmalith2/eonepisode/app/Http/Middleware/VerifyCsrfToken.php(17): Illuminate\Foundation\Http\Middleware\VerifyCsrfToken->handle(Object(Illuminate\Http\Request), Object(Closure))
#1 /home1/kmalith2/eonepisode/vendor/laravel/framework/src/Illuminate/Pipeline/Pipeline.php(125): App\Http\Middleware\VerifyCsrfToken->handle(Object(Illuminate\Http\Request), Object(Closure))
#2 /home1/kmalith2/eonepisode/vendor/laravel/framework/src/Illuminate/View/Middleware/ShareErrorsFromSession.php(55): Illuminate\Pipeline\Pipeline->Illuminate\Pipeline\{closure}(Object(Illuminate\Http\Request))
#3 /home1/kmalith2/eonepisode/vendor/laravel/framework/src/Illuminate/Pipeline/Pipeline.php(125): Illuminate\View\Middleware\ShareErrorsFromSession->handle(Object(Illuminate\Http\Request), Object(Closure))
#4 /home1/kmalith2/eonepisode/vendor/laravel/framework/src/Illuminate/Session/Middleware/StartSession.php(61): Illuminate\Pipeline\Pipeline->Illuminate\Pipeline\{closure}(Object(Illuminate\Http\Request))
#5 /home1/kmalith2/eonepisode/vendor/laravel/framework/src/Illuminate/Pipeline/Pipeline.php(125): Illuminate\Session\Middleware\StartSession->handle(Object(Illuminate\Http\Request), Object(Closure))
#6 /home1/kmalith2/eonepisode/vendor/laravel/framework/src/Illuminate/Cookie/Middleware/AddQueuedCookiesToResponse.php(36): Illuminate\Pipeline\Pipeline->Illuminate\Pipeline\{closure}(Object(Illuminate\Http\Request))
#7 /home1/kmalith2/eonepisode/vendor/laravel/framework/src/Illuminate/Pipeline/Pipeline.php(125): Illuminate\Cookie\Middleware\AddQueuedCookiesToResponse->handle(Object(Illuminate\Http\Request), Object(Closure))
#8 /home1/kmalith2/eonepisode/vendor/laravel/framework/src/Illuminate/Cookie/Middleware/EncryptCookies.php(40): Illuminate\Pipeline\Pipeline->Illuminate\Pipeline\{closure}(Object(Illuminate\Http\Request))
#9 /home1/kmalith2/eonepisode/vendor/laravel/framework/src/Illuminate/Pipeline/Pipeline.php(125): Illuminate\Cookie\Middleware\EncryptCookies->handle(Object(Illuminate\Http\Request), Object(Closure))
#10 /home1/kmalith2/eonepisode/app/Http/Middleware/CheckForMaintenanceMode.php(26): Illuminate\Pipeline\Pipeline->Illuminate\Pipeline\{closure}(Object(Illuminate\Http\Request))
#11 /home1/kmalith2/eonepisode/vendor/laravel/framework/src/Illuminate/Pipeline/Pipeline.php(125): App\Http\Middleware\CheckForMaintenanceMode->handle(Object(Illuminate\Http\Request), Object(Closure))
#12 [internal function]: Illuminate\Pipeline\Pipeline->Illuminate\Pipeline\{closure}(Object(Illuminate\Http\Request))
#13 /home1/kmalith2/eonepisode/vendor/laravel/framework/src/Illuminate/Pipeline/Pipeline.php(100): call_user_func(Object(Closure), Object(Illuminate\Http\Request))
#14 /home1/kmalith2/eonepisode/vendor/laravel/framework/src/Illuminate/Foundation/Http/Kernel.php(111): Illuminate\Pipeline\Pipeline->then(Object(Closure))
#15 /home1/kmalith2/eonepisode/vendor/laravel/framework/src/Illuminate/Foundation/Http/Kernel.php(84): Illuminate\Foundation\Http\Kernel->sendRequestThroughRouter(Object(Illuminate\Http\Request))
#16 /home1/kmalith2/public_html/index.php(53): Illuminate\Foundation\Http\Kernel->handle(Object(Illuminate\Http\Request))
#17 {main}  
[2026-09-08 12:04:12] local.ERROR: Illuminate\Session\TokenMismatchException in /home1/kmalith2/eonepisode/vendor/laravel/framework/src/Illuminate/Foundation/Http/Middleware/VerifyCsrfToken.php:46
Stack trace:
#0 /home1/kmalith2/eonepisode/app/Http/Middleware/VerifyCsrfToken.php(17): Illuminate\Foundation\Http\Middleware\VerifyCsrfToken->handle(Object(Illuminate\Http\Request), Object(Closure))
#1 /home1/kmalith2/eonepisode/vendor/laravel/framework/src/Illuminate/Pipeline/Pipeline.php(125): App\Http\Middleware\VerifyCsrfToken->handle(Object(Illuminate\Http\Request), Object(Closure))
#2 /home1/kmalith2/eonepisode/vendor/laravel/framework/src/Illuminate/View/Middleware/ShareErrorsFromSession.php(55): Illuminate\Pipeline\Pipeline->Illuminate\Pipeline\{closure}(Object(Illuminate\Http\Request))
#3 /home1/kmalith2/eonepisode/vendor/laravel/framework/src/Illuminate/Pipeline/Pipeline.php(125): Illuminate\View\Middleware\ShareErrorsFromSession->handle(Object(Illuminate\Http\Request), Object(Closure))
#4 /home1/kmalith2/eonepisode/vendor/laravel/framework/src/Illuminate/Session/Middleware/StartSession.php(61): Illuminate\Pipeline\Pipeline->Illuminate\Pipeline\{closure}(Object(Illuminate\Http\Request))
#5 /home1/kmalith2/eonepisode/vendor/laravel/framework/src/Illuminate/Pipeline/Pipeline.php(125): Illuminate\Session\Middleware\StartSession->handle(Object(Illuminate\Http\Request), Object(Closure))
#6 /home1/kmalith2/eonepisode/vendor/laravel/framework/src/Illuminate/Cookie/Middleware/AddQueuedCookiesToResponse.php(36): Illuminate\Pipeline\Pipeline->Illuminate\Pipeline\{closure}(Object(Illuminate\Http\Request))
#7 /home1/kmalith2/eonepisode/vendor/laravel/framework/src/Illuminate/Pipeline/Pipeline.php(125): Illuminate\Cookie\Middleware\AddQueuedCookiesToResponse->handle(Object(Illuminate\Http\Request), Object(Closure))
#8 /home1/kmalith2/eonepisode/vendor/laravel/framework/src/Illuminate/Cookie/Middleware/EncryptCookies.php(40): Illuminate\Pipeline\Pipeline->Illuminate\Pipeline\{closure}(Object(Illuminate\Http\Request))
#9 /home1/kmalith2/eonepisode/vendor/laravel/framework/src/Illuminate/Pipeline/Pipeline.php(125): Illuminate\Cookie\Middleware\EncryptCookies->handle(Object(Illuminate\Http\Request), Object(Closure))
#10 /home1/kmalith2/eonepisode/app/Http/Middleware/CheckForMaintenanceMode.php(26): Illuminate\Pipeline\Pipeline->Illuminate\Pipeline\{closure}(Object(Illuminate\Http\Request))
#11 /home1/kmalith2/eonepisode/vendor/laravel/framework/src/Illuminate/Pipeline/Pipeline.php(125): App\Http\Middleware\CheckForMaintenanceMode->handle(Object(Illuminate\Http\Request), Object(Closure))
#12 [internal function]: Illuminate\Pipeline\Pipeline->Illuminate\Pipeline\{closure}(Object(Illuminate\Http\Request))
#13 /home1/kmalith2/eonepisode/vendor/laravel/framework/src/Illuminate/Pipeline/Pipeline.php(100): call_user_func(Object(Closure), Object(Illuminate\Http\Request))
#14 /home1/kmalith2/eonepisode/vendor/laravel/framework/src/Illuminate/Foundation/Http/Kernel.php(111): Illuminate\Pipeline\Pipeline->then(Object(Closure))
#15 /home1/kmalith2/eonepisode/vendor/laravel/framework/src/Illuminate/Foundation/Http/Kernel.php(84): Illuminate\Foundation\Http\Kernel->sendRequestThroughRouter(Object(Illuminate\Http\Request))
#16 /home1/kmalith2/public_html/index.php(53): Illuminate\Foundation\Http\Kernel->handle(Object(Illuminate\Http\Request))
#17 {main}  
[2026-09-08 12:04:13] local.ERROR: Illuminate\Session\TokenMismatchException in /home1/kmalith2/eonepisode/vendor/laravel/framework/src/Illuminate/Foundation/Http/Middleware/VerifyCsrfToken.php:46
Stack trace:
#0 /home1/kmalith2/eonepisode/app/Http/Middleware/VerifyCsrfToken.php(17): Illuminate\Foundation\Http\Middleware\VerifyCsrfToken->handle(Object(Illuminate\Http\Request), Object(Closure))
#1 /home1/kmalith2/eonepisode/vendor/laravel/framework/src/Illuminate/Pipeline/Pipeline.php(125): App\Http\Middleware\VerifyCsrfToken->handle(Object(Illuminate\Http\Request), Object(Closure))
#2 /home1/kmalith2/eonepisode/vendor/laravel/framework/src/Illuminate/View/Middleware/ShareErrorsFromSession.php(55): Illuminate\Pipeline\Pipeline->Illuminate\Pipeline\{closure}(Object(Illuminate\Http\Request))
#3 /home1/kmalith2/eonepisode/vendor/laravel/framework/src/Illuminate/Pipeline/Pipeline.php(125): Illuminate\View\Middleware\ShareErrorsFromSession->handle(Object(Illuminate\Http\Request), Object(Closure))
#4 /home1/kmalith2/eonepisode/vendor/laravel/framework/src/Illuminate/Session/Middleware/StartSession.php(61): Illuminate\Pipeline\Pipeline->Illuminate\Pipeline\{closure}(Object(Illuminate\Http\Request))
#5 /home1/kmalith2/eonepisode/vendor/laravel/framework/src/Illuminate/Pipeline/Pipeline.php(125): Illuminate\Session\Middleware\StartSession->handle(Object(Illuminate\Http\Request), Object(Closure))
#6 /home1/kmalith2/eonepisode/vendor/laravel/framework/src/Illuminate/Cookie/Middleware/AddQueuedCookiesToResponse.php(36): Illuminate\Pipeline\Pipeline->Illuminate\Pipeline\{closure}(Object(Illuminate\Http\Request))
#7 /home1/kmalith2/eonepisode/vendor/laravel/framework/src/Illuminate/Pipeline/Pipeline.php(125): Illuminate\Cookie\Middleware\AddQueuedCookiesToResponse->handle(Object(Illuminate\Http\Request), Object(Closure))
#8 /home1/kmalith2/eonepisode/vendor/laravel/framework/src/Illuminate/Cookie/Middleware/EncryptCookies.php(40): Illuminate\Pipeline\Pipeline->Illuminate\Pipeline\{closure}(Object(Illuminate\Http\Request))
#9 /home1/kmalith2/eonepisode/vendor/laravel/framework/src/Illuminate/Pipeline/Pipeline.php(125): Illuminate\Cookie\Middleware\EncryptCookies->handle(Object(Illuminate\Http\Request), Object(Closure))
#10 /home1/kmalith2/eonepisode/app/Http/Middleware/CheckForMaintenanceMode.php(26): Illuminate\Pipeline\Pipeline->Illuminate\Pipeline\{closure}(Object(Illuminate\Http\Request))
#11 /home1/kmalith2/eonepisode/vendor/laravel/framework/src/Illuminate/Pipeline/Pipeline.php(125): App\Http\Middleware\CheckForMaintenanceMode->handle(Object(Illuminate\Http\Request), Object(Closure))
#12 [internal function]: Illuminate\Pipeline\Pipeline->Illuminate\Pipeline\{closure}(Object(Illuminate\Http\Request))
#13 /home1/kmalith2/eonepisode/vendor/laravel/framework/src/Illuminate/Pipeline/Pipeline.php(100): call_user_func(Object(Closure), Object(Illuminate\Http\Request))
#14 /home1/kmalith2/eonepisode/vendor/laravel/framework/src/Illuminate/Foundation/Http/Kernel.php(111): Illuminate\Pipeline\Pipeline->then(Object(Closure))
#15 /home1/kmalith2/eonepisode/vendor/laravel/framework/src/Illuminate/Foundation/Http/Kernel.php(84): Illuminate\Foundation\Http\Kernel->sendRequestThroughRouter(Object(Illuminate\Http\Request))
#16 /home1/kmalith2/public_html/index.php(53): Illuminate\Foundation\Http\Kernel->handle(Object(Illuminate\Http\Request))
#17 {main}  
[2026-09-08 12:04:13] local.ERROR: Illuminate\Session\TokenMismatchException in /home1/kmalith2/eonepisode/vendor/laravel/framework/src/Illuminate/Foundation/Http/Middleware/VerifyCsrfToken.php:46
Stack trace:
#0 /home1/kmalith2/eonepisode/app/Http/Middleware/VerifyCsrfToken.php(17): Illuminate\Foundation\Http\Middleware\VerifyCsrfToken->handle(Object(Illuminate\Http\Request), Object(Closure))
#1 /home1/kmalith2/eonepisode/vendor/laravel/framework/src/Illuminate/Pipeline/Pipeline.php(125): App\Http\Middleware\VerifyCsrfToken->handle(Object(Illuminate\Http\Request), Object(Closure))
#2 /home1/kmalith2/eonepisode/vendor/laravel/framework/src/Illuminate/View/Middleware/ShareErrorsFromSession.php(55): Illuminate\Pipeline\Pipeline->Illuminate\Pipeline\{closure}(Object(Illuminate\Http\Request))
#3 /home1/kmalith2/eonepisode/vendor/laravel/framework/src/Illuminate/Pipeline/Pipeline.php(125): Illuminate\View\Middleware\ShareErrorsFromSession->handle(Object(Illuminate\Http\Request), Object(Closure))
#4 /home1/kmalith2/eonepisode/vendor/laravel/framework/src/Illuminate/Session/Middleware/StartSession.php(61): Illuminate\Pipeline\Pipeline->Illuminate\Pipeline\{closure}(Object(Illuminate\Http\Request))
#5 /home1/kmalith2/eonepisode/vendor/laravel/framework/src/Illuminate/Pipeline/Pipeline.php(125): Illuminate\Session\Middleware\StartSession->handle(Object(Illuminate\Http\Request), Object(Closure))
#6 /home1/kmalith2/eonepisode/vendor/laravel/framework/src/Illuminate/Cookie/Middleware/AddQueuedCookiesToResponse.php(36): Illuminate\Pipeline\Pipeline->Illuminate\Pipeline\{closure}(Object(Illuminate\Http\Request))
#7 /home1/kmalith2/eonepisode/vendor/laravel/framework/src/Illuminate/Pipeline/Pipeline.php(125): Illuminate\Cookie\Middleware\AddQueuedCookiesToResponse->handle(Object(Illuminate\Http\Request), Object(Closure))
#8 /home1/kmalith2/eonepisode/vendor/laravel/framework/src/Illuminate/Cookie/Middleware/EncryptCookies.php(40): Illuminate\Pipeline\Pipeline->Illuminate\Pipeline\{closure}(Object(Illuminate\Http\Request))
#9 /home1/kmalith2/eonepisode/vendor/laravel/framework/src/Illuminate/Pipeline/Pipeline.php(125): Illuminate\Cookie\Middleware\EncryptCookies->handle(Object(Illuminate\Http\Request), Object(Closure))
#10 /home1/kmalith2/eonepisode/app/Http/Middleware/CheckForMaintenanceMode.php(26): Illuminate\Pipeline\Pipeline->Illuminate\Pipeline\{closure}(Object(Illuminate\Http\Request))
#11 /home1/kmalith2/eonepisode/vendor/laravel/framework/src/Illuminate/Pipeline/Pipeline.php(125): App\Http\Middleware\CheckForMaintenanceMode->handle(Object(Illuminate\Http\Request), Object(Closure))
#12 [internal function]: Illuminate\Pipeline\Pipeline->Illuminate\Pipeline\{closure}(Object(Illuminate\Http\Request))
#13 /home1/kmalith2/eonepisode/vendor/laravel/framework/src/Illuminate/Pipeline/Pipeline.php(100): call_user_func(Object(Closure), Object(Illuminate\Http\Request))
#14 /home1/kmalith2/eonepisode/vendor/laravel/framework/src/Illuminate/Foundation/Http/Kernel.php(111): Illuminate\Pipeline\Pipeline->then(Object(Closure))
#15 /home1/kmalith2/eonepisode/vendor/laravel/framework/src/Illuminate/Foundation/Http/Kernel.php(84): Illuminate\Foundation\Http\Kernel->sendRequestThroughRouter(Object(Illuminate\Http\Request))
#16 /home1/kmalith2/public_html/index.php(53): Illuminate\Foundation\Http\Kernel->handle(Object(Illuminate\Http\Request))
#17 {main}  
[2026-09-08 12:09:27] local.ERROR: Illuminate\Session\TokenMismatchException in /home1/kmalith2/eonepisode/vendor/laravel/framework/src/Illuminate/Foundation/Http/Middleware/VerifyCsrfToken.php:46
Stack trace:
#0 /home1/kmalith2/eonepisode/app/Http/Middleware/VerifyCsrfToken.php(17): Illuminate\Foundation\Http\Middleware\VerifyCsrfToken->handle(Object(Illuminate\Http\Request), Object(Closure))
#1 /home1/kmalith2/eonepisode/vendor/laravel/framework/src/Illuminate/Pipeline/Pipeline.php(125): App\Http\Middleware\VerifyCsrfToken->handle(Object(Illuminate\Http\Request), Object(Closure))
#2 /home1/kmalith2/eonepisode/vendor/laravel/framework/src/Illuminate/View/Middleware/ShareErrorsFromSession.php(55): Illuminate\Pipeline\Pipeline->Illuminate\Pipeline\{closure}(Object(Illuminate\Http\Request))
#3 /home1/kmalith2/eonepisode/vendor/laravel/framework/src/Illuminate/Pipeline/Pipeline.php(125): Illuminate\View\Middleware\ShareErrorsFromSession->handle(Object(Illuminate\Http\Request), Object(Closure))
#4 /home1/kmalith2/eonepisode/vendor/laravel/framework/src/Illuminate/Session/Middleware/StartSession.php(61): Illuminate\Pipeline\Pipeline->Illuminate\Pipeline\{closure}(Object(Illuminate\Http\Request))
#5 /home1/kmalith2/eonepisode/vendor/laravel/framework/src/Illuminate/Pipeline/Pipeline.php(125): Illuminate\Session\Middleware\StartSession->handle(Object(Illuminate\Http\Request), Object(Closure))
#6 /home1/kmalith2/eonepisode/vendor/laravel/framework/src/Illuminate/Cookie/Middleware/AddQueuedCookiesToResponse.php(36): Illuminate\Pipeline\Pipeline->Illuminate\Pipeline\{closure}(Object(Illuminate\Http\Request))
#7 /home1/kmalith2/eonepisode/vendor/laravel/framework/src/Illuminate/Pipeline/Pipeline.php(125): Illuminate\Cookie\Middleware\AddQueuedCookiesToResponse->handle(Object(Illuminate\Http\Request), Object(Closure))
#8 /home1/kmalith2/eonepisode/vendor/laravel/framework/src/Illuminate/Cookie/Middleware/EncryptCookies.php(40): Illuminate\Pipeline\Pipeline->Illuminate\Pipeline\{closure}(Object(Illuminate\Http\Request))
#9 /home1/kmalith2/eonepisode/vendor/laravel/framework/src/Illuminate/Pipeline/Pipeline.php(125): Illuminate\Cookie\Middleware\EncryptCookies->handle(Object(Illuminate\Http\Request), Object(Closure))
#10 /home1/kmalith2/eonepisode/app/Http/Middleware/CheckForMaintenanceMode.php(26): Illuminate\Pipeline\Pipeline->Illuminate\Pipeline\{closure}(Object(Illuminate\Http\Request))
#11 /home1/kmalith2/eonepisode/vendor/laravel/framework/src/Illuminate/Pipeline/Pipeline.php(125): App\Http\Middleware\CheckForMaintenanceMode->handle(Object(Illuminate\Http\Request), Object(Closure))
#12 [internal function]: Illuminate\Pipeline\Pipeline->Illuminate\Pipeline\{closure}(Object(Illuminate\Http\Request))
#13 /home1/kmalith2/eonepisode/vendor/laravel/framework/src/Illuminate/Pipeline/Pipeline.php(100): call_user_func(Object(Closure), Object(Illuminate\Http\Request))
#14 /home1/kmalith2/eonepisode/vendor/laravel/framework/src/Illuminate/Foundation/Http/Kernel.php(111): Illuminate\Pipeline\Pipeline->then(Object(Closure))
#15 /home1/kmalith2/eonepisode/vendor/laravel/framework/src/Illuminate/Foundation/Http/Kernel.php(84): Illuminate\Foundation\Http\Kernel->sendRequestThroughRouter(Object(Illuminate\Http\Request))
#16 /home1/kmalith2/public_html/index.php(53): Illuminate\Foundation\Http\Kernel->handle(Object(Illuminate\Http\Request))
#17 {main}  
[2026-09-08 12:09:28] local.ERROR: Illuminate\Session\TokenMismatchException in /home1/kmalith2/eonepisode/vendor/laravel/framework/src/Illuminate/Foundation/Http/Middleware/VerifyCsrfToken.php:46
Stack trace:
#0 /home1/kmalith2/eonepisode/app/Http/Middleware/VerifyCsrfToken.php(17): Illuminate\Foundation\Http\Middleware\VerifyCsrfToken->handle(Object(Illuminate\Http\Request), Object(Closure))
#1 /home1/kmalith2/eonepisode/vendor/laravel/framework/src/Illuminate/Pipeline/Pipeline.php(125): App\Http\Middleware\VerifyCsrfToken->handle(Object(Illuminate\Http\Request), Object(Closure))
#2 /home1/kmalith2/eonepisode/vendor/laravel/framework/src/Illuminate/View/Middleware/ShareErrorsFromSession.php(55): Illuminate\Pipeline\Pipeline->Illuminate\Pipeline\{closure}(Object(Illuminate\Http\Request))
#3 /home1/kmalith2/eonepisode/vendor/laravel/framework/src/Illuminate/Pipeline/Pipeline.php(125): Illuminate\View\Middleware\ShareErrorsFromSession->handle(Object(Illuminate\Http\Request), Object(Closure))
#4 /home1/kmalith2/eonepisode/vendor/laravel/framework/src/Illuminate/Session/Middleware/StartSession.php(61): Illuminate\Pipeline\Pipeline->Illuminate\Pipeline\{closure}(Object(Illuminate\Http\Request))
#5 /home1/kmalith2/eonepisode/vendor/laravel/framework/src/Illuminate/Pipeline/Pipeline.php(125): Illuminate\Session\Middleware\StartSession->handle(Object(Illuminate\Http\Request), Object(Closure))
#6 /home1/kmalith2/eonepisode/vendor/laravel/framework/src/Illuminate/Cookie/Middleware/AddQueuedCookiesToResponse.php(36): Illuminate\Pipeline\Pipeline->Illuminate\Pipeline\{closure}(Object(Illuminate\Http\Request))
#7 /home1/kmalith2/eonepisode/vendor/laravel/framework/src/Illuminate/Pipeline/Pipeline.php(125): Illuminate\Cookie\Middleware\AddQueuedCookiesToResponse->handle(Object(Illuminate\Http\Request), Object(Closure))
#8 /home1/kmalith2/eonepisode/vendor/laravel/framework/src/Illuminate/Cookie/Middleware/EncryptCookies.php(40): Illuminate\Pipeline\Pipeline->Illuminate\Pipeline\{closure}(Object(Illuminate\Http\Request))
#9 /home1/kmalith2/eonepisode/vendor/laravel/framework/src/Illuminate/Pipeline/Pipeline.php(125): Illuminate\Cookie\Middleware\EncryptCookies->handle(Object(Illuminate\Http\Request), Object(Closure))
#10 /home1/kmalith2/eonepisode/app/Http/Middleware/CheckForMaintenanceMode.php(26): Illuminate\Pipeline\Pipeline->Illuminate\Pipeline\{closure}(Object(Illuminate\Http\Request))
#11 /home1/kmalith2/eonepisode/vendor/laravel/framework/src/Illuminate/Pipeline/Pipeline.php(125): App\Http\Middleware\CheckForMaintenanceMode->handle(Object(Illuminate\Http\Request), Object(Closure))
#12 [internal function]: Illuminate\Pipeline\Pipeline->Illuminate\Pipeline\{closure}(Object(Illuminate\Http\Request))
#13 /home1/kmalith2/eonepisode/vendor/laravel/framework/src/Illuminate/Pipeline/Pipeline.php(100): call_user_func(Object(Closure), Object(Illuminate\Http\Request))
#14 /home1/kmalith2/eonepisode/vendor/laravel/framework/src/Illuminate/Foundation/Http/Kernel.php(111): Illuminate\Pipeline\Pipeline->then(Object(Closure))
#15 /home1/kmalith2/eonepisode/vendor/laravel/framework/src/Illuminate/Foundation/Http/Kernel.php(84): Illuminate\Foundation\Http\Kernel->sendRequestThroughRouter(Object(Illuminate\Http\Request))
#16 /home1/kmalith2/public_html/index.php(53): Illuminate\Foundation\Http\Kernel->handle(Object(Illuminate\Http\Request))
#17 {main}  
[2026-09-08 12:17:16] local.ERROR: Illuminate\Session\TokenMismatchException in /home1/kmalith2/eonepisode/vendor/laravel/framework/src/Illuminate/Foundation/Http/Middleware/VerifyCsrfToken.php:46
Stack trace:
#0 /home1/kmalith2/eonepisode/app/Http/Middleware/VerifyCsrfToken.php(17): Illuminate\Foundation\Http\Middleware\VerifyCsrfToken->handle(Object(Illuminate\Http\Request), Object(Closure))
#1 /home1/kmalith2/eonepisode/vendor/laravel/framework/src/Illuminate/Pipeline/Pipeline.php(125): App\Http\Middleware\VerifyCsrfToken->handle(Object(Illuminate\Http\Request), Object(Closure))
#2 /home1/kmalith2/eonepisode/vendor/laravel/framework/src/Illuminate/View/Middleware/ShareErrorsFromSession.php(55): Illuminate\Pipeline\Pipeline->Illuminate\Pipeline\{closure}(Object(Illuminate\Http\Request))
#3 /home1/kmalith2/eonepisode/vendor/laravel/framework/src/Illuminate/Pipeline/Pipeline.php(125): Illuminate\View\Middleware\ShareErrorsFromSession->handle(Object(Illuminate\Http\Request), Object(Closure))
#4 /home1/kmalith2/eonepisode/vendor/laravel/framework/src/Illuminate/Session/Middleware/StartSession.php(61): Illuminate\Pipeline\Pipeline->Illuminate\Pipeline\{closure}(Object(Illuminate\Http\Request))
#5 /home1/kmalith2/eonepisode/vendor/laravel/framework/src/Illuminate/Pipeline/Pipeline.php(125): Illuminate\Session\Middleware\StartSession->handle(Object(Illuminate\Http\Request), Object(Closure))
#6 /home1/kmalith2/eonepisode/vendor/laravel/framework/src/Illuminate/Cookie/Middleware/AddQueuedCookiesToResponse.php(36): Illuminate\Pipeline\Pipeline->Illuminate\Pipeline\{closure}(Object(Illuminate\Http\Request))
#7 /home1/kmalith2/eonepisode/vendor/laravel/framework/src/Illuminate/Pipeline/Pipeline.php(125): Illuminate\Cookie\Middleware\AddQueuedCookiesToResponse->handle(Object(Illuminate\Http\Request), Object(Closure))
#8 /home1/kmalith2/eonepisode/vendor/laravel/framework/src/Illuminate/Cookie/Middleware/EncryptCookies.php(40): Illuminate\Pipeline\Pipeline->Illuminate\Pipeline\{closure}(Object(Illuminate\Http\Request))
#9 /home1/kmalith2/eonepisode/vendor/laravel/framework/src/Illuminate/Pipeline/Pipeline.php(125): Illuminate\Cookie\Middleware\EncryptCookies->handle(Object(Illuminate\Http\Request), Object(Closure))
#10 /home1/kmalith2/eonepisode/app/Http/Middleware/CheckForMaintenanceMode.php(26): Illuminate\Pipeline\Pipeline->Illuminate\Pipeline\{closure}(Object(Illuminate\Http\Request))
#11 /home1/kmalith2/eonepisode/vendor/laravel/framework/src/Illuminate/Pipeline/Pipeline.php(125): App\Http\Middleware\CheckForMaintenanceMode->handle(Object(Illuminate\Http\Request), Object(Closure))
#12 [internal function]: Illuminate\Pipeline\Pipeline->Illuminate\Pipeline\{closure}(Object(Illuminate\Http\Request))
#13 /home1/kmalith2/eonepisode/vendor/laravel/framework/src/Illuminate/Pipeline/Pipeline.php(100): call_user_func(Object(Closure), Object(Illuminate\Http\Request))
#14 /home1/kmalith2/eonepisode/vendor/laravel/framework/src/Illuminate/Foundation/Http/Kernel.php(111): Illuminate\Pipeline\Pipeline->then(Object(Closure))
#15 /home1/kmalith2/eonepisode/vendor/laravel/framework/src/Illuminate/Foundation/Http/Kernel.php(84): Illuminate\Foundation\Http\Kernel->sendRequestThroughRouter(Object(Illuminate\Http\Request))
#16 /home1/kmalith2/public_html/index.php(53): Illuminate\Foundation\Http\Kernel->handle(Object(Illuminate\Http\Request))
#17 {main}  
[2026-09-08 14:07:49] local.ERROR: Illuminate\Session\TokenMismatchException in /home1/kmalith2/eonepisode/vendor/laravel/framework/src/Illuminate/Foundation/Http/Middleware/VerifyCsrfToken.php:46
Stack trace:
#0 /home1/kmalith2/eonepisode/app/Http/Middleware/VerifyCsrfToken.php(17): Illuminate\Foundation\Http\Middleware\VerifyCsrfToken->handle(Object(Illuminate\Http\Request), Object(Closure))
#1 /home1/kmalith2/eonepisode/vendor/laravel/framework/src/Illuminate/Pipeline/Pipeline.php(125): App\Http\Middleware\VerifyCsrfToken->handle(Object(Illuminate\Http\Request), Object(Closure))
#2 /home1/kmalith2/eonepisode/vendor/laravel/framework/src/Illuminate/View/Middleware/ShareErrorsFromSession.php(55): Illuminate\Pipeline\Pipeline->Illuminate\Pipeline\{closure}(Object(Illuminate\Http\Request))
#3 /home1/kmalith2/eonepisode/vendor/laravel/framework/src/Illuminate/Pipeline/Pipeline.php(125): Illuminate\View\Middleware\ShareErrorsFromSession->handle(Object(Illuminate\Http\Request), Object(Closure))
#4 /home1/kmalith2/eonepisode/vendor/laravel/framework/src/Illuminate/Session/Middleware/StartSession.php(61): Illuminate\Pipeline\Pipeline->Illuminate\Pipeline\{closure}(Object(Illuminate\Http\Request))
#5 /home1/kmalith2/eonepisode/vendor/laravel/framework/src/Illuminate/Pipeline/Pipeline.php(125): Illuminate\Session\Middleware\StartSession->handle(Object(Illuminate\Http\Request), Object(Closure))
#6 /home1/kmalith2/eonepisode/vendor/laravel/framework/src/Illuminate/Cookie/Middleware/AddQueuedCookiesToResponse.php(36): Illuminate\Pipeline\Pipeline->Illuminate\Pipeline\{closure}(Object(Illuminate\Http\Request))
#7 /home1/kmalith2/eonepisode/vendor/laravel/framework/src/Illuminate/Pipeline/Pipeline.php(125): Illuminate\Cookie\Middleware\AddQueuedCookiesToResponse->handle(Object(Illuminate\Http\Request), Object(Closure))
#8 /home1/kmalith2/eonepisode/vendor/laravel/framework/src/Illuminate/Cookie/Middleware/EncryptCookies.php(40): Illuminate\Pipeline\Pipeline->Illuminate\Pipeline\{closure}(Object(Illuminate\Http\Request))
#9 /home1/kmalith2/eonepisode/vendor/laravel/framework/src/Illuminate/Pipeline/Pipeline.php(125): Illuminate\Cookie\Middleware\EncryptCookies->handle(Object(Illuminate\Http\Request), Object(Closure))
#10 /home1/kmalith2/eonepisode/app/Http/Middleware/CheckForMaintenanceMode.php(26): Illuminate\Pipeline\Pipeline->Illuminate\Pipeline\{closure}(Object(Illuminate\Http\Request))
#11 /home1/kmalith2/eonepisode/vendor/laravel/framework/src/Illuminate/Pipeline/Pipeline.php(125): App\Http\Middleware\CheckForMaintenanceMode->handle(Object(Illuminate\Http\Request), Object(Closure))
#12 [internal function]: Illuminate\Pipeline\Pipeline->Illuminate\Pipeline\{closure}(Object(Illuminate\Http\Request))
#13 /home1/kmalith2/eonepisode/vendor/laravel/framework/src/Illuminate/Pipeline/Pipeline.php(100): call_user_func(Object(Closure), Object(Illuminate\Http\Request))
#14 /home1/kmalith2/eonepisode/vendor/laravel/framework/src/Illuminate/Foundation/Http/Kernel.php(111): Illuminate\Pipeline\Pipeline->then(Object(Closure))
#15 /home1/kmalith2/eonepisode/vendor/laravel/framework/src/Illuminate/Foundation/Http/Kernel.php(84): Illuminate\Foundation\Http\Kernel->sendRequestThroughRouter(Object(Illuminate\Http\Request))
#16 /home1/kmalith2/public_html/index.php(53): Illuminate\Foundation\Http\Kernel->handle(Object(Illuminate\Http\Request))
#17 {main}  
[2026-09-08 15:14:35] local.ERROR: Illuminate\Session\TokenMismatchException in /home1/kmalith2/eonepisode/vendor/laravel/framework/src/Illuminate/Foundation/Http/Middleware/VerifyCsrfToken.php:46
Stack trace:
#0 /home1/kmalith2/eonepisode/app/Http/Middleware/VerifyCsrfToken.php(17): Illuminate\Foundation\Http\Middleware\VerifyCsrfToken->handle(Object(Illuminate\Http\Request), Object(Closure))
#1 /home1/kmalith2/eonepisode/vendor/laravel/framework/src/Illuminate/Pipeline/Pipeline.php(125): App\Http\Middleware\VerifyCsrfToken->handle(Object(Illuminate\Http\Request), Object(Closure))
#2 /home1/kmalith2/eonepisode/vendor/laravel/framework/src/Illuminate/View/Middleware/ShareErrorsFromSession.php(55): Illuminate\Pipeline\Pipeline->Illuminate\Pipeline\{closure}(Object(Illuminate\Http\Request))
#3 /home1/kmalith2/eonepisode/vendor/laravel/framework/src/Illuminate/Pipeline/Pipeline.php(125): Illuminate\View\Middleware\ShareErrorsFromSession->handle(Object(Illuminate\Http\Request), Object(Closure))
#4 /home1/kmalith2/eonepisode/vendor/laravel/framework/src/Illuminate/Session/Middleware/StartSession.php(61): Illuminate\Pipeline\Pipeline->Illuminate\Pipeline\{closure}(Object(Illuminate\Http\Request))
#5 /home1/kmalith2/eonepisode/vendor/laravel/framework/src/Illuminate/Pipeline/Pipeline.php(125): Illuminate\Session\Middleware\StartSession->handle(Object(Illuminate\Http\Request), Object(Closure))
#6 /home1/kmalith2/eonepisode/vendor/laravel/framework/src/Illuminate/Cookie/Middleware/AddQueuedCookiesToResponse.php(36): Illuminate\Pipeline\Pipeline->Illuminate\Pipeline\{closure}(Object(Illuminate\Http\Request))
#7 /home1/kmalith2/eonepisode/vendor/laravel/framework/src/Illuminate/Pipeline/Pipeline.php(125): Illuminate\Cookie\Middleware\AddQueuedCookiesToResponse->handle(Object(Illuminate\Http\Request), Object(Closure))
#8 /home1/kmalith2/eonepisode/vendor/laravel/framework/src/Illuminate/Cookie/Middleware/EncryptCookies.php(40): Illuminate\Pipeline\Pipeline->Illuminate\Pipeline\{closure}(Object(Illuminate\Http\Request))
#9 /home1/kmalith2/eonepisode/vendor/laravel/framework/src/Illuminate/Pipeline/Pipeline.php(125): Illuminate\Cookie\Middleware\EncryptCookies->handle(Object(Illuminate\Http\Request), Object(Closure))
#10 /home1/kmalith2/eonepisode/app/Http/Middleware/CheckForMaintenanceMode.php(26): Illuminate\Pipeline\Pipeline->Illuminate\Pipeline\{closure}(Object(Illuminate\Http\Request))
#11 /home1/kmalith2/eonepisode/vendor/laravel/framework/src/Illuminate/Pipeline/Pipeline.php(125): App\Http\Middleware\CheckForMaintenanceMode->handle(Object(Illuminate\Http\Request), Object(Closure))
#12 [internal function]: Illuminate\Pipeline\Pipeline->Illuminate\Pipeline\{closure}(Object(Illuminate\Http\Request))
#13 /home1/kmalith2/eonepisode/vendor/laravel/framework/src/Illuminate/Pipeline/Pipeline.php(100): call_user_func(Object(Closure), Object(Illuminate\Http\Request))
#14 /home1/kmalith2/eonepisode/vendor/laravel/framework/src/Illuminate/Foundation/Http/Kernel.php(111): Illuminate\Pipeline\Pipeline->then(Object(Closure))
#15 /home1/kmalith2/eonepisode/vendor/laravel/framework/src/Illuminate/Foundation/Http/Kernel.php(84): Illuminate\Foundation\Http\Kernel->sendRequestThroughRouter(Object(Illuminate\Http\Request))
#16 /home1/kmalith2/public_html/index.php(53): Illuminate\Foundation\Http\Kernel->handle(Object(Illuminate\Http\Request))
#17 {main}  
[2026-09-08 15:14:36] local.ERROR: Illuminate\Session\TokenMismatchException in /home1/kmalith2/eonepisode/vendor/laravel/framework/src/Illuminate/Foundation/Http/Middleware/VerifyCsrfToken.php:46
Stack trace:
#0 /home1/kmalith2/eonepisode/app/Http/Middleware/VerifyCsrfToken.php(17): Illuminate\Foundation\Http\Middleware\VerifyCsrfToken->handle(Object(Illuminate\Http\Request), Object(Closure))
#1 /home1/kmalith2/eonepisode/vendor/laravel/framework/src/Illuminate/Pipeline/Pipeline.php(125): App\Http\Middleware\VerifyCsrfToken->handle(Object(Illuminate\Http\Request), Object(Closure))
#2 /home1/kmalith2/eonepisode/vendor/laravel/framework/src/Illuminate/View/Middleware/ShareErrorsFromSession.php(55): Illuminate\Pipeline\Pipeline->Illuminate\Pipeline\{closure}(Object(Illuminate\Http\Request))
#3 /home1/kmalith2/eonepisode/vendor/laravel/framework/src/Illuminate/Pipeline/Pipeline.php(125): Illuminate\View\Middleware\ShareErrorsFromSession->handle(Object(Illuminate\Http\Request), Object(Closure))
#4 /home1/kmalith2/eonepisode/vendor/laravel/framework/src/Illuminate/Session/Middleware/StartSession.php(61): Illuminate\Pipeline\Pipeline->Illuminate\Pipeline\{closure}(Object(Illuminate\Http\Request))
#5 /home1/kmalith2/eonepisode/vendor/laravel/framework/src/Illuminate/Pipeline/Pipeline.php(125): Illuminate\Session\Middleware\StartSession->handle(Object(Illuminate\Http\Request), Object(Closure))
#6 /home1/kmalith2/eonepisode/vendor/laravel/framework/src/Illuminate/Cookie/Middleware/AddQueuedCookiesToResponse.php(36): Illuminate\Pipeline\Pipeline->Illuminate\Pipeline\{closure}(Object(Illuminate\Http\Request))
#7 /home1/kmalith2/eonepisode/vendor/laravel/framework/src/Illuminate/Pipeline/Pipeline.php(125): Illuminate\Cookie\Middleware\AddQueuedCookiesToResponse->handle(Object(Illuminate\Http\Request), Object(Closure))
#8 /home1/kmalith2/eonepisode/vendor/laravel/framework/src/Illuminate/Cookie/Middleware/EncryptCookies.php(40): Illuminate\Pipeline\Pipeline->Illuminate\Pipeline\{closure}(Object(Illuminate\Http\Request))
#9 /home1/kmalith2/eonepisode/vendor/laravel/framework/src/Illuminate/Pipeline/Pipeline.php(125): Illuminate\Cookie\Middleware\EncryptCookies->handle(Object(Illuminate\Http\Request), Object(Closure))
#10 /home1/kmalith2/eonepisode/app/Http/Middleware/CheckForMaintenanceMode.php(26): Illuminate\Pipeline\Pipeline->Illuminate\Pipeline\{closure}(Object(Illuminate\Http\Request))
#11 /home1/kmalith2/eonepisode/vendor/laravel/framework/src/Illuminate/Pipeline/Pipeline.php(125): App\Http\Middleware\CheckForMaintenanceMode->handle(Object(Illuminate\Http\Request), Object(Closure))
#12 [internal function]: Illuminate\Pipeline\Pipeline->Illuminate\Pipeline\{closure}(Object(Illuminate\Http\Request))
#13 /home1/kmalith2/eonepisode/vendor/laravel/framework/src/Illuminate/Pipeline/Pipeline.php(100): call_user_func(Object(Closure), Object(Illuminate\Http\Request))
#14 /home1/kmalith2/eonepisode/vendor/laravel/framework/src/Illuminate/Foundation/Http/Kernel.php(111): Illuminate\Pipeline\Pipeline->then(Object(Closure))
#15 /home1/kmalith2/eonepisode/vendor/laravel/framework/src/Illuminate/Foundation/Http/Kernel.php(84): Illuminate\Foundation\Http\Kernel->sendRequestThroughRouter(Object(Illuminate\Http\Request))
#16 /home1/kmalith2/public_html/index.php(53): Illuminate\Foundation\Http\Kernel->handle(Object(Illuminate\Http\Request))
#17 {main}  
[2026-09-08 15:14:36] local.ERROR: Illuminate\Session\TokenMismatchException in /home1/kmalith2/eonepisode/vendor/laravel/framework/src/Illuminate/Foundation/Http/Middleware/VerifyCsrfToken.php:46
Stack trace:
#0 /home1/kmalith2/eonepisode/app/Http/Middleware/VerifyCsrfToken.php(17): Illuminate\Foundation\Http\Middleware\VerifyCsrfToken->handle(Object(Illuminate\Http\Request), Object(Closure))
#1 /home1/kmalith2/eonepisode/vendor/laravel/framework/src/Illuminate/Pipeline/Pipeline.php(125): App\Http\Middleware\VerifyCsrfToken->handle(Object(Illuminate\Http\Request), Object(Closure))
#2 /home1/kmalith2/eonepisode/vendor/laravel/framework/src/Illuminate/View/Middleware/ShareErrorsFromSession.php(55): Illuminate\Pipeline\Pipeline->Illuminate\Pipeline\{closure}(Object(Illuminate\Http\Request))
#3 /home1/kmalith2/eonepisode/vendor/laravel/framework/src/Illuminate/Pipeline/Pipeline.php(125): Illuminate\View\Middleware\ShareErrorsFromSession->handle(Object(Illuminate\Http\Request), Object(Closure))
#4 /home1/kmalith2/eonepisode/vendor/laravel/framework/src/Illuminate/Session/Middleware/StartSession.php(61): Illuminate\Pipeline\Pipeline->Illuminate\Pipeline\{closure}(Object(Illuminate\Http\Request))
#5 /home1/kmalith2/eonepisode/vendor/laravel/framework/src/Illuminate/Pipeline/Pipeline.php(125): Illuminate\Session\Middleware\StartSession->handle(Object(Illuminate\Http\Request), Object(Closure))
#6 /home1/kmalith2/eonepisode/vendor/laravel/framework/src/Illuminate/Cookie/Middleware/AddQueuedCookiesToResponse.php(36): Illuminate\Pipeline\Pipeline->Illuminate\Pipeline\{closure}(Object(Illuminate\Http\Request))
#7 /home1/kmalith2/eonepisode/vendor/laravel/framework/src/Illuminate/Pipeline/Pipeline.php(125): Illuminate\Cookie\Middleware\AddQueuedCookiesToResponse->handle(Object(Illuminate\Http\Request), Object(Closure))
#8 /home1/kmalith2/eonepisode/vendor/laravel/framework/src/Illuminate/Cookie/Middleware/EncryptCookies.php(40): Illuminate\Pipeline\Pipeline->Illuminate\Pipeline\{closure}(Object(Illuminate\Http\Request))
#9 /home1/kmalith2/eonepisode/vendor/laravel/framework/src/Illuminate/Pipeline/Pipeline.php(125): Illuminate\Cookie\Middleware\EncryptCookies->handle(Object(Illuminate\Http\Request), Object(Closure))
#10 /home1/kmalith2/eonepisode/app/Http/Middleware/CheckForMaintenanceMode.php(26): Illuminate\Pipeline\Pipeline->Illuminate\Pipeline\{closure}(Object(Illuminate\Http\Request))
#11 /home1/kmalith2/eonepisode/vendor/laravel/framework/src/Illuminate/Pipeline/Pipeline.php(125): App\Http\Middleware\CheckForMaintenanceMode->handle(Object(Illuminate\Http\Request), Object(Closure))
#12 [internal function]: Illuminate\Pipeline\Pipeline->Illuminate\Pipeline\{closure}(Object(Illuminate\Http\Request))
#13 /home1/kmalith2/eonepisode/vendor/laravel/framework/src/Illuminate/Pipeline/Pipeline.php(100): call_user_func(Object(Closure), Object(Illuminate\Http\Request))
#14 /home1/kmalith2/eonepisode/vendor/laravel/framework/src/Illuminate/Foundation/Http/Kernel.php(111): Illuminate\Pipeline\Pipeline->then(Object(Closure))
#15 /home1/kmalith2/eonepisode/vendor/laravel/framework/src/Illuminate/Foundation/Http/Kernel.php(84): Illuminate\Foundation\Http\Kernel->sendRequestThroughRouter(Object(Illuminate\Http\Request))
#16 /home1/kmalith2/public_html/index.php(53): Illuminate\Foundation\Http\Kernel->handle(Object(Illuminate\Http\Request))
#17 {main}  
[2026-09-08 15:14:36] local.ERROR: Illuminate\Session\TokenMismatchException in /home1/kmalith2/eonepisode/vendor/laravel/framework/src/Illuminate/Foundation/Http/Middleware/VerifyCsrfToken.php:46
Stack trace:
#0 /home1/kmalith2/eonepisode/app/Http/Middleware/VerifyCsrfToken.php(17): Illuminate\Foundation\Http\Middleware\VerifyCsrfToken->handle(Object(Illuminate\Http\Request), Object(Closure))
#1 /home1/kmalith2/eonepisode/vendor/laravel/framework/src/Illuminate/Pipeline/Pipeline.php(125): App\Http\Middleware\VerifyCsrfToken->handle(Object(Illuminate\Http\Request), Object(Closure))
#2 /home1/kmalith2/eonepisode/vendor/laravel/framework/src/Illuminate/View/Middleware/ShareErrorsFromSession.php(55): Illuminate\Pipeline\Pipeline->Illuminate\Pipeline\{closure}(Object(Illuminate\Http\Request))
#3 /home1/kmalith2/eonepisode/vendor/laravel/framework/src/Illuminate/Pipeline/Pipeline.php(125): Illuminate\View\Middleware\ShareErrorsFromSession->handle(Object(Illuminate\Http\Request), Object(Closure))
#4 /home1/kmalith2/eonepisode/vendor/laravel/framework/src/Illuminate/Session/Middleware/StartSession.php(61): Illuminate\Pipeline\Pipeline->Illuminate\Pipeline\{closure}(Object(Illuminate\Http\Request))
#5 /home1/kmalith2/eonepisode/vendor/laravel/framework/src/Illuminate/Pipeline/Pipeline.php(125): Illuminate\Session\Middleware\StartSession->handle(Object(Illuminate\Http\Request), Object(Closure))
#6 /home1/kmalith2/eonepisode/vendor/laravel/framework/src/Illuminate/Cookie/Middleware/AddQueuedCookiesToResponse.php(36): Illuminate\Pipeline\Pipeline->Illuminate\Pipeline\{closure}(Object(Illuminate\Http\Request))
#7 /home1/kmalith2/eonepisode/vendor/laravel/framework/src/Illuminate/Pipeline/Pipeline.php(125): Illuminate\Cookie\Middleware\AddQueuedCookiesToResponse->handle(Object(Illuminate\Http\Request), Object(Closure))
#8 /home1/kmalith2/eonepisode/vendor/laravel/framework/src/Illuminate/Cookie/Middleware/EncryptCookies.php(40): Illuminate\Pipeline\Pipeline->Illuminate\Pipeline\{closure}(Object(Illuminate\Http\Request))
#9 /home1/kmalith2/eonepisode/vendor/laravel/framework/src/Illuminate/Pipeline/Pipeline.php(125): Illuminate\Cookie\Middleware\EncryptCookies->handle(Object(Illuminate\Http\Request), Object(Closure))
#10 /home1/kmalith2/eonepisode/app/Http/Middleware/CheckForMaintenanceMode.php(26): Illuminate\Pipeline\Pipeline->Illuminate\Pipeline\{closure}(Object(Illuminate\Http\Request))
#11 /home1/kmalith2/eonepisode/vendor/laravel/framework/src/Illuminate/Pipeline/Pipeline.php(125): App\Http\Middleware\CheckForMaintenanceMode->handle(Object(Illuminate\Http\Request), Object(Closure))
#12 [internal function]: Illuminate\Pipeline\Pipeline->Illuminate\Pipeline\{closure}(Object(Illuminate\Http\Request))
#13 /home1/kmalith2/eonepisode/vendor/laravel/framework/src/Illuminate/Pipeline/Pipeline.php(100): call_user_func(Object(Closure), Object(Illuminate\Http\Request))
#14 /home1/kmalith2/eonepisode/vendor/laravel/framework/src/Illuminate/Foundation/Http/Kernel.php(111): Illuminate\Pipeline\Pipeline->then(Object(Closure))
#15 /home1/kmalith2/eonepisode/vendor/laravel/framework/src/Illuminate/Foundation/Http/Kernel.php(84): Illuminate\Foundation\Http\Kernel->sendRequestThroughRouter(Object(Illuminate\Http\Request))
#16 /home1/kmalith2/public_html/index.php(53): Illuminate\Foundation\Http\Kernel->handle(Object(Illuminate\Http\Request))
#17 {main}  
[2026-09-08 16:37:35] local.ERROR: Illuminate\Session\TokenMismatchException in /home1/kmalith2/eonepisode/vendor/laravel/framework/src/Illuminate/Foundation/Http/Middleware/VerifyCsrfToken.php:46
Stack trace:
#0 /home1/kmalith2/eonepisode/app/Http/Middleware/VerifyCsrfToken.php(17): Illuminate\Foundation\Http\Middleware\VerifyCsrfToken->handle(Object(Illuminate\Http\Request), Object(Closure))
#1 /home1/kmalith2/eonepisode/vendor/laravel/framework/src/Illuminate/Pipeline/Pipeline.php(125): App\Http\Middleware\VerifyCsrfToken->handle(Object(Illuminate\Http\Request), Object(Closure))
#2 /home1/kmalith2/eonepisode/vendor/laravel/framework/src/Illuminate/View/Middleware/ShareErrorsFromSession.php(55): Illuminate\Pipeline\Pipeline->Illuminate\Pipeline\{closure}(Object(Illuminate\Http\Request))
#3 /home1/kmalith2/eonepisode/vendor/laravel/framework/src/Illuminate/Pipeline/Pipeline.php(125): Illuminate\View\Middleware\ShareErrorsFromSession->handle(Object(Illuminate\Http\Request), Object(Closure))
#4 /home1/kmalith2/eonepisode/vendor/laravel/framework/src/Illuminate/Session/Middleware/StartSession.php(61): Illuminate\Pipeline\Pipeline->Illuminate\Pipeline\{closure}(Object(Illuminate\Http\Request))
#5 /home1/kmalith2/eonepisode/vendor/laravel/framework/src/Illuminate/Pipeline/Pipeline.php(125): Illuminate\Session\Middleware\StartSession->handle(Object(Illuminate\Http\Request), Object(Closure))
#6 /home1/kmalith2/eonepisode/vendor/laravel/framework/src/Illuminate/Cookie/Middleware/AddQueuedCookiesToResponse.php(36): Illuminate\Pipeline\Pipeline->Illuminate\Pipeline\{closure}(Object(Illuminate\Http\Request))
#7 /home1/kmalith2/eonepisode/vendor/laravel/framework/src/Illuminate/Pipeline/Pipeline.php(125): Illuminate\Cookie\Middleware\AddQueuedCookiesToResponse->handle(Object(Illuminate\Http\Request), Object(Closure))
#8 /home1/kmalith2/eonepisode/vendor/laravel/framework/src/Illuminate/Cookie/Middleware/EncryptCookies.php(40): Illuminate\Pipeline\Pipeline->Illuminate\Pipeline\{closure}(Object(Illuminate\Http\Request))
#9 /home1/kmalith2/eonepisode/vendor/laravel/framework/src/Illuminate/Pipeline/Pipeline.php(125): Illuminate\Cookie\Middleware\EncryptCookies->handle(Object(Illuminate\Http\Request), Object(Closure))
#10 /home1/kmalith2/eonepisode/app/Http/Middleware/CheckForMaintenanceMode.php(26): Illuminate\Pipeline\Pipeline->Illuminate\Pipeline\{closure}(Object(Illuminate\Http\Request))
#11 /home1/kmalith2/eonepisode/vendor/laravel/framework/src/Illuminate/Pipeline/Pipeline.php(125): App\Http\Middleware\CheckForMaintenanceMode->handle(Object(Illuminate\Http\Request), Object(Closure))
#12 [internal function]: Illuminate\Pipeline\Pipeline->Illuminate\Pipeline\{closure}(Object(Illuminate\Http\Request))
#13 /home1/kmalith2/eonepisode/vendor/laravel/framework/src/Illuminate/Pipeline/Pipeline.php(100): call_user_func(Object(Closure), Object(Illuminate\Http\Request))
#14 /home1/kmalith2/eonepisode/vendor/laravel/framework/src/Illuminate/Foundation/Http/Kernel.php(111): Illuminate\Pipeline\Pipeline->then(Object(Closure))
#15 /home1/kmalith2/eonepisode/vendor/laravel/framework/src/Illuminate/Foundation/Http/Kernel.php(84): Illuminate\Foundation\Http\Kernel->sendRequestThroughRouter(Object(Illuminate\Http\Request))
#16 /home1/kmalith2/public_html/index.php(53): Illuminate\Foundation\Http\Kernel->handle(Object(Illuminate\Http\Request))
#17 {main}  
[2026-09-08 18:28:07] local.ERROR: Illuminate\Session\TokenMismatchException in /home1/kmalith2/eonepisode/vendor/laravel/framework/src/Illuminate/Foundation/Http/Middleware/VerifyCsrfToken.php:46
Stack trace:
#0 /home1/kmalith2/eonepisode/app/Http/Middleware/VerifyCsrfToken.php(17): Illuminate\Foundation\Http\Middleware\VerifyCsrfToken->handle(Object(Illuminate\Http\Request), Object(Closure))
#1 /home1/kmalith2/eonepisode/vendor/laravel/framework/src/Illuminate/Pipeline/Pipeline.php(125): App\Http\Middleware\VerifyCsrfToken->handle(Object(Illuminate\Http\Request), Object(Closure))
#2 /home1/kmalith2/eonepisode/vendor/laravel/framework/src/Illuminate/View/Middleware/ShareErrorsFromSession.php(55): Illuminate\Pipeline\Pipeline->Illuminate\Pipeline\{closure}(Object(Illuminate\Http\Request))
#3 /home1/kmalith2/eonepisode/vendor/laravel/framework/src/Illuminate/Pipeline/Pipeline.php(125): Illuminate\View\Middleware\ShareErrorsFromSession->handle(Object(Illuminate\Http\Request), Object(Closure))
#4 /home1/kmalith2/eonepisode/vendor/laravel/framework/src/Illuminate/Session/Middleware/StartSession.php(61): Illuminate\Pipeline\Pipeline->Illuminate\Pipeline\{closure}(Object(Illuminate\Http\Request))
#5 /home1/kmalith2/eonepisode/vendor/laravel/framework/src/Illuminate/Pipeline/Pipeline.php(125): Illuminate\Session\Middleware\StartSession->handle(Object(Illuminate\Http\Request), Object(Closure))
#6 /home1/kmalith2/eonepisode/vendor/laravel/framework/src/Illuminate/Cookie/Middleware/AddQueuedCookiesToResponse.php(36): Illuminate\Pipeline\Pipeline->Illuminate\Pipeline\{closure}(Object(Illuminate\Http\Request))
#7 /home1/kmalith2/eonepisode/vendor/laravel/framework/src/Illuminate/Pipeline/Pipeline.php(125): Illuminate\Cookie\Middleware\AddQueuedCookiesToResponse->handle(Object(Illuminate\Http\Request), Object(Closure))
#8 /home1/kmalith2/eonepisode/vendor/laravel/framework/src/Illuminate/Cookie/Middleware/EncryptCookies.php(40): Illuminate\Pipeline\Pipeline->Illuminate\Pipeline\{closure}(Object(Illuminate\Http\Request))
#9 /home1/kmalith2/eonepisode/vendor/laravel/framework/src/Illuminate/Pipeline/Pipeline.php(125): Illuminate\Cookie\Middleware\EncryptCookies->handle(Object(Illuminate\Http\Request), Object(Closure))
#10 /home1/kmalith2/eonepisode/app/Http/Middleware/CheckForMaintenanceMode.php(26): Illuminate\Pipeline\Pipeline->Illuminate\Pipeline\{closure}(Object(Illuminate\Http\Request))
#11 /home1/kmalith2/eonepisode/vendor/laravel/framework/src/Illuminate/Pipeline/Pipeline.php(125): App\Http\Middleware\CheckForMaintenanceMode->handle(Object(Illuminate\Http\Request), Object(Closure))
#12 [internal function]: Illuminate\Pipeline\Pipeline->Illuminate\Pipeline\{closure}(Object(Illuminate\Http\Request))
#13 /home1/kmalith2/eonepisode/vendor/laravel/framework/src/Illuminate/Pipeline/Pipeline.php(100): call_user_func(Object(Closure), Object(Illuminate\Http\Request))
#14 /home1/kmalith2/eonepisode/vendor/laravel/framework/src/Illuminate/Foundation/Http/Kernel.php(111): Illuminate\Pipeline\Pipeline->then(Object(Closure))
#15 /home1/kmalith2/eonepisode/vendor/laravel/framework/src/Illuminate/Foundation/Http/Kernel.php(84): Illuminate\Foundation\Http\Kernel->sendRequestThroughRouter(Object(Illuminate\Http\Request))
#16 /home1/kmalith2/public_html/index.php(53): Illuminate\Foundation\Http\Kernel->handle(Object(Illuminate\Http\Request))
#17 {main}  
[2026-09-08 20:58:44] local.ERROR: Illuminate\Session\TokenMismatchException in /home1/kmalith2/eonepisode/vendor/laravel/framework/src/Illuminate/Foundation/Http/Middleware/VerifyCsrfToken.php:46
Stack trace:
#0 /home1/kmalith2/eonepisode/app/Http/Middleware/VerifyCsrfToken.php(17): Illuminate\Foundation\Http\Middleware\VerifyCsrfToken->handle(Object(Illuminate\Http\Request), Object(Closure))
#1 /home1/kmalith2/eonepisode/vendor/laravel/framework/src/Illuminate/Pipeline/Pipeline.php(125): App\Http\Middleware\VerifyCsrfToken->handle(Object(Illuminate\Http\Request), Object(Closure))
#2 /home1/kmalith2/eonepisode/vendor/laravel/framework/src/Illuminate/View/Middleware/ShareErrorsFromSession.php(55): Illuminate\Pipeline\Pipeline->Illuminate\Pipeline\{closure}(Object(Illuminate\Http\Request))
#3 /home1/kmalith2/eonepisode/vendor/laravel/framework/src/Illuminate/Pipeline/Pipeline.php(125): Illuminate\View\Middleware\ShareErrorsFromSession->handle(Object(Illuminate\Http\Request), Object(Closure))
#4 /home1/kmalith2/eonepisode/vendor/laravel/framework/src/Illuminate/Session/Middleware/StartSession.php(61): Illuminate\Pipeline\Pipeline->Illuminate\Pipeline\{closure}(Object(Illuminate\Http\Request))
#5 /home1/kmalith2/eonepisode/vendor/laravel/framework/src/Illuminate/Pipeline/Pipeline.php(125): Illuminate\Session\Middleware\StartSession->handle(Object(Illuminate\Http\Request), Object(Closure))
#6 /home1/kmalith2/eonepisode/vendor/laravel/framework/src/Illuminate/Cookie/Middleware/AddQueuedCookiesToResponse.php(36): Illuminate\Pipeline\Pipeline->Illuminate\Pipeline\{closure}(Object(Illuminate\Http\Request))
#7 /home1/kmalith2/eonepisode/vendor/laravel/framework/src/Illuminate/Pipeline/Pipeline.php(125): Illuminate\Cookie\Middleware\AddQueuedCookiesToResponse->handle(Object(Illuminate\Http\Request), Object(Closure))
#8 /home1/kmalith2/eonepisode/vendor/laravel/framework/src/Illuminate/Cookie/Middleware/EncryptCookies.php(40): Illuminate\Pipeline\Pipeline->Illuminate\Pipeline\{closure}(Object(Illuminate\Http\Request))
#9 /home1/kmalith2/eonepisode/vendor/laravel/framework/src/Illuminate/Pipeline/Pipeline.php(125): Illuminate\Cookie\Middleware\EncryptCookies->handle(Object(Illuminate\Http\Request), Object(Closure))
#10 /home1/kmalith2/eonepisode/app/Http/Middleware/CheckForMaintenanceMode.php(26): Illuminate\Pipeline\Pipeline->Illuminate\Pipeline\{closure}(Object(Illuminate\Http\Request))
#11 /home1/kmalith2/eonepisode/vendor/laravel/framework/src/Illuminate/Pipeline/Pipeline.php(125): App\Http\Middleware\CheckForMaintenanceMode->handle(Object(Illuminate\Http\Request), Object(Closure))
#12 [internal function]: Illuminate\Pipeline\Pipeline->Illuminate\Pipeline\{closure}(Object(Illuminate\Http\Request))
#13 /home1/kmalith2/eonepisode/vendor/laravel/framework/src/Illuminate/Pipeline/Pipeline.php(100): call_user_func(Object(Closure), Object(Illuminate\Http\Request))
#14 /home1/kmalith2/eonepisode/vendor/laravel/framework/src/Illuminate/Foundation/Http/Kernel.php(111): Illuminate\Pipeline\Pipeline->then(Object(Closure))
#15 /home1/kmalith2/eonepisode/vendor/laravel/framework/src/Illuminate/Foundation/Http/Kernel.php(84): Illuminate\Foundation\Http\Kernel->sendRequestThroughRouter(Object(Illuminate\Http\Request))
#16 /home1/kmalith2/public_html/index.php(53): Illuminate\Foundation\Http\Kernel->handle(Object(Illuminate\Http\Request))
#17 {main}  
[2026-09-08 22:21:29] local.ERROR: Illuminate\Session\TokenMismatchException in /home1/kmalith2/eonepisode/vendor/laravel/framework/src/Illuminate/Foundation/Http/Middleware/VerifyCsrfToken.php:46
Stack trace:
#0 /home1/kmalith2/eonepisode/app/Http/Middleware/VerifyCsrfToken.php(17): Illuminate\Foundation\Http\Middleware\VerifyCsrfToken->handle(Object(Illuminate\Http\Request), Object(Closure))
#1 /home1/kmalith2/eonepisode/vendor/laravel/framework/src/Illuminate/Pipeline/Pipeline.php(125): App\Http\Middleware\VerifyCsrfToken->handle(Object(Illuminate\Http\Request), Object(Closure))
#2 /home1/kmalith2/eonepisode/vendor/laravel/framework/src/Illuminate/View/Middleware/ShareErrorsFromSession.php(55): Illuminate\Pipeline\Pipeline->Illuminate\Pipeline\{closure}(Object(Illuminate\Http\Request))
#3 /home1/kmalith2/eonepisode/vendor/laravel/framework/src/Illuminate/Pipeline/Pipeline.php(125): Illuminate\View\Middleware\ShareErrorsFromSession->handle(Object(Illuminate\Http\Request), Object(Closure))
#4 /home1/kmalith2/eonepisode/vendor/laravel/framework/src/Illuminate/Session/Middleware/StartSession.php(61): Illuminate\Pipeline\Pipeline->Illuminate\Pipeline\{closure}(Object(Illuminate\Http\Request))
#5 /home1/kmalith2/eonepisode/vendor/laravel/framework/src/Illuminate/Pipeline/Pipeline.php(125): Illuminate\Session\Middleware\StartSession->handle(Object(Illuminate\Http\Request), Object(Closure))
#6 /home1/kmalith2/eonepisode/vendor/laravel/framework/src/Illuminate/Cookie/Middleware/AddQueuedCookiesToResponse.php(36): Illuminate\Pipeline\Pipeline->Illuminate\Pipeline\{closure}(Object(Illuminate\Http\Request))
#7 /home1/kmalith2/eonepisode/vendor/laravel/framework/src/Illuminate/Pipeline/Pipeline.php(125): Illuminate\Cookie\Middleware\AddQueuedCookiesToResponse->handle(Object(Illuminate\Http\Request), Object(Closure))
#8 /home1/kmalith2/eonepisode/vendor/laravel/framework/src/Illuminate/Cookie/Middleware/EncryptCookies.php(40): Illuminate\Pipeline\Pipeline->Illuminate\Pipeline\{closure}(Object(Illuminate\Http\Request))
#9 /home1/kmalith2/eonepisode/vendor/laravel/framework/src/Illuminate/Pipeline/Pipeline.php(125): Illuminate\Cookie\Middleware\EncryptCookies->handle(Object(Illuminate\Http\Request), Object(Closure))
#10 /home1/kmalith2/eonepisode/app/Http/Middleware/CheckForMaintenanceMode.php(26): Illuminate\Pipeline\Pipeline->Illuminate\Pipeline\{closure}(Object(Illuminate\Http\Request))
#11 /home1/kmalith2/eonepisode/vendor/laravel/framework/src/Illuminate/Pipeline/Pipeline.php(125): App\Http\Middleware\CheckForMaintenanceMode->handle(Object(Illuminate\Http\Request), Object(Closure))
#12 [internal function]: Illuminate\Pipeline\Pipeline->Illuminate\Pipeline\{closure}(Object(Illuminate\Http\Request))
#13 /home1/kmalith2/eonepisode/vendor/laravel/framework/src/Illuminate/Pipeline/Pipeline.php(100): call_user_func(Object(Closure), Object(Illuminate\Http\Request))
#14 /home1/kmalith2/eonepisode/vendor/laravel/framework/src/Illuminate/Foundation/Http/Kernel.php(111): Illuminate\Pipeline\Pipeline->then(Object(Closure))
#15 /home1/kmalith2/eonepisode/vendor/laravel/framework/src/Illuminate/Foundation/Http/Kernel.php(84): Illuminate\Foundation\Http\Kernel->sendRequestThroughRouter(Object(Illuminate\Http\Request))
#16 /home1/kmalith2/public_html/index.php(53): Illuminate\Foundation\Http\Kernel->handle(Object(Illuminate\Http\Request))
#17 {main}  
[2026-09-08 22:21:29] local.ERROR: Illuminate\Session\TokenMismatchException in /home1/kmalith2/eonepisode/vendor/laravel/framework/src/Illuminate/Foundation/Http/Middleware/VerifyCsrfToken.php:46
Stack trace:
#0 /home1/kmalith2/eonepisode/app/Http/Middleware/VerifyCsrfToken.php(17): Illuminate\Foundation\Http\Middleware\VerifyCsrfToken->handle(Object(Illuminate\Http\Request), Object(Closure))
#1 /home1/kmalith2/eonepisode/vendor/laravel/framework/src/Illuminate/Pipeline/Pipeline.php(125): App\Http\Middleware\VerifyCsrfToken->handle(Object(Illuminate\Http\Request), Object(Closure))
#2 /home1/kmalith2/eonepisode/vendor/laravel/framework/src/Illuminate/View/Middleware/ShareErrorsFromSession.php(55): Illuminate\Pipeline\Pipeline->Illuminate\Pipeline\{closure}(Object(Illuminate\Http\Request))
#3 /home1/kmalith2/eonepisode/vendor/laravel/framework/src/Illuminate/Pipeline/Pipeline.php(125): Illuminate\View\Middleware\ShareErrorsFromSession->handle(Object(Illuminate\Http\Request), Object(Closure))
#4 /home1/kmalith2/eonepisode/vendor/laravel/framework/src/Illuminate/Session/Middleware/StartSession.php(61): Illuminate\Pipeline\Pipeline->Illuminate\Pipeline\{closure}(Object(Illuminate\Http\Request))
#5 /home1/kmalith2/eonepisode/vendor/laravel/framework/src/Illuminate/Pipeline/Pipeline.php(125): Illuminate\Session\Middleware\StartSession->handle(Object(Illuminate\Http\Request), Object(Closure))
#6 /home1/kmalith2/eonepisode/vendor/laravel/framework/src/Illuminate/Cookie/Middleware/AddQueuedCookiesToResponse.php(36): Illuminate\Pipeline\Pipeline->Illuminate\Pipeline\{closure}(Object(Illuminate\Http\Request))
#7 /home1/kmalith2/eonepisode/vendor/laravel/framework/src/Illuminate/Pipeline/Pipeline.php(125): Illuminate\Cookie\Middleware\AddQueuedCookiesToResponse->handle(Object(Illuminate\Http\Request), Object(Closure))
#8 /home1/kmalith2/eonepisode/vendor/laravel/framework/src/Illuminate/Cookie/Middleware/EncryptCookies.php(40): Illuminate\Pipeline\Pipeline->Illuminate\Pipeline\{closure}(Object(Illuminate\Http\Request))
#9 /home1/kmalith2/eonepisode/vendor/laravel/framework/src/Illuminate/Pipeline/Pipeline.php(125): Illuminate\Cookie\Middleware\EncryptCookies->handle(Object(Illuminate\Http\Request), Object(Closure))
#10 /home1/kmalith2/eonepisode/app/Http/Middleware/CheckForMaintenanceMode.php(26): Illuminate\Pipeline\Pipeline->Illuminate\Pipeline\{closure}(Object(Illuminate\Http\Request))
#11 /home1/kmalith2/eonepisode/vendor/laravel/framework/src/Illuminate/Pipeline/Pipeline.php(125): App\Http\Middleware\CheckForMaintenanceMode->handle(Object(Illuminate\Http\Request), Object(Closure))
#12 [internal function]: Illuminate\Pipeline\Pipeline->Illuminate\Pipeline\{closure}(Object(Illuminate\Http\Request))
#13 /home1/kmalith2/eonepisode/vendor/laravel/framework/src/Illuminate/Pipeline/Pipeline.php(100): call_user_func(Object(Closure), Object(Illuminate\Http\Request))
#14 /home1/kmalith2/eonepisode/vendor/laravel/framework/src/Illuminate/Foundation/Http/Kernel.php(111): Illuminate\Pipeline\Pipeline->then(Object(Closure))
#15 /home1/kmalith2/eonepisode/vendor/laravel/framework/src/Illuminate/Foundation/Http/Kernel.php(84): Illuminate\Foundation\Http\Kernel->sendRequestThroughRouter(Object(Illuminate\Http\Request))
#16 /home1/kmalith2/public_html/index.php(53): Illuminate\Foundation\Http\Kernel->handle(Object(Illuminate\Http\Request))
#17 {main}  
[2026-09-08 22:21:29] local.ERROR: Illuminate\Session\TokenMismatchException in /home1/kmalith2/eonepisode/vendor/laravel/framework/src/Illuminate/Foundation/Http/Middleware/VerifyCsrfToken.php:46
Stack trace:
#0 /home1/kmalith2/eonepisode/app/Http/Middleware/VerifyCsrfToken.php(17): Illuminate\Foundation\Http\Middleware\VerifyCsrfToken->handle(Object(Illuminate\Http\Request), Object(Closure))
#1 /home1/kmalith2/eonepisode/vendor/laravel/framework/src/Illuminate/Pipeline/Pipeline.php(125): App\Http\Middleware\VerifyCsrfToken->handle(Object(Illuminate\Http\Request), Object(Closure))
#2 /home1/kmalith2/eonepisode/vendor/laravel/framework/src/Illuminate/View/Middleware/ShareErrorsFromSession.php(55): Illuminate\Pipeline\Pipeline->Illuminate\Pipeline\{closure}(Object(Illuminate\Http\Request))
#3 /home1/kmalith2/eonepisode/vendor/laravel/framework/src/Illuminate/Pipeline/Pipeline.php(125): Illuminate\View\Middleware\ShareErrorsFromSession->handle(Object(Illuminate\Http\Request), Object(Closure))
#4 /home1/kmalith2/eonepisode/vendor/laravel/framework/src/Illuminate/Session/Middleware/StartSession.php(61): Illuminate\Pipeline\Pipeline->Illuminate\Pipeline\{closure}(Object(Illuminate\Http\Request))
#5 /home1/kmalith2/eonepisode/vendor/laravel/framework/src/Illuminate/Pipeline/Pipeline.php(125): Illuminate\Session\Middleware\StartSession->handle(Object(Illuminate\Http\Request), Object(Closure))
#6 /home1/kmalith2/eonepisode/vendor/laravel/framework/src/Illuminate/Cookie/Middleware/AddQueuedCookiesToResponse.php(36): Illuminate\Pipeline\Pipeline->Illuminate\Pipeline\{closure}(Object(Illuminate\Http\Request))
#7 /home1/kmalith2/eonepisode/vendor/laravel/framework/src/Illuminate/Pipeline/Pipeline.php(125): Illuminate\Cookie\Middleware\AddQueuedCookiesToResponse->handle(Object(Illuminate\Http\Request), Object(Closure))
#8 /home1/kmalith2/eonepisode/vendor/laravel/framework/src/Illuminate/Cookie/Middleware/EncryptCookies.php(40): Illuminate\Pipeline\Pipeline->Illuminate\Pipeline\{closure}(Object(Illuminate\Http\Request))
#9 /home1/kmalith2/eonepisode/vendor/laravel/framework/src/Illuminate/Pipeline/Pipeline.php(125): Illuminate\Cookie\Middleware\EncryptCookies->handle(Object(Illuminate\Http\Request), Object(Closure))
#10 /home1/kmalith2/eonepisode/app/Http/Middleware/CheckForMaintenanceMode.php(26): Illuminate\Pipeline\Pipeline->Illuminate\Pipeline\{closure}(Object(Illuminate\Http\Request))
#11 /home1/kmalith2/eonepisode/vendor/laravel/framework/src/Illuminate/Pipeline/Pipeline.php(125): App\Http\Middleware\CheckForMaintenanceMode->handle(Object(Illuminate\Http\Request), Object(Closure))
#12 [internal function]: Illuminate\Pipeline\Pipeline->Illuminate\Pipeline\{closure}(Object(Illuminate\Http\Request))
#13 /home1/kmalith2/eonepisode/vendor/laravel/framework/src/Illuminate/Pipeline/Pipeline.php(100): call_user_func(Object(Closure), Object(Illuminate\Http\Request))
#14 /home1/kmalith2/eonepisode/vendor/laravel/framework/src/Illuminate/Foundation/Http/Kernel.php(111): Illuminate\Pipeline\Pipeline->then(Object(Closure))
#15 /home1/kmalith2/eonepisode/vendor/laravel/framework/src/Illuminate/Foundation/Http/Kernel.php(84): Illuminate\Foundation\Http\Kernel->sendRequestThroughRouter(Object(Illuminate\Http\Request))
#16 /home1/kmalith2/public_html/index.php(53): Illuminate\Foundation\Http\Kernel->handle(Object(Illuminate\Http\Request))
#17 {main}  
[2026-09-08 22:21:29] local.ERROR: Illuminate\Session\TokenMismatchException in /home1/kmalith2/eonepisode/vendor/laravel/framework/src/Illuminate/Foundation/Http/Middleware/VerifyCsrfToken.php:46
Stack trace:
#0 /home1/kmalith2/eonepisode/app/Http/Middleware/VerifyCsrfToken.php(17): Illuminate\Foundation\Http\Middleware\VerifyCsrfToken->handle(Object(Illuminate\Http\Request), Object(Closure))
#1 /home1/kmalith2/eonepisode/vendor/laravel/framework/src/Illuminate/Pipeline/Pipeline.php(125): App\Http\Middleware\VerifyCsrfToken->handle(Object(Illuminate\Http\Request), Object(Closure))
#2 /home1/kmalith2/eonepisode/vendor/laravel/framework/src/Illuminate/View/Middleware/ShareErrorsFromSession.php(55): Illuminate\Pipeline\Pipeline->Illuminate\Pipeline\{closure}(Object(Illuminate\Http\Request))
#3 /home1/kmalith2/eonepisode/vendor/laravel/framework/src/Illuminate/Pipeline/Pipeline.php(125): Illuminate\View\Middleware\ShareErrorsFromSession->handle(Object(Illuminate\Http\Request), Object(Closure))
#4 /home1/kmalith2/eonepisode/vendor/laravel/framework/src/Illuminate/Session/Middleware/StartSession.php(61): Illuminate\Pipeline\Pipeline->Illuminate\Pipeline\{closure}(Object(Illuminate\Http\Request))
#5 /home1/kmalith2/eonepisode/vendor/laravel/framework/src/Illuminate/Pipeline/Pipeline.php(125): Illuminate\Session\Middleware\StartSession->handle(Object(Illuminate\Http\Request), Object(Closure))
#6 /home1/kmalith2/eonepisode/vendor/laravel/framework/src/Illuminate/Cookie/Middleware/AddQueuedCookiesToResponse.php(36): Illuminate\Pipeline\Pipeline->Illuminate\Pipeline\{closure}(Object(Illuminate\Http\Request))
#7 /home1/kmalith2/eonepisode/vendor/laravel/framework/src/Illuminate/Pipeline/Pipeline.php(125): Illuminate\Cookie\Middleware\AddQueuedCookiesToResponse->handle(Object(Illuminate\Http\Request), Object(Closure))
#8 /home1/kmalith2/eonepisode/vendor/laravel/framework/src/Illuminate/Cookie/Middleware/EncryptCookies.php(40): Illuminate\Pipeline\Pipeline->Illuminate\Pipeline\{closure}(Object(Illuminate\Http\Request))
#9 /home1/kmalith2/eonepisode/vendor/laravel/framework/src/Illuminate/Pipeline/Pipeline.php(125): Illuminate\Cookie\Middleware\EncryptCookies->handle(Object(Illuminate\Http\Request), Object(Closure))
#10 /home1/kmalith2/eonepisode/app/Http/Middleware/CheckForMaintenanceMode.php(26): Illuminate\Pipeline\Pipeline->Illuminate\Pipeline\{closure}(Object(Illuminate\Http\Request))
#11 /home1/kmalith2/eonepisode/vendor/laravel/framework/src/Illuminate/Pipeline/Pipeline.php(125): App\Http\Middleware\CheckForMaintenanceMode->handle(Object(Illuminate\Http\Request), Object(Closure))
#12 [internal function]: Illuminate\Pipeline\Pipeline->Illuminate\Pipeline\{closure}(Object(Illuminate\Http\Request))
#13 /home1/kmalith2/eonepisode/vendor/laravel/framework/src/Illuminate/Pipeline/Pipeline.php(100): call_user_func(Object(Closure), Object(Illuminate\Http\Request))
#14 /home1/kmalith2/eonepisode/vendor/laravel/framework/src/Illuminate/Foundation/Http/Kernel.php(111): Illuminate\Pipeline\Pipeline->then(Object(Closure))
#15 /home1/kmalith2/eonepisode/vendor/laravel/framework/src/Illuminate/Foundation/Http/Kernel.php(84): Illuminate\Foundation\Http\Kernel->sendRequestThroughRouter(Object(Illuminate\Http\Request))
#16 /home1/kmalith2/public_html/index.php(53): Illuminate\Foundation\Http\Kernel->handle(Object(Illuminate\Http\Request))
#17 {main}  
