[2026-09-07 03:08:45] local.ERROR: Illuminate\Session\TokenMismatchException in /home1/kmalith2/eonepisode/vendor/laravel/framework/src/Illuminate/Foundation/Http/Middleware/VerifyCsrfToken.php:46
Stack trace:
#0 /home1/kmalith2/eonepisode/app/Http/Middleware/VerifyCsrfToken.php(17): Illuminate\Foundation\Http\Middleware\VerifyCsrfToken->handle(Object(Illuminate\Http\Request), Object(Closure))
#1 /home1/kmalith2/eonepisode/vendor/laravel/framework/src/Illuminate/Pipeline/Pipeline.php(125): App\Http\Middleware\VerifyCsrfToken->handle(Object(Illuminate\Http\Request), Object(Closure))
#2 /home1/kmalith2/eonepisode/vendor/laravel/framework/src/Illuminate/View/Middleware/ShareErrorsFromSession.php(55): Illuminate\Pipeline\Pipeline->Illuminate\Pipeline\{closure}(Object(Illuminate\Http\Request))
#3 /home1/kmalith2/eonepisode/vendor/laravel/framework/src/Illuminate/Pipeline/Pipeline.php(125): Illuminate\View\Middleware\ShareErrorsFromSession->handle(Object(Illuminate\Http\Request), Object(Closure))
#4 /home1/kmalith2/eonepisode/vendor/laravel/framework/src/Illuminate/Session/Middleware/StartSession.php(61): Illuminate\Pipeline\Pipeline->Illuminate\Pipeline\{closure}(Object(Illuminate\Http\Request))
#5 /home1/kmalith2/eonepisode/vendor/laravel/framework/src/Illuminate/Pipeline/Pipeline.php(125): Illuminate\Session\Middleware\StartSession->handle(Object(Illuminate\Http\Request), Object(Closure))
#6 /home1/kmalith2/eonepisode/vendor/laravel/framework/src/Illuminate/Cookie/Middleware/AddQueuedCookiesToResponse.php(36): Illuminate\Pipeline\Pipeline->Illuminate\Pipeline\{closure}(Object(Illuminate\Http\Request))
#7 /home1/kmalith2/eonepisode/vendor/laravel/framework/src/Illuminate/Pipeline/Pipeline.php(125): Illuminate\Cookie\Middleware\AddQueuedCookiesToResponse->handle(Object(Illuminate\Http\Request), Object(Closure))
#8 /home1/kmalith2/eonepisode/vendor/laravel/framework/src/Illuminate/Cookie/Middleware/EncryptCookies.php(40): Illuminate\Pipeline\Pipeline->Illuminate\Pipeline\{closure}(Object(Illuminate\Http\Request))
#9 /home1/kmalith2/eonepisode/vendor/laravel/framework/src/Illuminate/Pipeline/Pipeline.php(125): Illuminate\Cookie\Middleware\EncryptCookies->handle(Object(Illuminate\Http\Request), Object(Closure))
#10 /home1/kmalith2/eonepisode/app/Http/Middleware/CheckForMaintenanceMode.php(26): Illuminate\Pipeline\Pipeline->Illuminate\Pipeline\{closure}(Object(Illuminate\Http\Request))
#11 /home1/kmalith2/eonepisode/vendor/laravel/framework/src/Illuminate/Pipeline/Pipeline.php(125): App\Http\Middleware\CheckForMaintenanceMode->handle(Object(Illuminate\Http\Request), Object(Closure))
#12 [internal function]: Illuminate\Pipeline\Pipeline->Illuminate\Pipeline\{closure}(Object(Illuminate\Http\Request))
#13 /home1/kmalith2/eonepisode/vendor/laravel/framework/src/Illuminate/Pipeline/Pipeline.php(100): call_user_func(Object(Closure), Object(Illuminate\Http\Request))
#14 /home1/kmalith2/eonepisode/vendor/laravel/framework/src/Illuminate/Foundation/Http/Kernel.php(111): Illuminate\Pipeline\Pipeline->then(Object(Closure))
#15 /home1/kmalith2/eonepisode/vendor/laravel/framework/src/Illuminate/Foundation/Http/Kernel.php(84): Illuminate\Foundation\Http\Kernel->sendRequestThroughRouter(Object(Illuminate\Http\Request))
#16 /home1/kmalith2/public_html/index.php(53): Illuminate\Foundation\Http\Kernel->handle(Object(Illuminate\Http\Request))
#17 {main}  
[2026-09-07 03:08:46] local.ERROR: Illuminate\Session\TokenMismatchException in /home1/kmalith2/eonepisode/vendor/laravel/framework/src/Illuminate/Foundation/Http/Middleware/VerifyCsrfToken.php:46
Stack trace:
#0 /home1/kmalith2/eonepisode/app/Http/Middleware/VerifyCsrfToken.php(17): Illuminate\Foundation\Http\Middleware\VerifyCsrfToken->handle(Object(Illuminate\Http\Request), Object(Closure))
#1 /home1/kmalith2/eonepisode/vendor/laravel/framework/src/Illuminate/Pipeline/Pipeline.php(125): App\Http\Middleware\VerifyCsrfToken->handle(Object(Illuminate\Http\Request), Object(Closure))
#2 /home1/kmalith2/eonepisode/vendor/laravel/framework/src/Illuminate/View/Middleware/ShareErrorsFromSession.php(55): Illuminate\Pipeline\Pipeline->Illuminate\Pipeline\{closure}(Object(Illuminate\Http\Request))
#3 /home1/kmalith2/eonepisode/vendor/laravel/framework/src/Illuminate/Pipeline/Pipeline.php(125): Illuminate\View\Middleware\ShareErrorsFromSession->handle(Object(Illuminate\Http\Request), Object(Closure))
#4 /home1/kmalith2/eonepisode/vendor/laravel/framework/src/Illuminate/Session/Middleware/StartSession.php(61): Illuminate\Pipeline\Pipeline->Illuminate\Pipeline\{closure}(Object(Illuminate\Http\Request))
#5 /home1/kmalith2/eonepisode/vendor/laravel/framework/src/Illuminate/Pipeline/Pipeline.php(125): Illuminate\Session\Middleware\StartSession->handle(Object(Illuminate\Http\Request), Object(Closure))
#6 /home1/kmalith2/eonepisode/vendor/laravel/framework/src/Illuminate/Cookie/Middleware/AddQueuedCookiesToResponse.php(36): Illuminate\Pipeline\Pipeline->Illuminate\Pipeline\{closure}(Object(Illuminate\Http\Request))
#7 /home1/kmalith2/eonepisode/vendor/laravel/framework/src/Illuminate/Pipeline/Pipeline.php(125): Illuminate\Cookie\Middleware\AddQueuedCookiesToResponse->handle(Object(Illuminate\Http\Request), Object(Closure))
#8 /home1/kmalith2/eonepisode/vendor/laravel/framework/src/Illuminate/Cookie/Middleware/EncryptCookies.php(40): Illuminate\Pipeline\Pipeline->Illuminate\Pipeline\{closure}(Object(Illuminate\Http\Request))
#9 /home1/kmalith2/eonepisode/vendor/laravel/framework/src/Illuminate/Pipeline/Pipeline.php(125): Illuminate\Cookie\Middleware\EncryptCookies->handle(Object(Illuminate\Http\Request), Object(Closure))
#10 /home1/kmalith2/eonepisode/app/Http/Middleware/CheckForMaintenanceMode.php(26): Illuminate\Pipeline\Pipeline->Illuminate\Pipeline\{closure}(Object(Illuminate\Http\Request))
#11 /home1/kmalith2/eonepisode/vendor/laravel/framework/src/Illuminate/Pipeline/Pipeline.php(125): App\Http\Middleware\CheckForMaintenanceMode->handle(Object(Illuminate\Http\Request), Object(Closure))
#12 [internal function]: Illuminate\Pipeline\Pipeline->Illuminate\Pipeline\{closure}(Object(Illuminate\Http\Request))
#13 /home1/kmalith2/eonepisode/vendor/laravel/framework/src/Illuminate/Pipeline/Pipeline.php(100): call_user_func(Object(Closure), Object(Illuminate\Http\Request))
#14 /home1/kmalith2/eonepisode/vendor/laravel/framework/src/Illuminate/Foundation/Http/Kernel.php(111): Illuminate\Pipeline\Pipeline->then(Object(Closure))
#15 /home1/kmalith2/eonepisode/vendor/laravel/framework/src/Illuminate/Foundation/Http/Kernel.php(84): Illuminate\Foundation\Http\Kernel->sendRequestThroughRouter(Object(Illuminate\Http\Request))
#16 /home1/kmalith2/public_html/index.php(53): Illuminate\Foundation\Http\Kernel->handle(Object(Illuminate\Http\Request))
#17 {main}  
[2026-09-07 03:08:47] local.ERROR: Illuminate\Session\TokenMismatchException in /home1/kmalith2/eonepisode/vendor/laravel/framework/src/Illuminate/Foundation/Http/Middleware/VerifyCsrfToken.php:46
Stack trace:
#0 /home1/kmalith2/eonepisode/app/Http/Middleware/VerifyCsrfToken.php(17): Illuminate\Foundation\Http\Middleware\VerifyCsrfToken->handle(Object(Illuminate\Http\Request), Object(Closure))
#1 /home1/kmalith2/eonepisode/vendor/laravel/framework/src/Illuminate/Pipeline/Pipeline.php(125): App\Http\Middleware\VerifyCsrfToken->handle(Object(Illuminate\Http\Request), Object(Closure))
#2 /home1/kmalith2/eonepisode/vendor/laravel/framework/src/Illuminate/View/Middleware/ShareErrorsFromSession.php(55): Illuminate\Pipeline\Pipeline->Illuminate\Pipeline\{closure}(Object(Illuminate\Http\Request))
#3 /home1/kmalith2/eonepisode/vendor/laravel/framework/src/Illuminate/Pipeline/Pipeline.php(125): Illuminate\View\Middleware\ShareErrorsFromSession->handle(Object(Illuminate\Http\Request), Object(Closure))
#4 /home1/kmalith2/eonepisode/vendor/laravel/framework/src/Illuminate/Session/Middleware/StartSession.php(61): Illuminate\Pipeline\Pipeline->Illuminate\Pipeline\{closure}(Object(Illuminate\Http\Request))
#5 /home1/kmalith2/eonepisode/vendor/laravel/framework/src/Illuminate/Pipeline/Pipeline.php(125): Illuminate\Session\Middleware\StartSession->handle(Object(Illuminate\Http\Request), Object(Closure))
#6 /home1/kmalith2/eonepisode/vendor/laravel/framework/src/Illuminate/Cookie/Middleware/AddQueuedCookiesToResponse.php(36): Illuminate\Pipeline\Pipeline->Illuminate\Pipeline\{closure}(Object(Illuminate\Http\Request))
#7 /home1/kmalith2/eonepisode/vendor/laravel/framework/src/Illuminate/Pipeline/Pipeline.php(125): Illuminate\Cookie\Middleware\AddQueuedCookiesToResponse->handle(Object(Illuminate\Http\Request), Object(Closure))
#8 /home1/kmalith2/eonepisode/vendor/laravel/framework/src/Illuminate/Cookie/Middleware/EncryptCookies.php(40): Illuminate\Pipeline\Pipeline->Illuminate\Pipeline\{closure}(Object(Illuminate\Http\Request))
#9 /home1/kmalith2/eonepisode/vendor/laravel/framework/src/Illuminate/Pipeline/Pipeline.php(125): Illuminate\Cookie\Middleware\EncryptCookies->handle(Object(Illuminate\Http\Request), Object(Closure))
#10 /home1/kmalith2/eonepisode/app/Http/Middleware/CheckForMaintenanceMode.php(26): Illuminate\Pipeline\Pipeline->Illuminate\Pipeline\{closure}(Object(Illuminate\Http\Request))
#11 /home1/kmalith2/eonepisode/vendor/laravel/framework/src/Illuminate/Pipeline/Pipeline.php(125): App\Http\Middleware\CheckForMaintenanceMode->handle(Object(Illuminate\Http\Request), Object(Closure))
#12 [internal function]: Illuminate\Pipeline\Pipeline->Illuminate\Pipeline\{closure}(Object(Illuminate\Http\Request))
#13 /home1/kmalith2/eonepisode/vendor/laravel/framework/src/Illuminate/Pipeline/Pipeline.php(100): call_user_func(Object(Closure), Object(Illuminate\Http\Request))
#14 /home1/kmalith2/eonepisode/vendor/laravel/framework/src/Illuminate/Foundation/Http/Kernel.php(111): Illuminate\Pipeline\Pipeline->then(Object(Closure))
#15 /home1/kmalith2/eonepisode/vendor/laravel/framework/src/Illuminate/Foundation/Http/Kernel.php(84): Illuminate\Foundation\Http\Kernel->sendRequestThroughRouter(Object(Illuminate\Http\Request))
#16 /home1/kmalith2/public_html/index.php(53): Illuminate\Foundation\Http\Kernel->handle(Object(Illuminate\Http\Request))
#17 {main}  
[2026-09-07 03:08:47] local.ERROR: Illuminate\Session\TokenMismatchException in /home1/kmalith2/eonepisode/vendor/laravel/framework/src/Illuminate/Foundation/Http/Middleware/VerifyCsrfToken.php:46
Stack trace:
#0 /home1/kmalith2/eonepisode/app/Http/Middleware/VerifyCsrfToken.php(17): Illuminate\Foundation\Http\Middleware\VerifyCsrfToken->handle(Object(Illuminate\Http\Request), Object(Closure))
#1 /home1/kmalith2/eonepisode/vendor/laravel/framework/src/Illuminate/Pipeline/Pipeline.php(125): App\Http\Middleware\VerifyCsrfToken->handle(Object(Illuminate\Http\Request), Object(Closure))
#2 /home1/kmalith2/eonepisode/vendor/laravel/framework/src/Illuminate/View/Middleware/ShareErrorsFromSession.php(55): Illuminate\Pipeline\Pipeline->Illuminate\Pipeline\{closure}(Object(Illuminate\Http\Request))
#3 /home1/kmalith2/eonepisode/vendor/laravel/framework/src/Illuminate/Pipeline/Pipeline.php(125): Illuminate\View\Middleware\ShareErrorsFromSession->handle(Object(Illuminate\Http\Request), Object(Closure))
#4 /home1/kmalith2/eonepisode/vendor/laravel/framework/src/Illuminate/Session/Middleware/StartSession.php(61): Illuminate\Pipeline\Pipeline->Illuminate\Pipeline\{closure}(Object(Illuminate\Http\Request))
#5 /home1/kmalith2/eonepisode/vendor/laravel/framework/src/Illuminate/Pipeline/Pipeline.php(125): Illuminate\Session\Middleware\StartSession->handle(Object(Illuminate\Http\Request), Object(Closure))
#6 /home1/kmalith2/eonepisode/vendor/laravel/framework/src/Illuminate/Cookie/Middleware/AddQueuedCookiesToResponse.php(36): Illuminate\Pipeline\Pipeline->Illuminate\Pipeline\{closure}(Object(Illuminate\Http\Request))
#7 /home1/kmalith2/eonepisode/vendor/laravel/framework/src/Illuminate/Pipeline/Pipeline.php(125): Illuminate\Cookie\Middleware\AddQueuedCookiesToResponse->handle(Object(Illuminate\Http\Request), Object(Closure))
#8 /home1/kmalith2/eonepisode/vendor/laravel/framework/src/Illuminate/Cookie/Middleware/EncryptCookies.php(40): Illuminate\Pipeline\Pipeline->Illuminate\Pipeline\{closure}(Object(Illuminate\Http\Request))
#9 /home1/kmalith2/eonepisode/vendor/laravel/framework/src/Illuminate/Pipeline/Pipeline.php(125): Illuminate\Cookie\Middleware\EncryptCookies->handle(Object(Illuminate\Http\Request), Object(Closure))
#10 /home1/kmalith2/eonepisode/app/Http/Middleware/CheckForMaintenanceMode.php(26): Illuminate\Pipeline\Pipeline->Illuminate\Pipeline\{closure}(Object(Illuminate\Http\Request))
#11 /home1/kmalith2/eonepisode/vendor/laravel/framework/src/Illuminate/Pipeline/Pipeline.php(125): App\Http\Middleware\CheckForMaintenanceMode->handle(Object(Illuminate\Http\Request), Object(Closure))
#12 [internal function]: Illuminate\Pipeline\Pipeline->Illuminate\Pipeline\{closure}(Object(Illuminate\Http\Request))
#13 /home1/kmalith2/eonepisode/vendor/laravel/framework/src/Illuminate/Pipeline/Pipeline.php(100): call_user_func(Object(Closure), Object(Illuminate\Http\Request))
#14 /home1/kmalith2/eonepisode/vendor/laravel/framework/src/Illuminate/Foundation/Http/Kernel.php(111): Illuminate\Pipeline\Pipeline->then(Object(Closure))
#15 /home1/kmalith2/eonepisode/vendor/laravel/framework/src/Illuminate/Foundation/Http/Kernel.php(84): Illuminate\Foundation\Http\Kernel->sendRequestThroughRouter(Object(Illuminate\Http\Request))
#16 /home1/kmalith2/public_html/index.php(53): Illuminate\Foundation\Http\Kernel->handle(Object(Illuminate\Http\Request))
#17 {main}  
[2026-09-07 03:08:48] local.ERROR: Illuminate\Session\TokenMismatchException in /home1/kmalith2/eonepisode/vendor/laravel/framework/src/Illuminate/Foundation/Http/Middleware/VerifyCsrfToken.php:46
Stack trace:
#0 /home1/kmalith2/eonepisode/app/Http/Middleware/VerifyCsrfToken.php(17): Illuminate\Foundation\Http\Middleware\VerifyCsrfToken->handle(Object(Illuminate\Http\Request), Object(Closure))
#1 /home1/kmalith2/eonepisode/vendor/laravel/framework/src/Illuminate/Pipeline/Pipeline.php(125): App\Http\Middleware\VerifyCsrfToken->handle(Object(Illuminate\Http\Request), Object(Closure))
#2 /home1/kmalith2/eonepisode/vendor/laravel/framework/src/Illuminate/View/Middleware/ShareErrorsFromSession.php(55): Illuminate\Pipeline\Pipeline->Illuminate\Pipeline\{closure}(Object(Illuminate\Http\Request))
#3 /home1/kmalith2/eonepisode/vendor/laravel/framework/src/Illuminate/Pipeline/Pipeline.php(125): Illuminate\View\Middleware\ShareErrorsFromSession->handle(Object(Illuminate\Http\Request), Object(Closure))
#4 /home1/kmalith2/eonepisode/vendor/laravel/framework/src/Illuminate/Session/Middleware/StartSession.php(61): Illuminate\Pipeline\Pipeline->Illuminate\Pipeline\{closure}(Object(Illuminate\Http\Request))
#5 /home1/kmalith2/eonepisode/vendor/laravel/framework/src/Illuminate/Pipeline/Pipeline.php(125): Illuminate\Session\Middleware\StartSession->handle(Object(Illuminate\Http\Request), Object(Closure))
#6 /home1/kmalith2/eonepisode/vendor/laravel/framework/src/Illuminate/Cookie/Middleware/AddQueuedCookiesToResponse.php(36): Illuminate\Pipeline\Pipeline->Illuminate\Pipeline\{closure}(Object(Illuminate\Http\Request))
#7 /home1/kmalith2/eonepisode/vendor/laravel/framework/src/Illuminate/Pipeline/Pipeline.php(125): Illuminate\Cookie\Middleware\AddQueuedCookiesToResponse->handle(Object(Illuminate\Http\Request), Object(Closure))
#8 /home1/kmalith2/eonepisode/vendor/laravel/framework/src/Illuminate/Cookie/Middleware/EncryptCookies.php(40): Illuminate\Pipeline\Pipeline->Illuminate\Pipeline\{closure}(Object(Illuminate\Http\Request))
#9 /home1/kmalith2/eonepisode/vendor/laravel/framework/src/Illuminate/Pipeline/Pipeline.php(125): Illuminate\Cookie\Middleware\EncryptCookies->handle(Object(Illuminate\Http\Request), Object(Closure))
#10 /home1/kmalith2/eonepisode/app/Http/Middleware/CheckForMaintenanceMode.php(26): Illuminate\Pipeline\Pipeline->Illuminate\Pipeline\{closure}(Object(Illuminate\Http\Request))
#11 /home1/kmalith2/eonepisode/vendor/laravel/framework/src/Illuminate/Pipeline/Pipeline.php(125): App\Http\Middleware\CheckForMaintenanceMode->handle(Object(Illuminate\Http\Request), Object(Closure))
#12 [internal function]: Illuminate\Pipeline\Pipeline->Illuminate\Pipeline\{closure}(Object(Illuminate\Http\Request))
#13 /home1/kmalith2/eonepisode/vendor/laravel/framework/src/Illuminate/Pipeline/Pipeline.php(100): call_user_func(Object(Closure), Object(Illuminate\Http\Request))
#14 /home1/kmalith2/eonepisode/vendor/laravel/framework/src/Illuminate/Foundation/Http/Kernel.php(111): Illuminate\Pipeline\Pipeline->then(Object(Closure))
#15 /home1/kmalith2/eonepisode/vendor/laravel/framework/src/Illuminate/Foundation/Http/Kernel.php(84): Illuminate\Foundation\Http\Kernel->sendRequestThroughRouter(Object(Illuminate\Http\Request))
#16 /home1/kmalith2/public_html/index.php(53): Illuminate\Foundation\Http\Kernel->handle(Object(Illuminate\Http\Request))
#17 {main}  
[2026-09-07 03:08:48] local.ERROR: Illuminate\Session\TokenMismatchException in /home1/kmalith2/eonepisode/vendor/laravel/framework/src/Illuminate/Foundation/Http/Middleware/VerifyCsrfToken.php:46
Stack trace:
#0 /home1/kmalith2/eonepisode/app/Http/Middleware/VerifyCsrfToken.php(17): Illuminate\Foundation\Http\Middleware\VerifyCsrfToken->handle(Object(Illuminate\Http\Request), Object(Closure))
#1 /home1/kmalith2/eonepisode/vendor/laravel/framework/src/Illuminate/Pipeline/Pipeline.php(125): App\Http\Middleware\VerifyCsrfToken->handle(Object(Illuminate\Http\Request), Object(Closure))
#2 /home1/kmalith2/eonepisode/vendor/laravel/framework/src/Illuminate/View/Middleware/ShareErrorsFromSession.php(55): Illuminate\Pipeline\Pipeline->Illuminate\Pipeline\{closure}(Object(Illuminate\Http\Request))
#3 /home1/kmalith2/eonepisode/vendor/laravel/framework/src/Illuminate/Pipeline/Pipeline.php(125): Illuminate\View\Middleware\ShareErrorsFromSession->handle(Object(Illuminate\Http\Request), Object(Closure))
#4 /home1/kmalith2/eonepisode/vendor/laravel/framework/src/Illuminate/Session/Middleware/StartSession.php(61): Illuminate\Pipeline\Pipeline->Illuminate\Pipeline\{closure}(Object(Illuminate\Http\Request))
#5 /home1/kmalith2/eonepisode/vendor/laravel/framework/src/Illuminate/Pipeline/Pipeline.php(125): Illuminate\Session\Middleware\StartSession->handle(Object(Illuminate\Http\Request), Object(Closure))
#6 /home1/kmalith2/eonepisode/vendor/laravel/framework/src/Illuminate/Cookie/Middleware/AddQueuedCookiesToResponse.php(36): Illuminate\Pipeline\Pipeline->Illuminate\Pipeline\{closure}(Object(Illuminate\Http\Request))
#7 /home1/kmalith2/eonepisode/vendor/laravel/framework/src/Illuminate/Pipeline/Pipeline.php(125): Illuminate\Cookie\Middleware\AddQueuedCookiesToResponse->handle(Object(Illuminate\Http\Request), Object(Closure))
#8 /home1/kmalith2/eonepisode/vendor/laravel/framework/src/Illuminate/Cookie/Middleware/EncryptCookies.php(40): Illuminate\Pipeline\Pipeline->Illuminate\Pipeline\{closure}(Object(Illuminate\Http\Request))
#9 /home1/kmalith2/eonepisode/vendor/laravel/framework/src/Illuminate/Pipeline/Pipeline.php(125): Illuminate\Cookie\Middleware\EncryptCookies->handle(Object(Illuminate\Http\Request), Object(Closure))
#10 /home1/kmalith2/eonepisode/app/Http/Middleware/CheckForMaintenanceMode.php(26): Illuminate\Pipeline\Pipeline->Illuminate\Pipeline\{closure}(Object(Illuminate\Http\Request))
#11 /home1/kmalith2/eonepisode/vendor/laravel/framework/src/Illuminate/Pipeline/Pipeline.php(125): App\Http\Middleware\CheckForMaintenanceMode->handle(Object(Illuminate\Http\Request), Object(Closure))
#12 [internal function]: Illuminate\Pipeline\Pipeline->Illuminate\Pipeline\{closure}(Object(Illuminate\Http\Request))
#13 /home1/kmalith2/eonepisode/vendor/laravel/framework/src/Illuminate/Pipeline/Pipeline.php(100): call_user_func(Object(Closure), Object(Illuminate\Http\Request))
#14 /home1/kmalith2/eonepisode/vendor/laravel/framework/src/Illuminate/Foundation/Http/Kernel.php(111): Illuminate\Pipeline\Pipeline->then(Object(Closure))
#15 /home1/kmalith2/eonepisode/vendor/laravel/framework/src/Illuminate/Foundation/Http/Kernel.php(84): Illuminate\Foundation\Http\Kernel->sendRequestThroughRouter(Object(Illuminate\Http\Request))
#16 /home1/kmalith2/public_html/index.php(53): Illuminate\Foundation\Http\Kernel->handle(Object(Illuminate\Http\Request))
#17 {main}  
[2026-09-07 03:08:49] local.ERROR: Illuminate\Session\TokenMismatchException in /home1/kmalith2/eonepisode/vendor/laravel/framework/src/Illuminate/Foundation/Http/Middleware/VerifyCsrfToken.php:46
Stack trace:
#0 /home1/kmalith2/eonepisode/app/Http/Middleware/VerifyCsrfToken.php(17): Illuminate\Foundation\Http\Middleware\VerifyCsrfToken->handle(Object(Illuminate\Http\Request), Object(Closure))
#1 /home1/kmalith2/eonepisode/vendor/laravel/framework/src/Illuminate/Pipeline/Pipeline.php(125): App\Http\Middleware\VerifyCsrfToken->handle(Object(Illuminate\Http\Request), Object(Closure))
#2 /home1/kmalith2/eonepisode/vendor/laravel/framework/src/Illuminate/View/Middleware/ShareErrorsFromSession.php(55): Illuminate\Pipeline\Pipeline->Illuminate\Pipeline\{closure}(Object(Illuminate\Http\Request))
#3 /home1/kmalith2/eonepisode/vendor/laravel/framework/src/Illuminate/Pipeline/Pipeline.php(125): Illuminate\View\Middleware\ShareErrorsFromSession->handle(Object(Illuminate\Http\Request), Object(Closure))
#4 /home1/kmalith2/eonepisode/vendor/laravel/framework/src/Illuminate/Session/Middleware/StartSession.php(61): Illuminate\Pipeline\Pipeline->Illuminate\Pipeline\{closure}(Object(Illuminate\Http\Request))
#5 /home1/kmalith2/eonepisode/vendor/laravel/framework/src/Illuminate/Pipeline/Pipeline.php(125): Illuminate\Session\Middleware\StartSession->handle(Object(Illuminate\Http\Request), Object(Closure))
#6 /home1/kmalith2/eonepisode/vendor/laravel/framework/src/Illuminate/Cookie/Middleware/AddQueuedCookiesToResponse.php(36): Illuminate\Pipeline\Pipeline->Illuminate\Pipeline\{closure}(Object(Illuminate\Http\Request))
#7 /home1/kmalith2/eonepisode/vendor/laravel/framework/src/Illuminate/Pipeline/Pipeline.php(125): Illuminate\Cookie\Middleware\AddQueuedCookiesToResponse->handle(Object(Illuminate\Http\Request), Object(Closure))
#8 /home1/kmalith2/eonepisode/vendor/laravel/framework/src/Illuminate/Cookie/Middleware/EncryptCookies.php(40): Illuminate\Pipeline\Pipeline->Illuminate\Pipeline\{closure}(Object(Illuminate\Http\Request))
#9 /home1/kmalith2/eonepisode/vendor/laravel/framework/src/Illuminate/Pipeline/Pipeline.php(125): Illuminate\Cookie\Middleware\EncryptCookies->handle(Object(Illuminate\Http\Request), Object(Closure))
#10 /home1/kmalith2/eonepisode/app/Http/Middleware/CheckForMaintenanceMode.php(26): Illuminate\Pipeline\Pipeline->Illuminate\Pipeline\{closure}(Object(Illuminate\Http\Request))
#11 /home1/kmalith2/eonepisode/vendor/laravel/framework/src/Illuminate/Pipeline/Pipeline.php(125): App\Http\Middleware\CheckForMaintenanceMode->handle(Object(Illuminate\Http\Request), Object(Closure))
#12 [internal function]: Illuminate\Pipeline\Pipeline->Illuminate\Pipeline\{closure}(Object(Illuminate\Http\Request))
#13 /home1/kmalith2/eonepisode/vendor/laravel/framework/src/Illuminate/Pipeline/Pipeline.php(100): call_user_func(Object(Closure), Object(Illuminate\Http\Request))
#14 /home1/kmalith2/eonepisode/vendor/laravel/framework/src/Illuminate/Foundation/Http/Kernel.php(111): Illuminate\Pipeline\Pipeline->then(Object(Closure))
#15 /home1/kmalith2/eonepisode/vendor/laravel/framework/src/Illuminate/Foundation/Http/Kernel.php(84): Illuminate\Foundation\Http\Kernel->sendRequestThroughRouter(Object(Illuminate\Http\Request))
#16 /home1/kmalith2/public_html/index.php(53): Illuminate\Foundation\Http\Kernel->handle(Object(Illuminate\Http\Request))
#17 {main}  
[2026-09-07 03:08:50] local.ERROR: Illuminate\Session\TokenMismatchException in /home1/kmalith2/eonepisode/vendor/laravel/framework/src/Illuminate/Foundation/Http/Middleware/VerifyCsrfToken.php:46
Stack trace:
#0 /home1/kmalith2/eonepisode/app/Http/Middleware/VerifyCsrfToken.php(17): Illuminate\Foundation\Http\Middleware\VerifyCsrfToken->handle(Object(Illuminate\Http\Request), Object(Closure))
#1 /home1/kmalith2/eonepisode/vendor/laravel/framework/src/Illuminate/Pipeline/Pipeline.php(125): App\Http\Middleware\VerifyCsrfToken->handle(Object(Illuminate\Http\Request), Object(Closure))
#2 /home1/kmalith2/eonepisode/vendor/laravel/framework/src/Illuminate/View/Middleware/ShareErrorsFromSession.php(55): Illuminate\Pipeline\Pipeline->Illuminate\Pipeline\{closure}(Object(Illuminate\Http\Request))
#3 /home1/kmalith2/eonepisode/vendor/laravel/framework/src/Illuminate/Pipeline/Pipeline.php(125): Illuminate\View\Middleware\ShareErrorsFromSession->handle(Object(Illuminate\Http\Request), Object(Closure))
#4 /home1/kmalith2/eonepisode/vendor/laravel/framework/src/Illuminate/Session/Middleware/StartSession.php(61): Illuminate\Pipeline\Pipeline->Illuminate\Pipeline\{closure}(Object(Illuminate\Http\Request))
#5 /home1/kmalith2/eonepisode/vendor/laravel/framework/src/Illuminate/Pipeline/Pipeline.php(125): Illuminate\Session\Middleware\StartSession->handle(Object(Illuminate\Http\Request), Object(Closure))
#6 /home1/kmalith2/eonepisode/vendor/laravel/framework/src/Illuminate/Cookie/Middleware/AddQueuedCookiesToResponse.php(36): Illuminate\Pipeline\Pipeline->Illuminate\Pipeline\{closure}(Object(Illuminate\Http\Request))
#7 /home1/kmalith2/eonepisode/vendor/laravel/framework/src/Illuminate/Pipeline/Pipeline.php(125): Illuminate\Cookie\Middleware\AddQueuedCookiesToResponse->handle(Object(Illuminate\Http\Request), Object(Closure))
#8 /home1/kmalith2/eonepisode/vendor/laravel/framework/src/Illuminate/Cookie/Middleware/EncryptCookies.php(40): Illuminate\Pipeline\Pipeline->Illuminate\Pipeline\{closure}(Object(Illuminate\Http\Request))
#9 /home1/kmalith2/eonepisode/vendor/laravel/framework/src/Illuminate/Pipeline/Pipeline.php(125): Illuminate\Cookie\Middleware\EncryptCookies->handle(Object(Illuminate\Http\Request), Object(Closure))
#10 /home1/kmalith2/eonepisode/app/Http/Middleware/CheckForMaintenanceMode.php(26): Illuminate\Pipeline\Pipeline->Illuminate\Pipeline\{closure}(Object(Illuminate\Http\Request))
#11 /home1/kmalith2/eonepisode/vendor/laravel/framework/src/Illuminate/Pipeline/Pipeline.php(125): App\Http\Middleware\CheckForMaintenanceMode->handle(Object(Illuminate\Http\Request), Object(Closure))
#12 [internal function]: Illuminate\Pipeline\Pipeline->Illuminate\Pipeline\{closure}(Object(Illuminate\Http\Request))
#13 /home1/kmalith2/eonepisode/vendor/laravel/framework/src/Illuminate/Pipeline/Pipeline.php(100): call_user_func(Object(Closure), Object(Illuminate\Http\Request))
#14 /home1/kmalith2/eonepisode/vendor/laravel/framework/src/Illuminate/Foundation/Http/Kernel.php(111): Illuminate\Pipeline\Pipeline->then(Object(Closure))
#15 /home1/kmalith2/eonepisode/vendor/laravel/framework/src/Illuminate/Foundation/Http/Kernel.php(84): Illuminate\Foundation\Http\Kernel->sendRequestThroughRouter(Object(Illuminate\Http\Request))
#16 /home1/kmalith2/public_html/index.php(53): Illuminate\Foundation\Http\Kernel->handle(Object(Illuminate\Http\Request))
#17 {main}  
[2026-09-07 03:08:51] local.ERROR: Illuminate\Session\TokenMismatchException in /home1/kmalith2/eonepisode/vendor/laravel/framework/src/Illuminate/Foundation/Http/Middleware/VerifyCsrfToken.php:46
Stack trace:
#0 /home1/kmalith2/eonepisode/app/Http/Middleware/VerifyCsrfToken.php(17): Illuminate\Foundation\Http\Middleware\VerifyCsrfToken->handle(Object(Illuminate\Http\Request), Object(Closure))
#1 /home1/kmalith2/eonepisode/vendor/laravel/framework/src/Illuminate/Pipeline/Pipeline.php(125): App\Http\Middleware\VerifyCsrfToken->handle(Object(Illuminate\Http\Request), Object(Closure))
#2 /home1/kmalith2/eonepisode/vendor/laravel/framework/src/Illuminate/View/Middleware/ShareErrorsFromSession.php(55): Illuminate\Pipeline\Pipeline->Illuminate\Pipeline\{closure}(Object(Illuminate\Http\Request))
#3 /home1/kmalith2/eonepisode/vendor/laravel/framework/src/Illuminate/Pipeline/Pipeline.php(125): Illuminate\View\Middleware\ShareErrorsFromSession->handle(Object(Illuminate\Http\Request), Object(Closure))
#4 /home1/kmalith2/eonepisode/vendor/laravel/framework/src/Illuminate/Session/Middleware/StartSession.php(61): Illuminate\Pipeline\Pipeline->Illuminate\Pipeline\{closure}(Object(Illuminate\Http\Request))
#5 /home1/kmalith2/eonepisode/vendor/laravel/framework/src/Illuminate/Pipeline/Pipeline.php(125): Illuminate\Session\Middleware\StartSession->handle(Object(Illuminate\Http\Request), Object(Closure))
#6 /home1/kmalith2/eonepisode/vendor/laravel/framework/src/Illuminate/Cookie/Middleware/AddQueuedCookiesToResponse.php(36): Illuminate\Pipeline\Pipeline->Illuminate\Pipeline\{closure}(Object(Illuminate\Http\Request))
#7 /home1/kmalith2/eonepisode/vendor/laravel/framework/src/Illuminate/Pipeline/Pipeline.php(125): Illuminate\Cookie\Middleware\AddQueuedCookiesToResponse->handle(Object(Illuminate\Http\Request), Object(Closure))
#8 /home1/kmalith2/eonepisode/vendor/laravel/framework/src/Illuminate/Cookie/Middleware/EncryptCookies.php(40): Illuminate\Pipeline\Pipeline->Illuminate\Pipeline\{closure}(Object(Illuminate\Http\Request))
#9 /home1/kmalith2/eonepisode/vendor/laravel/framework/src/Illuminate/Pipeline/Pipeline.php(125): Illuminate\Cookie\Middleware\EncryptCookies->handle(Object(Illuminate\Http\Request), Object(Closure))
#10 /home1/kmalith2/eonepisode/app/Http/Middleware/CheckForMaintenanceMode.php(26): Illuminate\Pipeline\Pipeline->Illuminate\Pipeline\{closure}(Object(Illuminate\Http\Request))
#11 /home1/kmalith2/eonepisode/vendor/laravel/framework/src/Illuminate/Pipeline/Pipeline.php(125): App\Http\Middleware\CheckForMaintenanceMode->handle(Object(Illuminate\Http\Request), Object(Closure))
#12 [internal function]: Illuminate\Pipeline\Pipeline->Illuminate\Pipeline\{closure}(Object(Illuminate\Http\Request))
#13 /home1/kmalith2/eonepisode/vendor/laravel/framework/src/Illuminate/Pipeline/Pipeline.php(100): call_user_func(Object(Closure), Object(Illuminate\Http\Request))
#14 /home1/kmalith2/eonepisode/vendor/laravel/framework/src/Illuminate/Foundation/Http/Kernel.php(111): Illuminate\Pipeline\Pipeline->then(Object(Closure))
#15 /home1/kmalith2/eonepisode/vendor/laravel/framework/src/Illuminate/Foundation/Http/Kernel.php(84): Illuminate\Foundation\Http\Kernel->sendRequestThroughRouter(Object(Illuminate\Http\Request))
#16 /home1/kmalith2/public_html/index.php(53): Illuminate\Foundation\Http\Kernel->handle(Object(Illuminate\Http\Request))
#17 {main}  
[2026-09-07 03:08:52] local.ERROR: Illuminate\Session\TokenMismatchException in /home1/kmalith2/eonepisode/vendor/laravel/framework/src/Illuminate/Foundation/Http/Middleware/VerifyCsrfToken.php:46
Stack trace:
#0 /home1/kmalith2/eonepisode/app/Http/Middleware/VerifyCsrfToken.php(17): Illuminate\Foundation\Http\Middleware\VerifyCsrfToken->handle(Object(Illuminate\Http\Request), Object(Closure))
#1 /home1/kmalith2/eonepisode/vendor/laravel/framework/src/Illuminate/Pipeline/Pipeline.php(125): App\Http\Middleware\VerifyCsrfToken->handle(Object(Illuminate\Http\Request), Object(Closure))
#2 /home1/kmalith2/eonepisode/vendor/laravel/framework/src/Illuminate/View/Middleware/ShareErrorsFromSession.php(55): Illuminate\Pipeline\Pipeline->Illuminate\Pipeline\{closure}(Object(Illuminate\Http\Request))
#3 /home1/kmalith2/eonepisode/vendor/laravel/framework/src/Illuminate/Pipeline/Pipeline.php(125): Illuminate\View\Middleware\ShareErrorsFromSession->handle(Object(Illuminate\Http\Request), Object(Closure))
#4 /home1/kmalith2/eonepisode/vendor/laravel/framework/src/Illuminate/Session/Middleware/StartSession.php(61): Illuminate\Pipeline\Pipeline->Illuminate\Pipeline\{closure}(Object(Illuminate\Http\Request))
#5 /home1/kmalith2/eonepisode/vendor/laravel/framework/src/Illuminate/Pipeline/Pipeline.php(125): Illuminate\Session\Middleware\StartSession->handle(Object(Illuminate\Http\Request), Object(Closure))
#6 /home1/kmalith2/eonepisode/vendor/laravel/framework/src/Illuminate/Cookie/Middleware/AddQueuedCookiesToResponse.php(36): Illuminate\Pipeline\Pipeline->Illuminate\Pipeline\{closure}(Object(Illuminate\Http\Request))
#7 /home1/kmalith2/eonepisode/vendor/laravel/framework/src/Illuminate/Pipeline/Pipeline.php(125): Illuminate\Cookie\Middleware\AddQueuedCookiesToResponse->handle(Object(Illuminate\Http\Request), Object(Closure))
#8 /home1/kmalith2/eonepisode/vendor/laravel/framework/src/Illuminate/Cookie/Middleware/EncryptCookies.php(40): Illuminate\Pipeline\Pipeline->Illuminate\Pipeline\{closure}(Object(Illuminate\Http\Request))
#9 /home1/kmalith2/eonepisode/vendor/laravel/framework/src/Illuminate/Pipeline/Pipeline.php(125): Illuminate\Cookie\Middleware\EncryptCookies->handle(Object(Illuminate\Http\Request), Object(Closure))
#10 /home1/kmalith2/eonepisode/app/Http/Middleware/CheckForMaintenanceMode.php(26): Illuminate\Pipeline\Pipeline->Illuminate\Pipeline\{closure}(Object(Illuminate\Http\Request))
#11 /home1/kmalith2/eonepisode/vendor/laravel/framework/src/Illuminate/Pipeline/Pipeline.php(125): App\Http\Middleware\CheckForMaintenanceMode->handle(Object(Illuminate\Http\Request), Object(Closure))
#12 [internal function]: Illuminate\Pipeline\Pipeline->Illuminate\Pipeline\{closure}(Object(Illuminate\Http\Request))
#13 /home1/kmalith2/eonepisode/vendor/laravel/framework/src/Illuminate/Pipeline/Pipeline.php(100): call_user_func(Object(Closure), Object(Illuminate\Http\Request))
#14 /home1/kmalith2/eonepisode/vendor/laravel/framework/src/Illuminate/Foundation/Http/Kernel.php(111): Illuminate\Pipeline\Pipeline->then(Object(Closure))
#15 /home1/kmalith2/eonepisode/vendor/laravel/framework/src/Illuminate/Foundation/Http/Kernel.php(84): Illuminate\Foundation\Http\Kernel->sendRequestThroughRouter(Object(Illuminate\Http\Request))
#16 /home1/kmalith2/public_html/index.php(53): Illuminate\Foundation\Http\Kernel->handle(Object(Illuminate\Http\Request))
#17 {main}  
[2026-09-07 03:08:53] local.ERROR: Illuminate\Session\TokenMismatchException in /home1/kmalith2/eonepisode/vendor/laravel/framework/src/Illuminate/Foundation/Http/Middleware/VerifyCsrfToken.php:46
Stack trace:
#0 /home1/kmalith2/eonepisode/app/Http/Middleware/VerifyCsrfToken.php(17): Illuminate\Foundation\Http\Middleware\VerifyCsrfToken->handle(Object(Illuminate\Http\Request), Object(Closure))
#1 /home1/kmalith2/eonepisode/vendor/laravel/framework/src/Illuminate/Pipeline/Pipeline.php(125): App\Http\Middleware\VerifyCsrfToken->handle(Object(Illuminate\Http\Request), Object(Closure))
#2 /home1/kmalith2/eonepisode/vendor/laravel/framework/src/Illuminate/View/Middleware/ShareErrorsFromSession.php(55): Illuminate\Pipeline\Pipeline->Illuminate\Pipeline\{closure}(Object(Illuminate\Http\Request))
#3 /home1/kmalith2/eonepisode/vendor/laravel/framework/src/Illuminate/Pipeline/Pipeline.php(125): Illuminate\View\Middleware\ShareErrorsFromSession->handle(Object(Illuminate\Http\Request), Object(Closure))
#4 /home1/kmalith2/eonepisode/vendor/laravel/framework/src/Illuminate/Session/Middleware/StartSession.php(61): Illuminate\Pipeline\Pipeline->Illuminate\Pipeline\{closure}(Object(Illuminate\Http\Request))
#5 /home1/kmalith2/eonepisode/vendor/laravel/framework/src/Illuminate/Pipeline/Pipeline.php(125): Illuminate\Session\Middleware\StartSession->handle(Object(Illuminate\Http\Request), Object(Closure))
#6 /home1/kmalith2/eonepisode/vendor/laravel/framework/src/Illuminate/Cookie/Middleware/AddQueuedCookiesToResponse.php(36): Illuminate\Pipeline\Pipeline->Illuminate\Pipeline\{closure}(Object(Illuminate\Http\Request))
#7 /home1/kmalith2/eonepisode/vendor/laravel/framework/src/Illuminate/Pipeline/Pipeline.php(125): Illuminate\Cookie\Middleware\AddQueuedCookiesToResponse->handle(Object(Illuminate\Http\Request), Object(Closure))
#8 /home1/kmalith2/eonepisode/vendor/laravel/framework/src/Illuminate/Cookie/Middleware/EncryptCookies.php(40): Illuminate\Pipeline\Pipeline->Illuminate\Pipeline\{closure}(Object(Illuminate\Http\Request))
#9 /home1/kmalith2/eonepisode/vendor/laravel/framework/src/Illuminate/Pipeline/Pipeline.php(125): Illuminate\Cookie\Middleware\EncryptCookies->handle(Object(Illuminate\Http\Request), Object(Closure))
#10 /home1/kmalith2/eonepisode/app/Http/Middleware/CheckForMaintenanceMode.php(26): Illuminate\Pipeline\Pipeline->Illuminate\Pipeline\{closure}(Object(Illuminate\Http\Request))
#11 /home1/kmalith2/eonepisode/vendor/laravel/framework/src/Illuminate/Pipeline/Pipeline.php(125): App\Http\Middleware\CheckForMaintenanceMode->handle(Object(Illuminate\Http\Request), Object(Closure))
#12 [internal function]: Illuminate\Pipeline\Pipeline->Illuminate\Pipeline\{closure}(Object(Illuminate\Http\Request))
#13 /home1/kmalith2/eonepisode/vendor/laravel/framework/src/Illuminate/Pipeline/Pipeline.php(100): call_user_func(Object(Closure), Object(Illuminate\Http\Request))
#14 /home1/kmalith2/eonepisode/vendor/laravel/framework/src/Illuminate/Foundation/Http/Kernel.php(111): Illuminate\Pipeline\Pipeline->then(Object(Closure))
#15 /home1/kmalith2/eonepisode/vendor/laravel/framework/src/Illuminate/Foundation/Http/Kernel.php(84): Illuminate\Foundation\Http\Kernel->sendRequestThroughRouter(Object(Illuminate\Http\Request))
#16 /home1/kmalith2/public_html/index.php(53): Illuminate\Foundation\Http\Kernel->handle(Object(Illuminate\Http\Request))
#17 {main}  
[2026-09-07 03:08:53] local.ERROR: Illuminate\Session\TokenMismatchException in /home1/kmalith2/eonepisode/vendor/laravel/framework/src/Illuminate/Foundation/Http/Middleware/VerifyCsrfToken.php:46
Stack trace:
#0 /home1/kmalith2/eonepisode/app/Http/Middleware/VerifyCsrfToken.php(17): Illuminate\Foundation\Http\Middleware\VerifyCsrfToken->handle(Object(Illuminate\Http\Request), Object(Closure))
#1 /home1/kmalith2/eonepisode/vendor/laravel/framework/src/Illuminate/Pipeline/Pipeline.php(125): App\Http\Middleware\VerifyCsrfToken->handle(Object(Illuminate\Http\Request), Object(Closure))
#2 /home1/kmalith2/eonepisode/vendor/laravel/framework/src/Illuminate/View/Middleware/ShareErrorsFromSession.php(55): Illuminate\Pipeline\Pipeline->Illuminate\Pipeline\{closure}(Object(Illuminate\Http\Request))
#3 /home1/kmalith2/eonepisode/vendor/laravel/framework/src/Illuminate/Pipeline/Pipeline.php(125): Illuminate\View\Middleware\ShareErrorsFromSession->handle(Object(Illuminate\Http\Request), Object(Closure))
#4 /home1/kmalith2/eonepisode/vendor/laravel/framework/src/Illuminate/Session/Middleware/StartSession.php(61): Illuminate\Pipeline\Pipeline->Illuminate\Pipeline\{closure}(Object(Illuminate\Http\Request))
#5 /home1/kmalith2/eonepisode/vendor/laravel/framework/src/Illuminate/Pipeline/Pipeline.php(125): Illuminate\Session\Middleware\StartSession->handle(Object(Illuminate\Http\Request), Object(Closure))
#6 /home1/kmalith2/eonepisode/vendor/laravel/framework/src/Illuminate/Cookie/Middleware/AddQueuedCookiesToResponse.php(36): Illuminate\Pipeline\Pipeline->Illuminate\Pipeline\{closure}(Object(Illuminate\Http\Request))
#7 /home1/kmalith2/eonepisode/vendor/laravel/framework/src/Illuminate/Pipeline/Pipeline.php(125): Illuminate\Cookie\Middleware\AddQueuedCookiesToResponse->handle(Object(Illuminate\Http\Request), Object(Closure))
#8 /home1/kmalith2/eonepisode/vendor/laravel/framework/src/Illuminate/Cookie/Middleware/EncryptCookies.php(40): Illuminate\Pipeline\Pipeline->Illuminate\Pipeline\{closure}(Object(Illuminate\Http\Request))
#9 /home1/kmalith2/eonepisode/vendor/laravel/framework/src/Illuminate/Pipeline/Pipeline.php(125): Illuminate\Cookie\Middleware\EncryptCookies->handle(Object(Illuminate\Http\Request), Object(Closure))
#10 /home1/kmalith2/eonepisode/app/Http/Middleware/CheckForMaintenanceMode.php(26): Illuminate\Pipeline\Pipeline->Illuminate\Pipeline\{closure}(Object(Illuminate\Http\Request))
#11 /home1/kmalith2/eonepisode/vendor/laravel/framework/src/Illuminate/Pipeline/Pipeline.php(125): App\Http\Middleware\CheckForMaintenanceMode->handle(Object(Illuminate\Http\Request), Object(Closure))
#12 [internal function]: Illuminate\Pipeline\Pipeline->Illuminate\Pipeline\{closure}(Object(Illuminate\Http\Request))
#13 /home1/kmalith2/eonepisode/vendor/laravel/framework/src/Illuminate/Pipeline/Pipeline.php(100): call_user_func(Object(Closure), Object(Illuminate\Http\Request))
#14 /home1/kmalith2/eonepisode/vendor/laravel/framework/src/Illuminate/Foundation/Http/Kernel.php(111): Illuminate\Pipeline\Pipeline->then(Object(Closure))
#15 /home1/kmalith2/eonepisode/vendor/laravel/framework/src/Illuminate/Foundation/Http/Kernel.php(84): Illuminate\Foundation\Http\Kernel->sendRequestThroughRouter(Object(Illuminate\Http\Request))
#16 /home1/kmalith2/public_html/index.php(53): Illuminate\Foundation\Http\Kernel->handle(Object(Illuminate\Http\Request))
#17 {main}  
[2026-09-07 03:08:53] local.ERROR: Illuminate\Session\TokenMismatchException in /home1/kmalith2/eonepisode/vendor/laravel/framework/src/Illuminate/Foundation/Http/Middleware/VerifyCsrfToken.php:46
Stack trace:
#0 /home1/kmalith2/eonepisode/app/Http/Middleware/VerifyCsrfToken.php(17): Illuminate\Foundation\Http\Middleware\VerifyCsrfToken->handle(Object(Illuminate\Http\Request), Object(Closure))
#1 /home1/kmalith2/eonepisode/vendor/laravel/framework/src/Illuminate/Pipeline/Pipeline.php(125): App\Http\Middleware\VerifyCsrfToken->handle(Object(Illuminate\Http\Request), Object(Closure))
#2 /home1/kmalith2/eonepisode/vendor/laravel/framework/src/Illuminate/View/Middleware/ShareErrorsFromSession.php(55): Illuminate\Pipeline\Pipeline->Illuminate\Pipeline\{closure}(Object(Illuminate\Http\Request))
#3 /home1/kmalith2/eonepisode/vendor/laravel/framework/src/Illuminate/Pipeline/Pipeline.php(125): Illuminate\View\Middleware\ShareErrorsFromSession->handle(Object(Illuminate\Http\Request), Object(Closure))
#4 /home1/kmalith2/eonepisode/vendor/laravel/framework/src/Illuminate/Session/Middleware/StartSession.php(61): Illuminate\Pipeline\Pipeline->Illuminate\Pipeline\{closure}(Object(Illuminate\Http\Request))
#5 /home1/kmalith2/eonepisode/vendor/laravel/framework/src/Illuminate/Pipeline/Pipeline.php(125): Illuminate\Session\Middleware\StartSession->handle(Object(Illuminate\Http\Request), Object(Closure))
#6 /home1/kmalith2/eonepisode/vendor/laravel/framework/src/Illuminate/Cookie/Middleware/AddQueuedCookiesToResponse.php(36): Illuminate\Pipeline\Pipeline->Illuminate\Pipeline\{closure}(Object(Illuminate\Http\Request))
#7 /home1/kmalith2/eonepisode/vendor/laravel/framework/src/Illuminate/Pipeline/Pipeline.php(125): Illuminate\Cookie\Middleware\AddQueuedCookiesToResponse->handle(Object(Illuminate\Http\Request), Object(Closure))
#8 /home1/kmalith2/eonepisode/vendor/laravel/framework/src/Illuminate/Cookie/Middleware/EncryptCookies.php(40): Illuminate\Pipeline\Pipeline->Illuminate\Pipeline\{closure}(Object(Illuminate\Http\Request))
#9 /home1/kmalith2/eonepisode/vendor/laravel/framework/src/Illuminate/Pipeline/Pipeline.php(125): Illuminate\Cookie\Middleware\EncryptCookies->handle(Object(Illuminate\Http\Request), Object(Closure))
#10 /home1/kmalith2/eonepisode/app/Http/Middleware/CheckForMaintenanceMode.php(26): Illuminate\Pipeline\Pipeline->Illuminate\Pipeline\{closure}(Object(Illuminate\Http\Request))
#11 /home1/kmalith2/eonepisode/vendor/laravel/framework/src/Illuminate/Pipeline/Pipeline.php(125): App\Http\Middleware\CheckForMaintenanceMode->handle(Object(Illuminate\Http\Request), Object(Closure))
#12 [internal function]: Illuminate\Pipeline\Pipeline->Illuminate\Pipeline\{closure}(Object(Illuminate\Http\Request))
#13 /home1/kmalith2/eonepisode/vendor/laravel/framework/src/Illuminate/Pipeline/Pipeline.php(100): call_user_func(Object(Closure), Object(Illuminate\Http\Request))
#14 /home1/kmalith2/eonepisode/vendor/laravel/framework/src/Illuminate/Foundation/Http/Kernel.php(111): Illuminate\Pipeline\Pipeline->then(Object(Closure))
#15 /home1/kmalith2/eonepisode/vendor/laravel/framework/src/Illuminate/Foundation/Http/Kernel.php(84): Illuminate\Foundation\Http\Kernel->sendRequestThroughRouter(Object(Illuminate\Http\Request))
#16 /home1/kmalith2/public_html/index.php(53): Illuminate\Foundation\Http\Kernel->handle(Object(Illuminate\Http\Request))
#17 {main}  
[2026-09-07 03:08:55] local.ERROR: Illuminate\Session\TokenMismatchException in /home1/kmalith2/eonepisode/vendor/laravel/framework/src/Illuminate/Foundation/Http/Middleware/VerifyCsrfToken.php:46
Stack trace:
#0 /home1/kmalith2/eonepisode/app/Http/Middleware/VerifyCsrfToken.php(17): Illuminate\Foundation\Http\Middleware\VerifyCsrfToken->handle(Object(Illuminate\Http\Request), Object(Closure))
#1 /home1/kmalith2/eonepisode/vendor/laravel/framework/src/Illuminate/Pipeline/Pipeline.php(125): App\Http\Middleware\VerifyCsrfToken->handle(Object(Illuminate\Http\Request), Object(Closure))
#2 /home1/kmalith2/eonepisode/vendor/laravel/framework/src/Illuminate/View/Middleware/ShareErrorsFromSession.php(55): Illuminate\Pipeline\Pipeline->Illuminate\Pipeline\{closure}(Object(Illuminate\Http\Request))
#3 /home1/kmalith2/eonepisode/vendor/laravel/framework/src/Illuminate/Pipeline/Pipeline.php(125): Illuminate\View\Middleware\ShareErrorsFromSession->handle(Object(Illuminate\Http\Request), Object(Closure))
#4 /home1/kmalith2/eonepisode/vendor/laravel/framework/src/Illuminate/Session/Middleware/StartSession.php(61): Illuminate\Pipeline\Pipeline->Illuminate\Pipeline\{closure}(Object(Illuminate\Http\Request))
#5 /home1/kmalith2/eonepisode/vendor/laravel/framework/src/Illuminate/Pipeline/Pipeline.php(125): Illuminate\Session\Middleware\StartSession->handle(Object(Illuminate\Http\Request), Object(Closure))
#6 /home1/kmalith2/eonepisode/vendor/laravel/framework/src/Illuminate/Cookie/Middleware/AddQueuedCookiesToResponse.php(36): Illuminate\Pipeline\Pipeline->Illuminate\Pipeline\{closure}(Object(Illuminate\Http\Request))
#7 /home1/kmalith2/eonepisode/vendor/laravel/framework/src/Illuminate/Pipeline/Pipeline.php(125): Illuminate\Cookie\Middleware\AddQueuedCookiesToResponse->handle(Object(Illuminate\Http\Request), Object(Closure))
#8 /home1/kmalith2/eonepisode/vendor/laravel/framework/src/Illuminate/Cookie/Middleware/EncryptCookies.php(40): Illuminate\Pipeline\Pipeline->Illuminate\Pipeline\{closure}(Object(Illuminate\Http\Request))
#9 /home1/kmalith2/eonepisode/vendor/laravel/framework/src/Illuminate/Pipeline/Pipeline.php(125): Illuminate\Cookie\Middleware\EncryptCookies->handle(Object(Illuminate\Http\Request), Object(Closure))
#10 /home1/kmalith2/eonepisode/app/Http/Middleware/CheckForMaintenanceMode.php(26): Illuminate\Pipeline\Pipeline->Illuminate\Pipeline\{closure}(Object(Illuminate\Http\Request))
#11 /home1/kmalith2/eonepisode/vendor/laravel/framework/src/Illuminate/Pipeline/Pipeline.php(125): App\Http\Middleware\CheckForMaintenanceMode->handle(Object(Illuminate\Http\Request), Object(Closure))
#12 [internal function]: Illuminate\Pipeline\Pipeline->Illuminate\Pipeline\{closure}(Object(Illuminate\Http\Request))
#13 /home1/kmalith2/eonepisode/vendor/laravel/framework/src/Illuminate/Pipeline/Pipeline.php(100): call_user_func(Object(Closure), Object(Illuminate\Http\Request))
#14 /home1/kmalith2/eonepisode/vendor/laravel/framework/src/Illuminate/Foundation/Http/Kernel.php(111): Illuminate\Pipeline\Pipeline->then(Object(Closure))
#15 /home1/kmalith2/eonepisode/vendor/laravel/framework/src/Illuminate/Foundation/Http/Kernel.php(84): Illuminate\Foundation\Http\Kernel->sendRequestThroughRouter(Object(Illuminate\Http\Request))
#16 /home1/kmalith2/public_html/index.php(53): Illuminate\Foundation\Http\Kernel->handle(Object(Illuminate\Http\Request))
#17 {main}  
[2026-09-07 03:08:56] local.ERROR: Illuminate\Session\TokenMismatchException in /home1/kmalith2/eonepisode/vendor/laravel/framework/src/Illuminate/Foundation/Http/Middleware/VerifyCsrfToken.php:46
Stack trace:
#0 /home1/kmalith2/eonepisode/app/Http/Middleware/VerifyCsrfToken.php(17): Illuminate\Foundation\Http\Middleware\VerifyCsrfToken->handle(Object(Illuminate\Http\Request), Object(Closure))
#1 /home1/kmalith2/eonepisode/vendor/laravel/framework/src/Illuminate/Pipeline/Pipeline.php(125): App\Http\Middleware\VerifyCsrfToken->handle(Object(Illuminate\Http\Request), Object(Closure))
#2 /home1/kmalith2/eonepisode/vendor/laravel/framework/src/Illuminate/View/Middleware/ShareErrorsFromSession.php(55): Illuminate\Pipeline\Pipeline->Illuminate\Pipeline\{closure}(Object(Illuminate\Http\Request))
#3 /home1/kmalith2/eonepisode/vendor/laravel/framework/src/Illuminate/Pipeline/Pipeline.php(125): Illuminate\View\Middleware\ShareErrorsFromSession->handle(Object(Illuminate\Http\Request), Object(Closure))
#4 /home1/kmalith2/eonepisode/vendor/laravel/framework/src/Illuminate/Session/Middleware/StartSession.php(61): Illuminate\Pipeline\Pipeline->Illuminate\Pipeline\{closure}(Object(Illuminate\Http\Request))
#5 /home1/kmalith2/eonepisode/vendor/laravel/framework/src/Illuminate/Pipeline/Pipeline.php(125): Illuminate\Session\Middleware\StartSession->handle(Object(Illuminate\Http\Request), Object(Closure))
#6 /home1/kmalith2/eonepisode/vendor/laravel/framework/src/Illuminate/Cookie/Middleware/AddQueuedCookiesToResponse.php(36): Illuminate\Pipeline\Pipeline->Illuminate\Pipeline\{closure}(Object(Illuminate\Http\Request))
#7 /home1/kmalith2/eonepisode/vendor/laravel/framework/src/Illuminate/Pipeline/Pipeline.php(125): Illuminate\Cookie\Middleware\AddQueuedCookiesToResponse->handle(Object(Illuminate\Http\Request), Object(Closure))
#8 /home1/kmalith2/eonepisode/vendor/laravel/framework/src/Illuminate/Cookie/Middleware/EncryptCookies.php(40): Illuminate\Pipeline\Pipeline->Illuminate\Pipeline\{closure}(Object(Illuminate\Http\Request))
#9 /home1/kmalith2/eonepisode/vendor/laravel/framework/src/Illuminate/Pipeline/Pipeline.php(125): Illuminate\Cookie\Middleware\EncryptCookies->handle(Object(Illuminate\Http\Request), Object(Closure))
#10 /home1/kmalith2/eonepisode/app/Http/Middleware/CheckForMaintenanceMode.php(26): Illuminate\Pipeline\Pipeline->Illuminate\Pipeline\{closure}(Object(Illuminate\Http\Request))
#11 /home1/kmalith2/eonepisode/vendor/laravel/framework/src/Illuminate/Pipeline/Pipeline.php(125): App\Http\Middleware\CheckForMaintenanceMode->handle(Object(Illuminate\Http\Request), Object(Closure))
#12 [internal function]: Illuminate\Pipeline\Pipeline->Illuminate\Pipeline\{closure}(Object(Illuminate\Http\Request))
#13 /home1/kmalith2/eonepisode/vendor/laravel/framework/src/Illuminate/Pipeline/Pipeline.php(100): call_user_func(Object(Closure), Object(Illuminate\Http\Request))
#14 /home1/kmalith2/eonepisode/vendor/laravel/framework/src/Illuminate/Foundation/Http/Kernel.php(111): Illuminate\Pipeline\Pipeline->then(Object(Closure))
#15 /home1/kmalith2/eonepisode/vendor/laravel/framework/src/Illuminate/Foundation/Http/Kernel.php(84): Illuminate\Foundation\Http\Kernel->sendRequestThroughRouter(Object(Illuminate\Http\Request))
#16 /home1/kmalith2/public_html/index.php(53): Illuminate\Foundation\Http\Kernel->handle(Object(Illuminate\Http\Request))
#17 {main}  
[2026-09-07 03:08:56] local.ERROR: Illuminate\Session\TokenMismatchException in /home1/kmalith2/eonepisode/vendor/laravel/framework/src/Illuminate/Foundation/Http/Middleware/VerifyCsrfToken.php:46
Stack trace:
#0 /home1/kmalith2/eonepisode/app/Http/Middleware/VerifyCsrfToken.php(17): Illuminate\Foundation\Http\Middleware\VerifyCsrfToken->handle(Object(Illuminate\Http\Request), Object(Closure))
#1 /home1/kmalith2/eonepisode/vendor/laravel/framework/src/Illuminate/Pipeline/Pipeline.php(125): App\Http\Middleware\VerifyCsrfToken->handle(Object(Illuminate\Http\Request), Object(Closure))
#2 /home1/kmalith2/eonepisode/vendor/laravel/framework/src/Illuminate/View/Middleware/ShareErrorsFromSession.php(55): Illuminate\Pipeline\Pipeline->Illuminate\Pipeline\{closure}(Object(Illuminate\Http\Request))
#3 /home1/kmalith2/eonepisode/vendor/laravel/framework/src/Illuminate/Pipeline/Pipeline.php(125): Illuminate\View\Middleware\ShareErrorsFromSession->handle(Object(Illuminate\Http\Request), Object(Closure))
#4 /home1/kmalith2/eonepisode/vendor/laravel/framework/src/Illuminate/Session/Middleware/StartSession.php(61): Illuminate\Pipeline\Pipeline->Illuminate\Pipeline\{closure}(Object(Illuminate\Http\Request))
#5 /home1/kmalith2/eonepisode/vendor/laravel/framework/src/Illuminate/Pipeline/Pipeline.php(125): Illuminate\Session\Middleware\StartSession->handle(Object(Illuminate\Http\Request), Object(Closure))
#6 /home1/kmalith2/eonepisode/vendor/laravel/framework/src/Illuminate/Cookie/Middleware/AddQueuedCookiesToResponse.php(36): Illuminate\Pipeline\Pipeline->Illuminate\Pipeline\{closure}(Object(Illuminate\Http\Request))
#7 /home1/kmalith2/eonepisode/vendor/laravel/framework/src/Illuminate/Pipeline/Pipeline.php(125): Illuminate\Cookie\Middleware\AddQueuedCookiesToResponse->handle(Object(Illuminate\Http\Request), Object(Closure))
#8 /home1/kmalith2/eonepisode/vendor/laravel/framework/src/Illuminate/Cookie/Middleware/EncryptCookies.php(40): Illuminate\Pipeline\Pipeline->Illuminate\Pipeline\{closure}(Object(Illuminate\Http\Request))
#9 /home1/kmalith2/eonepisode/vendor/laravel/framework/src/Illuminate/Pipeline/Pipeline.php(125): Illuminate\Cookie\Middleware\EncryptCookies->handle(Object(Illuminate\Http\Request), Object(Closure))
#10 /home1/kmalith2/eonepisode/app/Http/Middleware/CheckForMaintenanceMode.php(26): Illuminate\Pipeline\Pipeline->Illuminate\Pipeline\{closure}(Object(Illuminate\Http\Request))
#11 /home1/kmalith2/eonepisode/vendor/laravel/framework/src/Illuminate/Pipeline/Pipeline.php(125): App\Http\Middleware\CheckForMaintenanceMode->handle(Object(Illuminate\Http\Request), Object(Closure))
#12 [internal function]: Illuminate\Pipeline\Pipeline->Illuminate\Pipeline\{closure}(Object(Illuminate\Http\Request))
#13 /home1/kmalith2/eonepisode/vendor/laravel/framework/src/Illuminate/Pipeline/Pipeline.php(100): call_user_func(Object(Closure), Object(Illuminate\Http\Request))
#14 /home1/kmalith2/eonepisode/vendor/laravel/framework/src/Illuminate/Foundation/Http/Kernel.php(111): Illuminate\Pipeline\Pipeline->then(Object(Closure))
#15 /home1/kmalith2/eonepisode/vendor/laravel/framework/src/Illuminate/Foundation/Http/Kernel.php(84): Illuminate\Foundation\Http\Kernel->sendRequestThroughRouter(Object(Illuminate\Http\Request))
#16 /home1/kmalith2/public_html/index.php(53): Illuminate\Foundation\Http\Kernel->handle(Object(Illuminate\Http\Request))
#17 {main}  
[2026-09-07 03:08:58] local.ERROR: Illuminate\Session\TokenMismatchException in /home1/kmalith2/eonepisode/vendor/laravel/framework/src/Illuminate/Foundation/Http/Middleware/VerifyCsrfToken.php:46
Stack trace:
#0 /home1/kmalith2/eonepisode/app/Http/Middleware/VerifyCsrfToken.php(17): Illuminate\Foundation\Http\Middleware\VerifyCsrfToken->handle(Object(Illuminate\Http\Request), Object(Closure))
#1 /home1/kmalith2/eonepisode/vendor/laravel/framework/src/Illuminate/Pipeline/Pipeline.php(125): App\Http\Middleware\VerifyCsrfToken->handle(Object(Illuminate\Http\Request), Object(Closure))
#2 /home1/kmalith2/eonepisode/vendor/laravel/framework/src/Illuminate/View/Middleware/ShareErrorsFromSession.php(55): Illuminate\Pipeline\Pipeline->Illuminate\Pipeline\{closure}(Object(Illuminate\Http\Request))
#3 /home1/kmalith2/eonepisode/vendor/laravel/framework/src/Illuminate/Pipeline/Pipeline.php(125): Illuminate\View\Middleware\ShareErrorsFromSession->handle(Object(Illuminate\Http\Request), Object(Closure))
#4 /home1/kmalith2/eonepisode/vendor/laravel/framework/src/Illuminate/Session/Middleware/StartSession.php(61): Illuminate\Pipeline\Pipeline->Illuminate\Pipeline\{closure}(Object(Illuminate\Http\Request))
#5 /home1/kmalith2/eonepisode/vendor/laravel/framework/src/Illuminate/Pipeline/Pipeline.php(125): Illuminate\Session\Middleware\StartSession->handle(Object(Illuminate\Http\Request), Object(Closure))
#6 /home1/kmalith2/eonepisode/vendor/laravel/framework/src/Illuminate/Cookie/Middleware/AddQueuedCookiesToResponse.php(36): Illuminate\Pipeline\Pipeline->Illuminate\Pipeline\{closure}(Object(Illuminate\Http\Request))
#7 /home1/kmalith2/eonepisode/vendor/laravel/framework/src/Illuminate/Pipeline/Pipeline.php(125): Illuminate\Cookie\Middleware\AddQueuedCookiesToResponse->handle(Object(Illuminate\Http\Request), Object(Closure))
#8 /home1/kmalith2/eonepisode/vendor/laravel/framework/src/Illuminate/Cookie/Middleware/EncryptCookies.php(40): Illuminate\Pipeline\Pipeline->Illuminate\Pipeline\{closure}(Object(Illuminate\Http\Request))
#9 /home1/kmalith2/eonepisode/vendor/laravel/framework/src/Illuminate/Pipeline/Pipeline.php(125): Illuminate\Cookie\Middleware\EncryptCookies->handle(Object(Illuminate\Http\Request), Object(Closure))
#10 /home1/kmalith2/eonepisode/app/Http/Middleware/CheckForMaintenanceMode.php(26): Illuminate\Pipeline\Pipeline->Illuminate\Pipeline\{closure}(Object(Illuminate\Http\Request))
#11 /home1/kmalith2/eonepisode/vendor/laravel/framework/src/Illuminate/Pipeline/Pipeline.php(125): App\Http\Middleware\CheckForMaintenanceMode->handle(Object(Illuminate\Http\Request), Object(Closure))
#12 [internal function]: Illuminate\Pipeline\Pipeline->Illuminate\Pipeline\{closure}(Object(Illuminate\Http\Request))
#13 /home1/kmalith2/eonepisode/vendor/laravel/framework/src/Illuminate/Pipeline/Pipeline.php(100): call_user_func(Object(Closure), Object(Illuminate\Http\Request))
#14 /home1/kmalith2/eonepisode/vendor/laravel/framework/src/Illuminate/Foundation/Http/Kernel.php(111): Illuminate\Pipeline\Pipeline->then(Object(Closure))
#15 /home1/kmalith2/eonepisode/vendor/laravel/framework/src/Illuminate/Foundation/Http/Kernel.php(84): Illuminate\Foundation\Http\Kernel->sendRequestThroughRouter(Object(Illuminate\Http\Request))
#16 /home1/kmalith2/public_html/index.php(53): Illuminate\Foundation\Http\Kernel->handle(Object(Illuminate\Http\Request))
#17 {main}  
[2026-09-07 03:09:00] local.ERROR: Illuminate\Session\TokenMismatchException in /home1/kmalith2/eonepisode/vendor/laravel/framework/src/Illuminate/Foundation/Http/Middleware/VerifyCsrfToken.php:46
Stack trace:
#0 /home1/kmalith2/eonepisode/app/Http/Middleware/VerifyCsrfToken.php(17): Illuminate\Foundation\Http\Middleware\VerifyCsrfToken->handle(Object(Illuminate\Http\Request), Object(Closure))
#1 /home1/kmalith2/eonepisode/vendor/laravel/framework/src/Illuminate/Pipeline/Pipeline.php(125): App\Http\Middleware\VerifyCsrfToken->handle(Object(Illuminate\Http\Request), Object(Closure))
#2 /home1/kmalith2/eonepisode/vendor/laravel/framework/src/Illuminate/View/Middleware/ShareErrorsFromSession.php(55): Illuminate\Pipeline\Pipeline->Illuminate\Pipeline\{closure}(Object(Illuminate\Http\Request))
#3 /home1/kmalith2/eonepisode/vendor/laravel/framework/src/Illuminate/Pipeline/Pipeline.php(125): Illuminate\View\Middleware\ShareErrorsFromSession->handle(Object(Illuminate\Http\Request), Object(Closure))
#4 /home1/kmalith2/eonepisode/vendor/laravel/framework/src/Illuminate/Session/Middleware/StartSession.php(61): Illuminate\Pipeline\Pipeline->Illuminate\Pipeline\{closure}(Object(Illuminate\Http\Request))
#5 /home1/kmalith2/eonepisode/vendor/laravel/framework/src/Illuminate/Pipeline/Pipeline.php(125): Illuminate\Session\Middleware\StartSession->handle(Object(Illuminate\Http\Request), Object(Closure))
#6 /home1/kmalith2/eonepisode/vendor/laravel/framework/src/Illuminate/Cookie/Middleware/AddQueuedCookiesToResponse.php(36): Illuminate\Pipeline\Pipeline->Illuminate\Pipeline\{closure}(Object(Illuminate\Http\Request))
#7 /home1/kmalith2/eonepisode/vendor/laravel/framework/src/Illuminate/Pipeline/Pipeline.php(125): Illuminate\Cookie\Middleware\AddQueuedCookiesToResponse->handle(Object(Illuminate\Http\Request), Object(Closure))
#8 /home1/kmalith2/eonepisode/vendor/laravel/framework/src/Illuminate/Cookie/Middleware/EncryptCookies.php(40): Illuminate\Pipeline\Pipeline->Illuminate\Pipeline\{closure}(Object(Illuminate\Http\Request))
#9 /home1/kmalith2/eonepisode/vendor/laravel/framework/src/Illuminate/Pipeline/Pipeline.php(125): Illuminate\Cookie\Middleware\EncryptCookies->handle(Object(Illuminate\Http\Request), Object(Closure))
#10 /home1/kmalith2/eonepisode/app/Http/Middleware/CheckForMaintenanceMode.php(26): Illuminate\Pipeline\Pipeline->Illuminate\Pipeline\{closure}(Object(Illuminate\Http\Request))
#11 /home1/kmalith2/eonepisode/vendor/laravel/framework/src/Illuminate/Pipeline/Pipeline.php(125): App\Http\Middleware\CheckForMaintenanceMode->handle(Object(Illuminate\Http\Request), Object(Closure))
#12 [internal function]: Illuminate\Pipeline\Pipeline->Illuminate\Pipeline\{closure}(Object(Illuminate\Http\Request))
#13 /home1/kmalith2/eonepisode/vendor/laravel/framework/src/Illuminate/Pipeline/Pipeline.php(100): call_user_func(Object(Closure), Object(Illuminate\Http\Request))
#14 /home1/kmalith2/eonepisode/vendor/laravel/framework/src/Illuminate/Foundation/Http/Kernel.php(111): Illuminate\Pipeline\Pipeline->then(Object(Closure))
#15 /home1/kmalith2/eonepisode/vendor/laravel/framework/src/Illuminate/Foundation/Http/Kernel.php(84): Illuminate\Foundation\Http\Kernel->sendRequestThroughRouter(Object(Illuminate\Http\Request))
#16 /home1/kmalith2/public_html/index.php(53): Illuminate\Foundation\Http\Kernel->handle(Object(Illuminate\Http\Request))
#17 {main}  
[2026-09-07 03:09:01] local.ERROR: Illuminate\Session\TokenMismatchException in /home1/kmalith2/eonepisode/vendor/laravel/framework/src/Illuminate/Foundation/Http/Middleware/VerifyCsrfToken.php:46
Stack trace:
#0 /home1/kmalith2/eonepisode/app/Http/Middleware/VerifyCsrfToken.php(17): Illuminate\Foundation\Http\Middleware\VerifyCsrfToken->handle(Object(Illuminate\Http\Request), Object(Closure))
#1 /home1/kmalith2/eonepisode/vendor/laravel/framework/src/Illuminate/Pipeline/Pipeline.php(125): App\Http\Middleware\VerifyCsrfToken->handle(Object(Illuminate\Http\Request), Object(Closure))
#2 /home1/kmalith2/eonepisode/vendor/laravel/framework/src/Illuminate/View/Middleware/ShareErrorsFromSession.php(55): Illuminate\Pipeline\Pipeline->Illuminate\Pipeline\{closure}(Object(Illuminate\Http\Request))
#3 /home1/kmalith2/eonepisode/vendor/laravel/framework/src/Illuminate/Pipeline/Pipeline.php(125): Illuminate\View\Middleware\ShareErrorsFromSession->handle(Object(Illuminate\Http\Request), Object(Closure))
#4 /home1/kmalith2/eonepisode/vendor/laravel/framework/src/Illuminate/Session/Middleware/StartSession.php(61): Illuminate\Pipeline\Pipeline->Illuminate\Pipeline\{closure}(Object(Illuminate\Http\Request))
#5 /home1/kmalith2/eonepisode/vendor/laravel/framework/src/Illuminate/Pipeline/Pipeline.php(125): Illuminate\Session\Middleware\StartSession->handle(Object(Illuminate\Http\Request), Object(Closure))
#6 /home1/kmalith2/eonepisode/vendor/laravel/framework/src/Illuminate/Cookie/Middleware/AddQueuedCookiesToResponse.php(36): Illuminate\Pipeline\Pipeline->Illuminate\Pipeline\{closure}(Object(Illuminate\Http\Request))
#7 /home1/kmalith2/eonepisode/vendor/laravel/framework/src/Illuminate/Pipeline/Pipeline.php(125): Illuminate\Cookie\Middleware\AddQueuedCookiesToResponse->handle(Object(Illuminate\Http\Request), Object(Closure))
#8 /home1/kmalith2/eonepisode/vendor/laravel/framework/src/Illuminate/Cookie/Middleware/EncryptCookies.php(40): Illuminate\Pipeline\Pipeline->Illuminate\Pipeline\{closure}(Object(Illuminate\Http\Request))
#9 /home1/kmalith2/eonepisode/vendor/laravel/framework/src/Illuminate/Pipeline/Pipeline.php(125): Illuminate\Cookie\Middleware\EncryptCookies->handle(Object(Illuminate\Http\Request), Object(Closure))
#10 /home1/kmalith2/eonepisode/app/Http/Middleware/CheckForMaintenanceMode.php(26): Illuminate\Pipeline\Pipeline->Illuminate\Pipeline\{closure}(Object(Illuminate\Http\Request))
#11 /home1/kmalith2/eonepisode/vendor/laravel/framework/src/Illuminate/Pipeline/Pipeline.php(125): App\Http\Middleware\CheckForMaintenanceMode->handle(Object(Illuminate\Http\Request), Object(Closure))
#12 [internal function]: Illuminate\Pipeline\Pipeline->Illuminate\Pipeline\{closure}(Object(Illuminate\Http\Request))
#13 /home1/kmalith2/eonepisode/vendor/laravel/framework/src/Illuminate/Pipeline/Pipeline.php(100): call_user_func(Object(Closure), Object(Illuminate\Http\Request))
#14 /home1/kmalith2/eonepisode/vendor/laravel/framework/src/Illuminate/Foundation/Http/Kernel.php(111): Illuminate\Pipeline\Pipeline->then(Object(Closure))
#15 /home1/kmalith2/eonepisode/vendor/laravel/framework/src/Illuminate/Foundation/Http/Kernel.php(84): Illuminate\Foundation\Http\Kernel->sendRequestThroughRouter(Object(Illuminate\Http\Request))
#16 /home1/kmalith2/public_html/index.php(53): Illuminate\Foundation\Http\Kernel->handle(Object(Illuminate\Http\Request))
#17 {main}  
[2026-09-07 03:09:01] local.ERROR: Illuminate\Session\TokenMismatchException in /home1/kmalith2/eonepisode/vendor/laravel/framework/src/Illuminate/Foundation/Http/Middleware/VerifyCsrfToken.php:46
Stack trace:
#0 /home1/kmalith2/eonepisode/app/Http/Middleware/VerifyCsrfToken.php(17): Illuminate\Foundation\Http\Middleware\VerifyCsrfToken->handle(Object(Illuminate\Http\Request), Object(Closure))
#1 /home1/kmalith2/eonepisode/vendor/laravel/framework/src/Illuminate/Pipeline/Pipeline.php(125): App\Http\Middleware\VerifyCsrfToken->handle(Object(Illuminate\Http\Request), Object(Closure))
#2 /home1/kmalith2/eonepisode/vendor/laravel/framework/src/Illuminate/View/Middleware/ShareErrorsFromSession.php(55): Illuminate\Pipeline\Pipeline->Illuminate\Pipeline\{closure}(Object(Illuminate\Http\Request))
#3 /home1/kmalith2/eonepisode/vendor/laravel/framework/src/Illuminate/Pipeline/Pipeline.php(125): Illuminate\View\Middleware\ShareErrorsFromSession->handle(Object(Illuminate\Http\Request), Object(Closure))
#4 /home1/kmalith2/eonepisode/vendor/laravel/framework/src/Illuminate/Session/Middleware/StartSession.php(61): Illuminate\Pipeline\Pipeline->Illuminate\Pipeline\{closure}(Object(Illuminate\Http\Request))
#5 /home1/kmalith2/eonepisode/vendor/laravel/framework/src/Illuminate/Pipeline/Pipeline.php(125): Illuminate\Session\Middleware\StartSession->handle(Object(Illuminate\Http\Request), Object(Closure))
#6 /home1/kmalith2/eonepisode/vendor/laravel/framework/src/Illuminate/Cookie/Middleware/AddQueuedCookiesToResponse.php(36): Illuminate\Pipeline\Pipeline->Illuminate\Pipeline\{closure}(Object(Illuminate\Http\Request))
#7 /home1/kmalith2/eonepisode/vendor/laravel/framework/src/Illuminate/Pipeline/Pipeline.php(125): Illuminate\Cookie\Middleware\AddQueuedCookiesToResponse->handle(Object(Illuminate\Http\Request), Object(Closure))
#8 /home1/kmalith2/eonepisode/vendor/laravel/framework/src/Illuminate/Cookie/Middleware/EncryptCookies.php(40): Illuminate\Pipeline\Pipeline->Illuminate\Pipeline\{closure}(Object(Illuminate\Http\Request))
#9 /home1/kmalith2/eonepisode/vendor/laravel/framework/src/Illuminate/Pipeline/Pipeline.php(125): Illuminate\Cookie\Middleware\EncryptCookies->handle(Object(Illuminate\Http\Request), Object(Closure))
#10 /home1/kmalith2/eonepisode/app/Http/Middleware/CheckForMaintenanceMode.php(26): Illuminate\Pipeline\Pipeline->Illuminate\Pipeline\{closure}(Object(Illuminate\Http\Request))
#11 /home1/kmalith2/eonepisode/vendor/laravel/framework/src/Illuminate/Pipeline/Pipeline.php(125): App\Http\Middleware\CheckForMaintenanceMode->handle(Object(Illuminate\Http\Request), Object(Closure))
#12 [internal function]: Illuminate\Pipeline\Pipeline->Illuminate\Pipeline\{closure}(Object(Illuminate\Http\Request))
#13 /home1/kmalith2/eonepisode/vendor/laravel/framework/src/Illuminate/Pipeline/Pipeline.php(100): call_user_func(Object(Closure), Object(Illuminate\Http\Request))
#14 /home1/kmalith2/eonepisode/vendor/laravel/framework/src/Illuminate/Foundation/Http/Kernel.php(111): Illuminate\Pipeline\Pipeline->then(Object(Closure))
#15 /home1/kmalith2/eonepisode/vendor/laravel/framework/src/Illuminate/Foundation/Http/Kernel.php(84): Illuminate\Foundation\Http\Kernel->sendRequestThroughRouter(Object(Illuminate\Http\Request))
#16 /home1/kmalith2/public_html/index.php(53): Illuminate\Foundation\Http\Kernel->handle(Object(Illuminate\Http\Request))
#17 {main}  
[2026-09-07 03:09:02] local.ERROR: Illuminate\Session\TokenMismatchException in /home1/kmalith2/eonepisode/vendor/laravel/framework/src/Illuminate/Foundation/Http/Middleware/VerifyCsrfToken.php:46
Stack trace:
#0 /home1/kmalith2/eonepisode/app/Http/Middleware/VerifyCsrfToken.php(17): Illuminate\Foundation\Http\Middleware\VerifyCsrfToken->handle(Object(Illuminate\Http\Request), Object(Closure))
#1 /home1/kmalith2/eonepisode/vendor/laravel/framework/src/Illuminate/Pipeline/Pipeline.php(125): App\Http\Middleware\VerifyCsrfToken->handle(Object(Illuminate\Http\Request), Object(Closure))
#2 /home1/kmalith2/eonepisode/vendor/laravel/framework/src/Illuminate/View/Middleware/ShareErrorsFromSession.php(55): Illuminate\Pipeline\Pipeline->Illuminate\Pipeline\{closure}(Object(Illuminate\Http\Request))
#3 /home1/kmalith2/eonepisode/vendor/laravel/framework/src/Illuminate/Pipeline/Pipeline.php(125): Illuminate\View\Middleware\ShareErrorsFromSession->handle(Object(Illuminate\Http\Request), Object(Closure))
#4 /home1/kmalith2/eonepisode/vendor/laravel/framework/src/Illuminate/Session/Middleware/StartSession.php(61): Illuminate\Pipeline\Pipeline->Illuminate\Pipeline\{closure}(Object(Illuminate\Http\Request))
#5 /home1/kmalith2/eonepisode/vendor/laravel/framework/src/Illuminate/Pipeline/Pipeline.php(125): Illuminate\Session\Middleware\StartSession->handle(Object(Illuminate\Http\Request), Object(Closure))
#6 /home1/kmalith2/eonepisode/vendor/laravel/framework/src/Illuminate/Cookie/Middleware/AddQueuedCookiesToResponse.php(36): Illuminate\Pipeline\Pipeline->Illuminate\Pipeline\{closure}(Object(Illuminate\Http\Request))
#7 /home1/kmalith2/eonepisode/vendor/laravel/framework/src/Illuminate/Pipeline/Pipeline.php(125): Illuminate\Cookie\Middleware\AddQueuedCookiesToResponse->handle(Object(Illuminate\Http\Request), Object(Closure))
#8 /home1/kmalith2/eonepisode/vendor/laravel/framework/src/Illuminate/Cookie/Middleware/EncryptCookies.php(40): Illuminate\Pipeline\Pipeline->Illuminate\Pipeline\{closure}(Object(Illuminate\Http\Request))
#9 /home1/kmalith2/eonepisode/vendor/laravel/framework/src/Illuminate/Pipeline/Pipeline.php(125): Illuminate\Cookie\Middleware\EncryptCookies->handle(Object(Illuminate\Http\Request), Object(Closure))
#10 /home1/kmalith2/eonepisode/app/Http/Middleware/CheckForMaintenanceMode.php(26): Illuminate\Pipeline\Pipeline->Illuminate\Pipeline\{closure}(Object(Illuminate\Http\Request))
#11 /home1/kmalith2/eonepisode/vendor/laravel/framework/src/Illuminate/Pipeline/Pipeline.php(125): App\Http\Middleware\CheckForMaintenanceMode->handle(Object(Illuminate\Http\Request), Object(Closure))
#12 [internal function]: Illuminate\Pipeline\Pipeline->Illuminate\Pipeline\{closure}(Object(Illuminate\Http\Request))
#13 /home1/kmalith2/eonepisode/vendor/laravel/framework/src/Illuminate/Pipeline/Pipeline.php(100): call_user_func(Object(Closure), Object(Illuminate\Http\Request))
#14 /home1/kmalith2/eonepisode/vendor/laravel/framework/src/Illuminate/Foundation/Http/Kernel.php(111): Illuminate\Pipeline\Pipeline->then(Object(Closure))
#15 /home1/kmalith2/eonepisode/vendor/laravel/framework/src/Illuminate/Foundation/Http/Kernel.php(84): Illuminate\Foundation\Http\Kernel->sendRequestThroughRouter(Object(Illuminate\Http\Request))
#16 /home1/kmalith2/public_html/index.php(53): Illuminate\Foundation\Http\Kernel->handle(Object(Illuminate\Http\Request))
#17 {main}  
[2026-09-07 03:09:05] local.ERROR: Illuminate\Session\TokenMismatchException in /home1/kmalith2/eonepisode/vendor/laravel/framework/src/Illuminate/Foundation/Http/Middleware/VerifyCsrfToken.php:46
Stack trace:
#0 /home1/kmalith2/eonepisode/app/Http/Middleware/VerifyCsrfToken.php(17): Illuminate\Foundation\Http\Middleware\VerifyCsrfToken->handle(Object(Illuminate\Http\Request), Object(Closure))
#1 /home1/kmalith2/eonepisode/vendor/laravel/framework/src/Illuminate/Pipeline/Pipeline.php(125): App\Http\Middleware\VerifyCsrfToken->handle(Object(Illuminate\Http\Request), Object(Closure))
#2 /home1/kmalith2/eonepisode/vendor/laravel/framework/src/Illuminate/View/Middleware/ShareErrorsFromSession.php(55): Illuminate\Pipeline\Pipeline->Illuminate\Pipeline\{closure}(Object(Illuminate\Http\Request))
#3 /home1/kmalith2/eonepisode/vendor/laravel/framework/src/Illuminate/Pipeline/Pipeline.php(125): Illuminate\View\Middleware\ShareErrorsFromSession->handle(Object(Illuminate\Http\Request), Object(Closure))
#4 /home1/kmalith2/eonepisode/vendor/laravel/framework/src/Illuminate/Session/Middleware/StartSession.php(61): Illuminate\Pipeline\Pipeline->Illuminate\Pipeline\{closure}(Object(Illuminate\Http\Request))
#5 /home1/kmalith2/eonepisode/vendor/laravel/framework/src/Illuminate/Pipeline/Pipeline.php(125): Illuminate\Session\Middleware\StartSession->handle(Object(Illuminate\Http\Request), Object(Closure))
#6 /home1/kmalith2/eonepisode/vendor/laravel/framework/src/Illuminate/Cookie/Middleware/AddQueuedCookiesToResponse.php(36): Illuminate\Pipeline\Pipeline->Illuminate\Pipeline\{closure}(Object(Illuminate\Http\Request))
#7 /home1/kmalith2/eonepisode/vendor/laravel/framework/src/Illuminate/Pipeline/Pipeline.php(125): Illuminate\Cookie\Middleware\AddQueuedCookiesToResponse->handle(Object(Illuminate\Http\Request), Object(Closure))
#8 /home1/kmalith2/eonepisode/vendor/laravel/framework/src/Illuminate/Cookie/Middleware/EncryptCookies.php(40): Illuminate\Pipeline\Pipeline->Illuminate\Pipeline\{closure}(Object(Illuminate\Http\Request))
#9 /home1/kmalith2/eonepisode/vendor/laravel/framework/src/Illuminate/Pipeline/Pipeline.php(125): Illuminate\Cookie\Middleware\EncryptCookies->handle(Object(Illuminate\Http\Request), Object(Closure))
#10 /home1/kmalith2/eonepisode/app/Http/Middleware/CheckForMaintenanceMode.php(26): Illuminate\Pipeline\Pipeline->Illuminate\Pipeline\{closure}(Object(Illuminate\Http\Request))
#11 /home1/kmalith2/eonepisode/vendor/laravel/framework/src/Illuminate/Pipeline/Pipeline.php(125): App\Http\Middleware\CheckForMaintenanceMode->handle(Object(Illuminate\Http\Request), Object(Closure))
#12 [internal function]: Illuminate\Pipeline\Pipeline->Illuminate\Pipeline\{closure}(Object(Illuminate\Http\Request))
#13 /home1/kmalith2/eonepisode/vendor/laravel/framework/src/Illuminate/Pipeline/Pipeline.php(100): call_user_func(Object(Closure), Object(Illuminate\Http\Request))
#14 /home1/kmalith2/eonepisode/vendor/laravel/framework/src/Illuminate/Foundation/Http/Kernel.php(111): Illuminate\Pipeline\Pipeline->then(Object(Closure))
#15 /home1/kmalith2/eonepisode/vendor/laravel/framework/src/Illuminate/Foundation/Http/Kernel.php(84): Illuminate\Foundation\Http\Kernel->sendRequestThroughRouter(Object(Illuminate\Http\Request))
#16 /home1/kmalith2/public_html/index.php(53): Illuminate\Foundation\Http\Kernel->handle(Object(Illuminate\Http\Request))
#17 {main}  
[2026-09-07 03:09:06] local.ERROR: Illuminate\Session\TokenMismatchException in /home1/kmalith2/eonepisode/vendor/laravel/framework/src/Illuminate/Foundation/Http/Middleware/VerifyCsrfToken.php:46
Stack trace:
#0 /home1/kmalith2/eonepisode/app/Http/Middleware/VerifyCsrfToken.php(17): Illuminate\Foundation\Http\Middleware\VerifyCsrfToken->handle(Object(Illuminate\Http\Request), Object(Closure))
#1 /home1/kmalith2/eonepisode/vendor/laravel/framework/src/Illuminate/Pipeline/Pipeline.php(125): App\Http\Middleware\VerifyCsrfToken->handle(Object(Illuminate\Http\Request), Object(Closure))
#2 /home1/kmalith2/eonepisode/vendor/laravel/framework/src/Illuminate/View/Middleware/ShareErrorsFromSession.php(55): Illuminate\Pipeline\Pipeline->Illuminate\Pipeline\{closure}(Object(Illuminate\Http\Request))
#3 /home1/kmalith2/eonepisode/vendor/laravel/framework/src/Illuminate/Pipeline/Pipeline.php(125): Illuminate\View\Middleware\ShareErrorsFromSession->handle(Object(Illuminate\Http\Request), Object(Closure))
#4 /home1/kmalith2/eonepisode/vendor/laravel/framework/src/Illuminate/Session/Middleware/StartSession.php(61): Illuminate\Pipeline\Pipeline->Illuminate\Pipeline\{closure}(Object(Illuminate\Http\Request))
#5 /home1/kmalith2/eonepisode/vendor/laravel/framework/src/Illuminate/Pipeline/Pipeline.php(125): Illuminate\Session\Middleware\StartSession->handle(Object(Illuminate\Http\Request), Object(Closure))
#6 /home1/kmalith2/eonepisode/vendor/laravel/framework/src/Illuminate/Cookie/Middleware/AddQueuedCookiesToResponse.php(36): Illuminate\Pipeline\Pipeline->Illuminate\Pipeline\{closure}(Object(Illuminate\Http\Request))
#7 /home1/kmalith2/eonepisode/vendor/laravel/framework/src/Illuminate/Pipeline/Pipeline.php(125): Illuminate\Cookie\Middleware\AddQueuedCookiesToResponse->handle(Object(Illuminate\Http\Request), Object(Closure))
#8 /home1/kmalith2/eonepisode/vendor/laravel/framework/src/Illuminate/Cookie/Middleware/EncryptCookies.php(40): Illuminate\Pipeline\Pipeline->Illuminate\Pipeline\{closure}(Object(Illuminate\Http\Request))
#9 /home1/kmalith2/eonepisode/vendor/laravel/framework/src/Illuminate/Pipeline/Pipeline.php(125): Illuminate\Cookie\Middleware\EncryptCookies->handle(Object(Illuminate\Http\Request), Object(Closure))
#10 /home1/kmalith2/eonepisode/app/Http/Middleware/CheckForMaintenanceMode.php(26): Illuminate\Pipeline\Pipeline->Illuminate\Pipeline\{closure}(Object(Illuminate\Http\Request))
#11 /home1/kmalith2/eonepisode/vendor/laravel/framework/src/Illuminate/Pipeline/Pipeline.php(125): App\Http\Middleware\CheckForMaintenanceMode->handle(Object(Illuminate\Http\Request), Object(Closure))
#12 [internal function]: Illuminate\Pipeline\Pipeline->Illuminate\Pipeline\{closure}(Object(Illuminate\Http\Request))
#13 /home1/kmalith2/eonepisode/vendor/laravel/framework/src/Illuminate/Pipeline/Pipeline.php(100): call_user_func(Object(Closure), Object(Illuminate\Http\Request))
#14 /home1/kmalith2/eonepisode/vendor/laravel/framework/src/Illuminate/Foundation/Http/Kernel.php(111): Illuminate\Pipeline\Pipeline->then(Object(Closure))
#15 /home1/kmalith2/eonepisode/vendor/laravel/framework/src/Illuminate/Foundation/Http/Kernel.php(84): Illuminate\Foundation\Http\Kernel->sendRequestThroughRouter(Object(Illuminate\Http\Request))
#16 /home1/kmalith2/public_html/index.php(53): Illuminate\Foundation\Http\Kernel->handle(Object(Illuminate\Http\Request))
#17 {main}  
[2026-09-07 03:09:06] local.ERROR: Illuminate\Session\TokenMismatchException in /home1/kmalith2/eonepisode/vendor/laravel/framework/src/Illuminate/Foundation/Http/Middleware/VerifyCsrfToken.php:46
Stack trace:
#0 /home1/kmalith2/eonepisode/app/Http/Middleware/VerifyCsrfToken.php(17): Illuminate\Foundation\Http\Middleware\VerifyCsrfToken->handle(Object(Illuminate\Http\Request), Object(Closure))
#1 /home1/kmalith2/eonepisode/vendor/laravel/framework/src/Illuminate/Pipeline/Pipeline.php(125): App\Http\Middleware\VerifyCsrfToken->handle(Object(Illuminate\Http\Request), Object(Closure))
#2 /home1/kmalith2/eonepisode/vendor/laravel/framework/src/Illuminate/View/Middleware/ShareErrorsFromSession.php(55): Illuminate\Pipeline\Pipeline->Illuminate\Pipeline\{closure}(Object(Illuminate\Http\Request))
#3 /home1/kmalith2/eonepisode/vendor/laravel/framework/src/Illuminate/Pipeline/Pipeline.php(125): Illuminate\View\Middleware\ShareErrorsFromSession->handle(Object(Illuminate\Http\Request), Object(Closure))
#4 /home1/kmalith2/eonepisode/vendor/laravel/framework/src/Illuminate/Session/Middleware/StartSession.php(61): Illuminate\Pipeline\Pipeline->Illuminate\Pipeline\{closure}(Object(Illuminate\Http\Request))
#5 /home1/kmalith2/eonepisode/vendor/laravel/framework/src/Illuminate/Pipeline/Pipeline.php(125): Illuminate\Session\Middleware\StartSession->handle(Object(Illuminate\Http\Request), Object(Closure))
#6 /home1/kmalith2/eonepisode/vendor/laravel/framework/src/Illuminate/Cookie/Middleware/AddQueuedCookiesToResponse.php(36): Illuminate\Pipeline\Pipeline->Illuminate\Pipeline\{closure}(Object(Illuminate\Http\Request))
#7 /home1/kmalith2/eonepisode/vendor/laravel/framework/src/Illuminate/Pipeline/Pipeline.php(125): Illuminate\Cookie\Middleware\AddQueuedCookiesToResponse->handle(Object(Illuminate\Http\Request), Object(Closure))
#8 /home1/kmalith2/eonepisode/vendor/laravel/framework/src/Illuminate/Cookie/Middleware/EncryptCookies.php(40): Illuminate\Pipeline\Pipeline->Illuminate\Pipeline\{closure}(Object(Illuminate\Http\Request))
#9 /home1/kmalith2/eonepisode/vendor/laravel/framework/src/Illuminate/Pipeline/Pipeline.php(125): Illuminate\Cookie\Middleware\EncryptCookies->handle(Object(Illuminate\Http\Request), Object(Closure))
#10 /home1/kmalith2/eonepisode/app/Http/Middleware/CheckForMaintenanceMode.php(26): Illuminate\Pipeline\Pipeline->Illuminate\Pipeline\{closure}(Object(Illuminate\Http\Request))
#11 /home1/kmalith2/eonepisode/vendor/laravel/framework/src/Illuminate/Pipeline/Pipeline.php(125): App\Http\Middleware\CheckForMaintenanceMode->handle(Object(Illuminate\Http\Request), Object(Closure))
#12 [internal function]: Illuminate\Pipeline\Pipeline->Illuminate\Pipeline\{closure}(Object(Illuminate\Http\Request))
#13 /home1/kmalith2/eonepisode/vendor/laravel/framework/src/Illuminate/Pipeline/Pipeline.php(100): call_user_func(Object(Closure), Object(Illuminate\Http\Request))
#14 /home1/kmalith2/eonepisode/vendor/laravel/framework/src/Illuminate/Foundation/Http/Kernel.php(111): Illuminate\Pipeline\Pipeline->then(Object(Closure))
#15 /home1/kmalith2/eonepisode/vendor/laravel/framework/src/Illuminate/Foundation/Http/Kernel.php(84): Illuminate\Foundation\Http\Kernel->sendRequestThroughRouter(Object(Illuminate\Http\Request))
#16 /home1/kmalith2/public_html/index.php(53): Illuminate\Foundation\Http\Kernel->handle(Object(Illuminate\Http\Request))
#17 {main}  
[2026-09-07 03:09:08] local.ERROR: Illuminate\Session\TokenMismatchException in /home1/kmalith2/eonepisode/vendor/laravel/framework/src/Illuminate/Foundation/Http/Middleware/VerifyCsrfToken.php:46
Stack trace:
#0 /home1/kmalith2/eonepisode/app/Http/Middleware/VerifyCsrfToken.php(17): Illuminate\Foundation\Http\Middleware\VerifyCsrfToken->handle(Object(Illuminate\Http\Request), Object(Closure))
#1 /home1/kmalith2/eonepisode/vendor/laravel/framework/src/Illuminate/Pipeline/Pipeline.php(125): App\Http\Middleware\VerifyCsrfToken->handle(Object(Illuminate\Http\Request), Object(Closure))
#2 /home1/kmalith2/eonepisode/vendor/laravel/framework/src/Illuminate/View/Middleware/ShareErrorsFromSession.php(55): Illuminate\Pipeline\Pipeline->Illuminate\Pipeline\{closure}(Object(Illuminate\Http\Request))
#3 /home1/kmalith2/eonepisode/vendor/laravel/framework/src/Illuminate/Pipeline/Pipeline.php(125): Illuminate\View\Middleware\ShareErrorsFromSession->handle(Object(Illuminate\Http\Request), Object(Closure))
#4 /home1/kmalith2/eonepisode/vendor/laravel/framework/src/Illuminate/Session/Middleware/StartSession.php(61): Illuminate\Pipeline\Pipeline->Illuminate\Pipeline\{closure}(Object(Illuminate\Http\Request))
#5 /home1/kmalith2/eonepisode/vendor/laravel/framework/src/Illuminate/Pipeline/Pipeline.php(125): Illuminate\Session\Middleware\StartSession->handle(Object(Illuminate\Http\Request), Object(Closure))
#6 /home1/kmalith2/eonepisode/vendor/laravel/framework/src/Illuminate/Cookie/Middleware/AddQueuedCookiesToResponse.php(36): Illuminate\Pipeline\Pipeline->Illuminate\Pipeline\{closure}(Object(Illuminate\Http\Request))
#7 /home1/kmalith2/eonepisode/vendor/laravel/framework/src/Illuminate/Pipeline/Pipeline.php(125): Illuminate\Cookie\Middleware\AddQueuedCookiesToResponse->handle(Object(Illuminate\Http\Request), Object(Closure))
#8 /home1/kmalith2/eonepisode/vendor/laravel/framework/src/Illuminate/Cookie/Middleware/EncryptCookies.php(40): Illuminate\Pipeline\Pipeline->Illuminate\Pipeline\{closure}(Object(Illuminate\Http\Request))
#9 /home1/kmalith2/eonepisode/vendor/laravel/framework/src/Illuminate/Pipeline/Pipeline.php(125): Illuminate\Cookie\Middleware\EncryptCookies->handle(Object(Illuminate\Http\Request), Object(Closure))
#10 /home1/kmalith2/eonepisode/app/Http/Middleware/CheckForMaintenanceMode.php(26): Illuminate\Pipeline\Pipeline->Illuminate\Pipeline\{closure}(Object(Illuminate\Http\Request))
#11 /home1/kmalith2/eonepisode/vendor/laravel/framework/src/Illuminate/Pipeline/Pipeline.php(125): App\Http\Middleware\CheckForMaintenanceMode->handle(Object(Illuminate\Http\Request), Object(Closure))
#12 [internal function]: Illuminate\Pipeline\Pipeline->Illuminate\Pipeline\{closure}(Object(Illuminate\Http\Request))
#13 /home1/kmalith2/eonepisode/vendor/laravel/framework/src/Illuminate/Pipeline/Pipeline.php(100): call_user_func(Object(Closure), Object(Illuminate\Http\Request))
#14 /home1/kmalith2/eonepisode/vendor/laravel/framework/src/Illuminate/Foundation/Http/Kernel.php(111): Illuminate\Pipeline\Pipeline->then(Object(Closure))
#15 /home1/kmalith2/eonepisode/vendor/laravel/framework/src/Illuminate/Foundation/Http/Kernel.php(84): Illuminate\Foundation\Http\Kernel->sendRequestThroughRouter(Object(Illuminate\Http\Request))
#16 /home1/kmalith2/public_html/index.php(53): Illuminate\Foundation\Http\Kernel->handle(Object(Illuminate\Http\Request))
#17 {main}  
[2026-09-07 03:09:08] local.ERROR: Illuminate\Session\TokenMismatchException in /home1/kmalith2/eonepisode/vendor/laravel/framework/src/Illuminate/Foundation/Http/Middleware/VerifyCsrfToken.php:46
Stack trace:
#0 /home1/kmalith2/eonepisode/app/Http/Middleware/VerifyCsrfToken.php(17): Illuminate\Foundation\Http\Middleware\VerifyCsrfToken->handle(Object(Illuminate\Http\Request), Object(Closure))
#1 /home1/kmalith2/eonepisode/vendor/laravel/framework/src/Illuminate/Pipeline/Pipeline.php(125): App\Http\Middleware\VerifyCsrfToken->handle(Object(Illuminate\Http\Request), Object(Closure))
#2 /home1/kmalith2/eonepisode/vendor/laravel/framework/src/Illuminate/View/Middleware/ShareErrorsFromSession.php(55): Illuminate\Pipeline\Pipeline->Illuminate\Pipeline\{closure}(Object(Illuminate\Http\Request))
#3 /home1/kmalith2/eonepisode/vendor/laravel/framework/src/Illuminate/Pipeline/Pipeline.php(125): Illuminate\View\Middleware\ShareErrorsFromSession->handle(Object(Illuminate\Http\Request), Object(Closure))
#4 /home1/kmalith2/eonepisode/vendor/laravel/framework/src/Illuminate/Session/Middleware/StartSession.php(61): Illuminate\Pipeline\Pipeline->Illuminate\Pipeline\{closure}(Object(Illuminate\Http\Request))
#5 /home1/kmalith2/eonepisode/vendor/laravel/framework/src/Illuminate/Pipeline/Pipeline.php(125): Illuminate\Session\Middleware\StartSession->handle(Object(Illuminate\Http\Request), Object(Closure))
#6 /home1/kmalith2/eonepisode/vendor/laravel/framework/src/Illuminate/Cookie/Middleware/AddQueuedCookiesToResponse.php(36): Illuminate\Pipeline\Pipeline->Illuminate\Pipeline\{closure}(Object(Illuminate\Http\Request))
#7 /home1/kmalith2/eonepisode/vendor/laravel/framework/src/Illuminate/Pipeline/Pipeline.php(125): Illuminate\Cookie\Middleware\AddQueuedCookiesToResponse->handle(Object(Illuminate\Http\Request), Object(Closure))
#8 /home1/kmalith2/eonepisode/vendor/laravel/framework/src/Illuminate/Cookie/Middleware/EncryptCookies.php(40): Illuminate\Pipeline\Pipeline->Illuminate\Pipeline\{closure}(Object(Illuminate\Http\Request))
#9 /home1/kmalith2/eonepisode/vendor/laravel/framework/src/Illuminate/Pipeline/Pipeline.php(125): Illuminate\Cookie\Middleware\EncryptCookies->handle(Object(Illuminate\Http\Request), Object(Closure))
#10 /home1/kmalith2/eonepisode/app/Http/Middleware/CheckForMaintenanceMode.php(26): Illuminate\Pipeline\Pipeline->Illuminate\Pipeline\{closure}(Object(Illuminate\Http\Request))
#11 /home1/kmalith2/eonepisode/vendor/laravel/framework/src/Illuminate/Pipeline/Pipeline.php(125): App\Http\Middleware\CheckForMaintenanceMode->handle(Object(Illuminate\Http\Request), Object(Closure))
#12 [internal function]: Illuminate\Pipeline\Pipeline->Illuminate\Pipeline\{closure}(Object(Illuminate\Http\Request))
#13 /home1/kmalith2/eonepisode/vendor/laravel/framework/src/Illuminate/Pipeline/Pipeline.php(100): call_user_func(Object(Closure), Object(Illuminate\Http\Request))
#14 /home1/kmalith2/eonepisode/vendor/laravel/framework/src/Illuminate/Foundation/Http/Kernel.php(111): Illuminate\Pipeline\Pipeline->then(Object(Closure))
#15 /home1/kmalith2/eonepisode/vendor/laravel/framework/src/Illuminate/Foundation/Http/Kernel.php(84): Illuminate\Foundation\Http\Kernel->sendRequestThroughRouter(Object(Illuminate\Http\Request))
#16 /home1/kmalith2/public_html/index.php(53): Illuminate\Foundation\Http\Kernel->handle(Object(Illuminate\Http\Request))
#17 {main}  
[2026-09-07 03:09:09] local.ERROR: Illuminate\Session\TokenMismatchException in /home1/kmalith2/eonepisode/vendor/laravel/framework/src/Illuminate/Foundation/Http/Middleware/VerifyCsrfToken.php:46
Stack trace:
#0 /home1/kmalith2/eonepisode/app/Http/Middleware/VerifyCsrfToken.php(17): Illuminate\Foundation\Http\Middleware\VerifyCsrfToken->handle(Object(Illuminate\Http\Request), Object(Closure))
#1 /home1/kmalith2/eonepisode/vendor/laravel/framework/src/Illuminate/Pipeline/Pipeline.php(125): App\Http\Middleware\VerifyCsrfToken->handle(Object(Illuminate\Http\Request), Object(Closure))
#2 /home1/kmalith2/eonepisode/vendor/laravel/framework/src/Illuminate/View/Middleware/ShareErrorsFromSession.php(55): Illuminate\Pipeline\Pipeline->Illuminate\Pipeline\{closure}(Object(Illuminate\Http\Request))
#3 /home1/kmalith2/eonepisode/vendor/laravel/framework/src/Illuminate/Pipeline/Pipeline.php(125): Illuminate\View\Middleware\ShareErrorsFromSession->handle(Object(Illuminate\Http\Request), Object(Closure))
#4 /home1/kmalith2/eonepisode/vendor/laravel/framework/src/Illuminate/Session/Middleware/StartSession.php(61): Illuminate\Pipeline\Pipeline->Illuminate\Pipeline\{closure}(Object(Illuminate\Http\Request))
#5 /home1/kmalith2/eonepisode/vendor/laravel/framework/src/Illuminate/Pipeline/Pipeline.php(125): Illuminate\Session\Middleware\StartSession->handle(Object(Illuminate\Http\Request), Object(Closure))
#6 /home1/kmalith2/eonepisode/vendor/laravel/framework/src/Illuminate/Cookie/Middleware/AddQueuedCookiesToResponse.php(36): Illuminate\Pipeline\Pipeline->Illuminate\Pipeline\{closure}(Object(Illuminate\Http\Request))
#7 /home1/kmalith2/eonepisode/vendor/laravel/framework/src/Illuminate/Pipeline/Pipeline.php(125): Illuminate\Cookie\Middleware\AddQueuedCookiesToResponse->handle(Object(Illuminate\Http\Request), Object(Closure))
#8 /home1/kmalith2/eonepisode/vendor/laravel/framework/src/Illuminate/Cookie/Middleware/EncryptCookies.php(40): Illuminate\Pipeline\Pipeline->Illuminate\Pipeline\{closure}(Object(Illuminate\Http\Request))
#9 /home1/kmalith2/eonepisode/vendor/laravel/framework/src/Illuminate/Pipeline/Pipeline.php(125): Illuminate\Cookie\Middleware\EncryptCookies->handle(Object(Illuminate\Http\Request), Object(Closure))
#10 /home1/kmalith2/eonepisode/app/Http/Middleware/CheckForMaintenanceMode.php(26): Illuminate\Pipeline\Pipeline->Illuminate\Pipeline\{closure}(Object(Illuminate\Http\Request))
#11 /home1/kmalith2/eonepisode/vendor/laravel/framework/src/Illuminate/Pipeline/Pipeline.php(125): App\Http\Middleware\CheckForMaintenanceMode->handle(Object(Illuminate\Http\Request), Object(Closure))
#12 [internal function]: Illuminate\Pipeline\Pipeline->Illuminate\Pipeline\{closure}(Object(Illuminate\Http\Request))
#13 /home1/kmalith2/eonepisode/vendor/laravel/framework/src/Illuminate/Pipeline/Pipeline.php(100): call_user_func(Object(Closure), Object(Illuminate\Http\Request))
#14 /home1/kmalith2/eonepisode/vendor/laravel/framework/src/Illuminate/Foundation/Http/Kernel.php(111): Illuminate\Pipeline\Pipeline->then(Object(Closure))
#15 /home1/kmalith2/eonepisode/vendor/laravel/framework/src/Illuminate/Foundation/Http/Kernel.php(84): Illuminate\Foundation\Http\Kernel->sendRequestThroughRouter(Object(Illuminate\Http\Request))
#16 /home1/kmalith2/public_html/index.php(53): Illuminate\Foundation\Http\Kernel->handle(Object(Illuminate\Http\Request))
#17 {main}  
[2026-09-07 03:09:10] local.ERROR: Illuminate\Session\TokenMismatchException in /home1/kmalith2/eonepisode/vendor/laravel/framework/src/Illuminate/Foundation/Http/Middleware/VerifyCsrfToken.php:46
Stack trace:
#0 /home1/kmalith2/eonepisode/app/Http/Middleware/VerifyCsrfToken.php(17): Illuminate\Foundation\Http\Middleware\VerifyCsrfToken->handle(Object(Illuminate\Http\Request), Object(Closure))
#1 /home1/kmalith2/eonepisode/vendor/laravel/framework/src/Illuminate/Pipeline/Pipeline.php(125): App\Http\Middleware\VerifyCsrfToken->handle(Object(Illuminate\Http\Request), Object(Closure))
#2 /home1/kmalith2/eonepisode/vendor/laravel/framework/src/Illuminate/View/Middleware/ShareErrorsFromSession.php(55): Illuminate\Pipeline\Pipeline->Illuminate\Pipeline\{closure}(Object(Illuminate\Http\Request))
#3 /home1/kmalith2/eonepisode/vendor/laravel/framework/src/Illuminate/Pipeline/Pipeline.php(125): Illuminate\View\Middleware\ShareErrorsFromSession->handle(Object(Illuminate\Http\Request), Object(Closure))
#4 /home1/kmalith2/eonepisode/vendor/laravel/framework/src/Illuminate/Session/Middleware/StartSession.php(61): Illuminate\Pipeline\Pipeline->Illuminate\Pipeline\{closure}(Object(Illuminate\Http\Request))
#5 /home1/kmalith2/eonepisode/vendor/laravel/framework/src/Illuminate/Pipeline/Pipeline.php(125): Illuminate\Session\Middleware\StartSession->handle(Object(Illuminate\Http\Request), Object(Closure))
#6 /home1/kmalith2/eonepisode/vendor/laravel/framework/src/Illuminate/Cookie/Middleware/AddQueuedCookiesToResponse.php(36): Illuminate\Pipeline\Pipeline->Illuminate\Pipeline\{closure}(Object(Illuminate\Http\Request))
#7 /home1/kmalith2/eonepisode/vendor/laravel/framework/src/Illuminate/Pipeline/Pipeline.php(125): Illuminate\Cookie\Middleware\AddQueuedCookiesToResponse->handle(Object(Illuminate\Http\Request), Object(Closure))
#8 /home1/kmalith2/eonepisode/vendor/laravel/framework/src/Illuminate/Cookie/Middleware/EncryptCookies.php(40): Illuminate\Pipeline\Pipeline->Illuminate\Pipeline\{closure}(Object(Illuminate\Http\Request))
#9 /home1/kmalith2/eonepisode/vendor/laravel/framework/src/Illuminate/Pipeline/Pipeline.php(125): Illuminate\Cookie\Middleware\EncryptCookies->handle(Object(Illuminate\Http\Request), Object(Closure))
#10 /home1/kmalith2/eonepisode/app/Http/Middleware/CheckForMaintenanceMode.php(26): Illuminate\Pipeline\Pipeline->Illuminate\Pipeline\{closure}(Object(Illuminate\Http\Request))
#11 /home1/kmalith2/eonepisode/vendor/laravel/framework/src/Illuminate/Pipeline/Pipeline.php(125): App\Http\Middleware\CheckForMaintenanceMode->handle(Object(Illuminate\Http\Request), Object(Closure))
#12 [internal function]: Illuminate\Pipeline\Pipeline->Illuminate\Pipeline\{closure}(Object(Illuminate\Http\Request))
#13 /home1/kmalith2/eonepisode/vendor/laravel/framework/src/Illuminate/Pipeline/Pipeline.php(100): call_user_func(Object(Closure), Object(Illuminate\Http\Request))
#14 /home1/kmalith2/eonepisode/vendor/laravel/framework/src/Illuminate/Foundation/Http/Kernel.php(111): Illuminate\Pipeline\Pipeline->then(Object(Closure))
#15 /home1/kmalith2/eonepisode/vendor/laravel/framework/src/Illuminate/Foundation/Http/Kernel.php(84): Illuminate\Foundation\Http\Kernel->sendRequestThroughRouter(Object(Illuminate\Http\Request))
#16 /home1/kmalith2/public_html/index.php(53): Illuminate\Foundation\Http\Kernel->handle(Object(Illuminate\Http\Request))
#17 {main}  
[2026-09-07 03:09:10] local.ERROR: Illuminate\Session\TokenMismatchException in /home1/kmalith2/eonepisode/vendor/laravel/framework/src/Illuminate/Foundation/Http/Middleware/VerifyCsrfToken.php:46
Stack trace:
#0 /home1/kmalith2/eonepisode/app/Http/Middleware/VerifyCsrfToken.php(17): Illuminate\Foundation\Http\Middleware\VerifyCsrfToken->handle(Object(Illuminate\Http\Request), Object(Closure))
#1 /home1/kmalith2/eonepisode/vendor/laravel/framework/src/Illuminate/Pipeline/Pipeline.php(125): App\Http\Middleware\VerifyCsrfToken->handle(Object(Illuminate\Http\Request), Object(Closure))
#2 /home1/kmalith2/eonepisode/vendor/laravel/framework/src/Illuminate/View/Middleware/ShareErrorsFromSession.php(55): Illuminate\Pipeline\Pipeline->Illuminate\Pipeline\{closure}(Object(Illuminate\Http\Request))
#3 /home1/kmalith2/eonepisode/vendor/laravel/framework/src/Illuminate/Pipeline/Pipeline.php(125): Illuminate\View\Middleware\ShareErrorsFromSession->handle(Object(Illuminate\Http\Request), Object(Closure))
#4 /home1/kmalith2/eonepisode/vendor/laravel/framework/src/Illuminate/Session/Middleware/StartSession.php(61): Illuminate\Pipeline\Pipeline->Illuminate\Pipeline\{closure}(Object(Illuminate\Http\Request))
#5 /home1/kmalith2/eonepisode/vendor/laravel/framework/src/Illuminate/Pipeline/Pipeline.php(125): Illuminate\Session\Middleware\StartSession->handle(Object(Illuminate\Http\Request), Object(Closure))
#6 /home1/kmalith2/eonepisode/vendor/laravel/framework/src/Illuminate/Cookie/Middleware/AddQueuedCookiesToResponse.php(36): Illuminate\Pipeline\Pipeline->Illuminate\Pipeline\{closure}(Object(Illuminate\Http\Request))
#7 /home1/kmalith2/eonepisode/vendor/laravel/framework/src/Illuminate/Pipeline/Pipeline.php(125): Illuminate\Cookie\Middleware\AddQueuedCookiesToResponse->handle(Object(Illuminate\Http\Request), Object(Closure))
#8 /home1/kmalith2/eonepisode/vendor/laravel/framework/src/Illuminate/Cookie/Middleware/EncryptCookies.php(40): Illuminate\Pipeline\Pipeline->Illuminate\Pipeline\{closure}(Object(Illuminate\Http\Request))
#9 /home1/kmalith2/eonepisode/vendor/laravel/framework/src/Illuminate/Pipeline/Pipeline.php(125): Illuminate\Cookie\Middleware\EncryptCookies->handle(Object(Illuminate\Http\Request), Object(Closure))
#10 /home1/kmalith2/eonepisode/app/Http/Middleware/CheckForMaintenanceMode.php(26): Illuminate\Pipeline\Pipeline->Illuminate\Pipeline\{closure}(Object(Illuminate\Http\Request))
#11 /home1/kmalith2/eonepisode/vendor/laravel/framework/src/Illuminate/Pipeline/Pipeline.php(125): App\Http\Middleware\CheckForMaintenanceMode->handle(Object(Illuminate\Http\Request), Object(Closure))
#12 [internal function]: Illuminate\Pipeline\Pipeline->Illuminate\Pipeline\{closure}(Object(Illuminate\Http\Request))
#13 /home1/kmalith2/eonepisode/vendor/laravel/framework/src/Illuminate/Pipeline/Pipeline.php(100): call_user_func(Object(Closure), Object(Illuminate\Http\Request))
#14 /home1/kmalith2/eonepisode/vendor/laravel/framework/src/Illuminate/Foundation/Http/Kernel.php(111): Illuminate\Pipeline\Pipeline->then(Object(Closure))
#15 /home1/kmalith2/eonepisode/vendor/laravel/framework/src/Illuminate/Foundation/Http/Kernel.php(84): Illuminate\Foundation\Http\Kernel->sendRequestThroughRouter(Object(Illuminate\Http\Request))
#16 /home1/kmalith2/public_html/index.php(53): Illuminate\Foundation\Http\Kernel->handle(Object(Illuminate\Http\Request))
#17 {main}  
[2026-09-07 03:09:11] local.ERROR: Illuminate\Session\TokenMismatchException in /home1/kmalith2/eonepisode/vendor/laravel/framework/src/Illuminate/Foundation/Http/Middleware/VerifyCsrfToken.php:46
Stack trace:
#0 /home1/kmalith2/eonepisode/app/Http/Middleware/VerifyCsrfToken.php(17): Illuminate\Foundation\Http\Middleware\VerifyCsrfToken->handle(Object(Illuminate\Http\Request), Object(Closure))
#1 /home1/kmalith2/eonepisode/vendor/laravel/framework/src/Illuminate/Pipeline/Pipeline.php(125): App\Http\Middleware\VerifyCsrfToken->handle(Object(Illuminate\Http\Request), Object(Closure))
#2 /home1/kmalith2/eonepisode/vendor/laravel/framework/src/Illuminate/View/Middleware/ShareErrorsFromSession.php(55): Illuminate\Pipeline\Pipeline->Illuminate\Pipeline\{closure}(Object(Illuminate\Http\Request))
#3 /home1/kmalith2/eonepisode/vendor/laravel/framework/src/Illuminate/Pipeline/Pipeline.php(125): Illuminate\View\Middleware\ShareErrorsFromSession->handle(Object(Illuminate\Http\Request), Object(Closure))
#4 /home1/kmalith2/eonepisode/vendor/laravel/framework/src/Illuminate/Session/Middleware/StartSession.php(61): Illuminate\Pipeline\Pipeline->Illuminate\Pipeline\{closure}(Object(Illuminate\Http\Request))
#5 /home1/kmalith2/eonepisode/vendor/laravel/framework/src/Illuminate/Pipeline/Pipeline.php(125): Illuminate\Session\Middleware\StartSession->handle(Object(Illuminate\Http\Request), Object(Closure))
#6 /home1/kmalith2/eonepisode/vendor/laravel/framework/src/Illuminate/Cookie/Middleware/AddQueuedCookiesToResponse.php(36): Illuminate\Pipeline\Pipeline->Illuminate\Pipeline\{closure}(Object(Illuminate\Http\Request))
#7 /home1/kmalith2/eonepisode/vendor/laravel/framework/src/Illuminate/Pipeline/Pipeline.php(125): Illuminate\Cookie\Middleware\AddQueuedCookiesToResponse->handle(Object(Illuminate\Http\Request), Object(Closure))
#8 /home1/kmalith2/eonepisode/vendor/laravel/framework/src/Illuminate/Cookie/Middleware/EncryptCookies.php(40): Illuminate\Pipeline\Pipeline->Illuminate\Pipeline\{closure}(Object(Illuminate\Http\Request))
#9 /home1/kmalith2/eonepisode/vendor/laravel/framework/src/Illuminate/Pipeline/Pipeline.php(125): Illuminate\Cookie\Middleware\EncryptCookies->handle(Object(Illuminate\Http\Request), Object(Closure))
#10 /home1/kmalith2/eonepisode/app/Http/Middleware/CheckForMaintenanceMode.php(26): Illuminate\Pipeline\Pipeline->Illuminate\Pipeline\{closure}(Object(Illuminate\Http\Request))
#11 /home1/kmalith2/eonepisode/vendor/laravel/framework/src/Illuminate/Pipeline/Pipeline.php(125): App\Http\Middleware\CheckForMaintenanceMode->handle(Object(Illuminate\Http\Request), Object(Closure))
#12 [internal function]: Illuminate\Pipeline\Pipeline->Illuminate\Pipeline\{closure}(Object(Illuminate\Http\Request))
#13 /home1/kmalith2/eonepisode/vendor/laravel/framework/src/Illuminate/Pipeline/Pipeline.php(100): call_user_func(Object(Closure), Object(Illuminate\Http\Request))
#14 /home1/kmalith2/eonepisode/vendor/laravel/framework/src/Illuminate/Foundation/Http/Kernel.php(111): Illuminate\Pipeline\Pipeline->then(Object(Closure))
#15 /home1/kmalith2/eonepisode/vendor/laravel/framework/src/Illuminate/Foundation/Http/Kernel.php(84): Illuminate\Foundation\Http\Kernel->sendRequestThroughRouter(Object(Illuminate\Http\Request))
#16 /home1/kmalith2/public_html/index.php(53): Illuminate\Foundation\Http\Kernel->handle(Object(Illuminate\Http\Request))
#17 {main}  
[2026-09-07 03:09:13] local.ERROR: Illuminate\Session\TokenMismatchException in /home1/kmalith2/eonepisode/vendor/laravel/framework/src/Illuminate/Foundation/Http/Middleware/VerifyCsrfToken.php:46
Stack trace:
#0 /home1/kmalith2/eonepisode/app/Http/Middleware/VerifyCsrfToken.php(17): Illuminate\Foundation\Http\Middleware\VerifyCsrfToken->handle(Object(Illuminate\Http\Request), Object(Closure))
#1 /home1/kmalith2/eonepisode/vendor/laravel/framework/src/Illuminate/Pipeline/Pipeline.php(125): App\Http\Middleware\VerifyCsrfToken->handle(Object(Illuminate\Http\Request), Object(Closure))
#2 /home1/kmalith2/eonepisode/vendor/laravel/framework/src/Illuminate/View/Middleware/ShareErrorsFromSession.php(55): Illuminate\Pipeline\Pipeline->Illuminate\Pipeline\{closure}(Object(Illuminate\Http\Request))
#3 /home1/kmalith2/eonepisode/vendor/laravel/framework/src/Illuminate/Pipeline/Pipeline.php(125): Illuminate\View\Middleware\ShareErrorsFromSession->handle(Object(Illuminate\Http\Request), Object(Closure))
#4 /home1/kmalith2/eonepisode/vendor/laravel/framework/src/Illuminate/Session/Middleware/StartSession.php(61): Illuminate\Pipeline\Pipeline->Illuminate\Pipeline\{closure}(Object(Illuminate\Http\Request))
#5 /home1/kmalith2/eonepisode/vendor/laravel/framework/src/Illuminate/Pipeline/Pipeline.php(125): Illuminate\Session\Middleware\StartSession->handle(Object(Illuminate\Http\Request), Object(Closure))
#6 /home1/kmalith2/eonepisode/vendor/laravel/framework/src/Illuminate/Cookie/Middleware/AddQueuedCookiesToResponse.php(36): Illuminate\Pipeline\Pipeline->Illuminate\Pipeline\{closure}(Object(Illuminate\Http\Request))
#7 /home1/kmalith2/eonepisode/vendor/laravel/framework/src/Illuminate/Pipeline/Pipeline.php(125): Illuminate\Cookie\Middleware\AddQueuedCookiesToResponse->handle(Object(Illuminate\Http\Request), Object(Closure))
#8 /home1/kmalith2/eonepisode/vendor/laravel/framework/src/Illuminate/Cookie/Middleware/EncryptCookies.php(40): Illuminate\Pipeline\Pipeline->Illuminate\Pipeline\{closure}(Object(Illuminate\Http\Request))
#9 /home1/kmalith2/eonepisode/vendor/laravel/framework/src/Illuminate/Pipeline/Pipeline.php(125): Illuminate\Cookie\Middleware\EncryptCookies->handle(Object(Illuminate\Http\Request), Object(Closure))
#10 /home1/kmalith2/eonepisode/app/Http/Middleware/CheckForMaintenanceMode.php(26): Illuminate\Pipeline\Pipeline->Illuminate\Pipeline\{closure}(Object(Illuminate\Http\Request))
#11 /home1/kmalith2/eonepisode/vendor/laravel/framework/src/Illuminate/Pipeline/Pipeline.php(125): App\Http\Middleware\CheckForMaintenanceMode->handle(Object(Illuminate\Http\Request), Object(Closure))
#12 [internal function]: Illuminate\Pipeline\Pipeline->Illuminate\Pipeline\{closure}(Object(Illuminate\Http\Request))
#13 /home1/kmalith2/eonepisode/vendor/laravel/framework/src/Illuminate/Pipeline/Pipeline.php(100): call_user_func(Object(Closure), Object(Illuminate\Http\Request))
#14 /home1/kmalith2/eonepisode/vendor/laravel/framework/src/Illuminate/Foundation/Http/Kernel.php(111): Illuminate\Pipeline\Pipeline->then(Object(Closure))
#15 /home1/kmalith2/eonepisode/vendor/laravel/framework/src/Illuminate/Foundation/Http/Kernel.php(84): Illuminate\Foundation\Http\Kernel->sendRequestThroughRouter(Object(Illuminate\Http\Request))
#16 /home1/kmalith2/public_html/index.php(53): Illuminate\Foundation\Http\Kernel->handle(Object(Illuminate\Http\Request))
#17 {main}  
[2026-09-07 03:09:13] local.ERROR: Illuminate\Session\TokenMismatchException in /home1/kmalith2/eonepisode/vendor/laravel/framework/src/Illuminate/Foundation/Http/Middleware/VerifyCsrfToken.php:46
Stack trace:
#0 /home1/kmalith2/eonepisode/app/Http/Middleware/VerifyCsrfToken.php(17): Illuminate\Foundation\Http\Middleware\VerifyCsrfToken->handle(Object(Illuminate\Http\Request), Object(Closure))
#1 /home1/kmalith2/eonepisode/vendor/laravel/framework/src/Illuminate/Pipeline/Pipeline.php(125): App\Http\Middleware\VerifyCsrfToken->handle(Object(Illuminate\Http\Request), Object(Closure))
#2 /home1/kmalith2/eonepisode/vendor/laravel/framework/src/Illuminate/View/Middleware/ShareErrorsFromSession.php(55): Illuminate\Pipeline\Pipeline->Illuminate\Pipeline\{closure}(Object(Illuminate\Http\Request))
#3 /home1/kmalith2/eonepisode/vendor/laravel/framework/src/Illuminate/Pipeline/Pipeline.php(125): Illuminate\View\Middleware\ShareErrorsFromSession->handle(Object(Illuminate\Http\Request), Object(Closure))
#4 /home1/kmalith2/eonepisode/vendor/laravel/framework/src/Illuminate/Session/Middleware/StartSession.php(61): Illuminate\Pipeline\Pipeline->Illuminate\Pipeline\{closure}(Object(Illuminate\Http\Request))
#5 /home1/kmalith2/eonepisode/vendor/laravel/framework/src/Illuminate/Pipeline/Pipeline.php(125): Illuminate\Session\Middleware\StartSession->handle(Object(Illuminate\Http\Request), Object(Closure))
#6 /home1/kmalith2/eonepisode/vendor/laravel/framework/src/Illuminate/Cookie/Middleware/AddQueuedCookiesToResponse.php(36): Illuminate\Pipeline\Pipeline->Illuminate\Pipeline\{closure}(Object(Illuminate\Http\Request))
#7 /home1/kmalith2/eonepisode/vendor/laravel/framework/src/Illuminate/Pipeline/Pipeline.php(125): Illuminate\Cookie\Middleware\AddQueuedCookiesToResponse->handle(Object(Illuminate\Http\Request), Object(Closure))
#8 /home1/kmalith2/eonepisode/vendor/laravel/framework/src/Illuminate/Cookie/Middleware/EncryptCookies.php(40): Illuminate\Pipeline\Pipeline->Illuminate\Pipeline\{closure}(Object(Illuminate\Http\Request))
#9 /home1/kmalith2/eonepisode/vendor/laravel/framework/src/Illuminate/Pipeline/Pipeline.php(125): Illuminate\Cookie\Middleware\EncryptCookies->handle(Object(Illuminate\Http\Request), Object(Closure))
#10 /home1/kmalith2/eonepisode/app/Http/Middleware/CheckForMaintenanceMode.php(26): Illuminate\Pipeline\Pipeline->Illuminate\Pipeline\{closure}(Object(Illuminate\Http\Request))
#11 /home1/kmalith2/eonepisode/vendor/laravel/framework/src/Illuminate/Pipeline/Pipeline.php(125): App\Http\Middleware\CheckForMaintenanceMode->handle(Object(Illuminate\Http\Request), Object(Closure))
#12 [internal function]: Illuminate\Pipeline\Pipeline->Illuminate\Pipeline\{closure}(Object(Illuminate\Http\Request))
#13 /home1/kmalith2/eonepisode/vendor/laravel/framework/src/Illuminate/Pipeline/Pipeline.php(100): call_user_func(Object(Closure), Object(Illuminate\Http\Request))
#14 /home1/kmalith2/eonepisode/vendor/laravel/framework/src/Illuminate/Foundation/Http/Kernel.php(111): Illuminate\Pipeline\Pipeline->then(Object(Closure))
#15 /home1/kmalith2/eonepisode/vendor/laravel/framework/src/Illuminate/Foundation/Http/Kernel.php(84): Illuminate\Foundation\Http\Kernel->sendRequestThroughRouter(Object(Illuminate\Http\Request))
#16 /home1/kmalith2/public_html/index.php(53): Illuminate\Foundation\Http\Kernel->handle(Object(Illuminate\Http\Request))
#17 {main}  
[2026-09-07 03:09:15] local.ERROR: Illuminate\Session\TokenMismatchException in /home1/kmalith2/eonepisode/vendor/laravel/framework/src/Illuminate/Foundation/Http/Middleware/VerifyCsrfToken.php:46
Stack trace:
#0 /home1/kmalith2/eonepisode/app/Http/Middleware/VerifyCsrfToken.php(17): Illuminate\Foundation\Http\Middleware\VerifyCsrfToken->handle(Object(Illuminate\Http\Request), Object(Closure))
#1 /home1/kmalith2/eonepisode/vendor/laravel/framework/src/Illuminate/Pipeline/Pipeline.php(125): App\Http\Middleware\VerifyCsrfToken->handle(Object(Illuminate\Http\Request), Object(Closure))
#2 /home1/kmalith2/eonepisode/vendor/laravel/framework/src/Illuminate/View/Middleware/ShareErrorsFromSession.php(55): Illuminate\Pipeline\Pipeline->Illuminate\Pipeline\{closure}(Object(Illuminate\Http\Request))
#3 /home1/kmalith2/eonepisode/vendor/laravel/framework/src/Illuminate/Pipeline/Pipeline.php(125): Illuminate\View\Middleware\ShareErrorsFromSession->handle(Object(Illuminate\Http\Request), Object(Closure))
#4 /home1/kmalith2/eonepisode/vendor/laravel/framework/src/Illuminate/Session/Middleware/StartSession.php(61): Illuminate\Pipeline\Pipeline->Illuminate\Pipeline\{closure}(Object(Illuminate\Http\Request))
#5 /home1/kmalith2/eonepisode/vendor/laravel/framework/src/Illuminate/Pipeline/Pipeline.php(125): Illuminate\Session\Middleware\StartSession->handle(Object(Illuminate\Http\Request), Object(Closure))
#6 /home1/kmalith2/eonepisode/vendor/laravel/framework/src/Illuminate/Cookie/Middleware/AddQueuedCookiesToResponse.php(36): Illuminate\Pipeline\Pipeline->Illuminate\Pipeline\{closure}(Object(Illuminate\Http\Request))
#7 /home1/kmalith2/eonepisode/vendor/laravel/framework/src/Illuminate/Pipeline/Pipeline.php(125): Illuminate\Cookie\Middleware\AddQueuedCookiesToResponse->handle(Object(Illuminate\Http\Request), Object(Closure))
#8 /home1/kmalith2/eonepisode/vendor/laravel/framework/src/Illuminate/Cookie/Middleware/EncryptCookies.php(40): Illuminate\Pipeline\Pipeline->Illuminate\Pipeline\{closure}(Object(Illuminate\Http\Request))
#9 /home1/kmalith2/eonepisode/vendor/laravel/framework/src/Illuminate/Pipeline/Pipeline.php(125): Illuminate\Cookie\Middleware\EncryptCookies->handle(Object(Illuminate\Http\Request), Object(Closure))
#10 /home1/kmalith2/eonepisode/app/Http/Middleware/CheckForMaintenanceMode.php(26): Illuminate\Pipeline\Pipeline->Illuminate\Pipeline\{closure}(Object(Illuminate\Http\Request))
#11 /home1/kmalith2/eonepisode/vendor/laravel/framework/src/Illuminate/Pipeline/Pipeline.php(125): App\Http\Middleware\CheckForMaintenanceMode->handle(Object(Illuminate\Http\Request), Object(Closure))
#12 [internal function]: Illuminate\Pipeline\Pipeline->Illuminate\Pipeline\{closure}(Object(Illuminate\Http\Request))
#13 /home1/kmalith2/eonepisode/vendor/laravel/framework/src/Illuminate/Pipeline/Pipeline.php(100): call_user_func(Object(Closure), Object(Illuminate\Http\Request))
#14 /home1/kmalith2/eonepisode/vendor/laravel/framework/src/Illuminate/Foundation/Http/Kernel.php(111): Illuminate\Pipeline\Pipeline->then(Object(Closure))
#15 /home1/kmalith2/eonepisode/vendor/laravel/framework/src/Illuminate/Foundation/Http/Kernel.php(84): Illuminate\Foundation\Http\Kernel->sendRequestThroughRouter(Object(Illuminate\Http\Request))
#16 /home1/kmalith2/public_html/index.php(53): Illuminate\Foundation\Http\Kernel->handle(Object(Illuminate\Http\Request))
#17 {main}  
[2026-09-07 03:09:15] local.ERROR: Illuminate\Session\TokenMismatchException in /home1/kmalith2/eonepisode/vendor/laravel/framework/src/Illuminate/Foundation/Http/Middleware/VerifyCsrfToken.php:46
Stack trace:
#0 /home1/kmalith2/eonepisode/app/Http/Middleware/VerifyCsrfToken.php(17): Illuminate\Foundation\Http\Middleware\VerifyCsrfToken->handle(Object(Illuminate\Http\Request), Object(Closure))
#1 /home1/kmalith2/eonepisode/vendor/laravel/framework/src/Illuminate/Pipeline/Pipeline.php(125): App\Http\Middleware\VerifyCsrfToken->handle(Object(Illuminate\Http\Request), Object(Closure))
#2 /home1/kmalith2/eonepisode/vendor/laravel/framework/src/Illuminate/View/Middleware/ShareErrorsFromSession.php(55): Illuminate\Pipeline\Pipeline->Illuminate\Pipeline\{closure}(Object(Illuminate\Http\Request))
#3 /home1/kmalith2/eonepisode/vendor/laravel/framework/src/Illuminate/Pipeline/Pipeline.php(125): Illuminate\View\Middleware\ShareErrorsFromSession->handle(Object(Illuminate\Http\Request), Object(Closure))
#4 /home1/kmalith2/eonepisode/vendor/laravel/framework/src/Illuminate/Session/Middleware/StartSession.php(61): Illuminate\Pipeline\Pipeline->Illuminate\Pipeline\{closure}(Object(Illuminate\Http\Request))
#5 /home1/kmalith2/eonepisode/vendor/laravel/framework/src/Illuminate/Pipeline/Pipeline.php(125): Illuminate\Session\Middleware\StartSession->handle(Object(Illuminate\Http\Request), Object(Closure))
#6 /home1/kmalith2/eonepisode/vendor/laravel/framework/src/Illuminate/Cookie/Middleware/AddQueuedCookiesToResponse.php(36): Illuminate\Pipeline\Pipeline->Illuminate\Pipeline\{closure}(Object(Illuminate\Http\Request))
#7 /home1/kmalith2/eonepisode/vendor/laravel/framework/src/Illuminate/Pipeline/Pipeline.php(125): Illuminate\Cookie\Middleware\AddQueuedCookiesToResponse->handle(Object(Illuminate\Http\Request), Object(Closure))
#8 /home1/kmalith2/eonepisode/vendor/laravel/framework/src/Illuminate/Cookie/Middleware/EncryptCookies.php(40): Illuminate\Pipeline\Pipeline->Illuminate\Pipeline\{closure}(Object(Illuminate\Http\Request))
#9 /home1/kmalith2/eonepisode/vendor/laravel/framework/src/Illuminate/Pipeline/Pipeline.php(125): Illuminate\Cookie\Middleware\EncryptCookies->handle(Object(Illuminate\Http\Request), Object(Closure))
#10 /home1/kmalith2/eonepisode/app/Http/Middleware/CheckForMaintenanceMode.php(26): Illuminate\Pipeline\Pipeline->Illuminate\Pipeline\{closure}(Object(Illuminate\Http\Request))
#11 /home1/kmalith2/eonepisode/vendor/laravel/framework/src/Illuminate/Pipeline/Pipeline.php(125): App\Http\Middleware\CheckForMaintenanceMode->handle(Object(Illuminate\Http\Request), Object(Closure))
#12 [internal function]: Illuminate\Pipeline\Pipeline->Illuminate\Pipeline\{closure}(Object(Illuminate\Http\Request))
#13 /home1/kmalith2/eonepisode/vendor/laravel/framework/src/Illuminate/Pipeline/Pipeline.php(100): call_user_func(Object(Closure), Object(Illuminate\Http\Request))
#14 /home1/kmalith2/eonepisode/vendor/laravel/framework/src/Illuminate/Foundation/Http/Kernel.php(111): Illuminate\Pipeline\Pipeline->then(Object(Closure))
#15 /home1/kmalith2/eonepisode/vendor/laravel/framework/src/Illuminate/Foundation/Http/Kernel.php(84): Illuminate\Foundation\Http\Kernel->sendRequestThroughRouter(Object(Illuminate\Http\Request))
#16 /home1/kmalith2/public_html/index.php(53): Illuminate\Foundation\Http\Kernel->handle(Object(Illuminate\Http\Request))
#17 {main}  
[2026-09-07 03:09:16] local.ERROR: Illuminate\Session\TokenMismatchException in /home1/kmalith2/eonepisode/vendor/laravel/framework/src/Illuminate/Foundation/Http/Middleware/VerifyCsrfToken.php:46
Stack trace:
#0 /home1/kmalith2/eonepisode/app/Http/Middleware/VerifyCsrfToken.php(17): Illuminate\Foundation\Http\Middleware\VerifyCsrfToken->handle(Object(Illuminate\Http\Request), Object(Closure))
#1 /home1/kmalith2/eonepisode/vendor/laravel/framework/src/Illuminate/Pipeline/Pipeline.php(125): App\Http\Middleware\VerifyCsrfToken->handle(Object(Illuminate\Http\Request), Object(Closure))
#2 /home1/kmalith2/eonepisode/vendor/laravel/framework/src/Illuminate/View/Middleware/ShareErrorsFromSession.php(55): Illuminate\Pipeline\Pipeline->Illuminate\Pipeline\{closure}(Object(Illuminate\Http\Request))
#3 /home1/kmalith2/eonepisode/vendor/laravel/framework/src/Illuminate/Pipeline/Pipeline.php(125): Illuminate\View\Middleware\ShareErrorsFromSession->handle(Object(Illuminate\Http\Request), Object(Closure))
#4 /home1/kmalith2/eonepisode/vendor/laravel/framework/src/Illuminate/Session/Middleware/StartSession.php(61): Illuminate\Pipeline\Pipeline->Illuminate\Pipeline\{closure}(Object(Illuminate\Http\Request))
#5 /home1/kmalith2/eonepisode/vendor/laravel/framework/src/Illuminate/Pipeline/Pipeline.php(125): Illuminate\Session\Middleware\StartSession->handle(Object(Illuminate\Http\Request), Object(Closure))
#6 /home1/kmalith2/eonepisode/vendor/laravel/framework/src/Illuminate/Cookie/Middleware/AddQueuedCookiesToResponse.php(36): Illuminate\Pipeline\Pipeline->Illuminate\Pipeline\{closure}(Object(Illuminate\Http\Request))
#7 /home1/kmalith2/eonepisode/vendor/laravel/framework/src/Illuminate/Pipeline/Pipeline.php(125): Illuminate\Cookie\Middleware\AddQueuedCookiesToResponse->handle(Object(Illuminate\Http\Request), Object(Closure))
#8 /home1/kmalith2/eonepisode/vendor/laravel/framework/src/Illuminate/Cookie/Middleware/EncryptCookies.php(40): Illuminate\Pipeline\Pipeline->Illuminate\Pipeline\{closure}(Object(Illuminate\Http\Request))
#9 /home1/kmalith2/eonepisode/vendor/laravel/framework/src/Illuminate/Pipeline/Pipeline.php(125): Illuminate\Cookie\Middleware\EncryptCookies->handle(Object(Illuminate\Http\Request), Object(Closure))
#10 /home1/kmalith2/eonepisode/app/Http/Middleware/CheckForMaintenanceMode.php(26): Illuminate\Pipeline\Pipeline->Illuminate\Pipeline\{closure}(Object(Illuminate\Http\Request))
#11 /home1/kmalith2/eonepisode/vendor/laravel/framework/src/Illuminate/Pipeline/Pipeline.php(125): App\Http\Middleware\CheckForMaintenanceMode->handle(Object(Illuminate\Http\Request), Object(Closure))
#12 [internal function]: Illuminate\Pipeline\Pipeline->Illuminate\Pipeline\{closure}(Object(Illuminate\Http\Request))
#13 /home1/kmalith2/eonepisode/vendor/laravel/framework/src/Illuminate/Pipeline/Pipeline.php(100): call_user_func(Object(Closure), Object(Illuminate\Http\Request))
#14 /home1/kmalith2/eonepisode/vendor/laravel/framework/src/Illuminate/Foundation/Http/Kernel.php(111): Illuminate\Pipeline\Pipeline->then(Object(Closure))
#15 /home1/kmalith2/eonepisode/vendor/laravel/framework/src/Illuminate/Foundation/Http/Kernel.php(84): Illuminate\Foundation\Http\Kernel->sendRequestThroughRouter(Object(Illuminate\Http\Request))
#16 /home1/kmalith2/public_html/index.php(53): Illuminate\Foundation\Http\Kernel->handle(Object(Illuminate\Http\Request))
#17 {main}  
[2026-09-07 03:09:17] local.ERROR: Illuminate\Session\TokenMismatchException in /home1/kmalith2/eonepisode/vendor/laravel/framework/src/Illuminate/Foundation/Http/Middleware/VerifyCsrfToken.php:46
Stack trace:
#0 /home1/kmalith2/eonepisode/app/Http/Middleware/VerifyCsrfToken.php(17): Illuminate\Foundation\Http\Middleware\VerifyCsrfToken->handle(Object(Illuminate\Http\Request), Object(Closure))
#1 /home1/kmalith2/eonepisode/vendor/laravel/framework/src/Illuminate/Pipeline/Pipeline.php(125): App\Http\Middleware\VerifyCsrfToken->handle(Object(Illuminate\Http\Request), Object(Closure))
#2 /home1/kmalith2/eonepisode/vendor/laravel/framework/src/Illuminate/View/Middleware/ShareErrorsFromSession.php(55): Illuminate\Pipeline\Pipeline->Illuminate\Pipeline\{closure}(Object(Illuminate\Http\Request))
#3 /home1/kmalith2/eonepisode/vendor/laravel/framework/src/Illuminate/Pipeline/Pipeline.php(125): Illuminate\View\Middleware\ShareErrorsFromSession->handle(Object(Illuminate\Http\Request), Object(Closure))
#4 /home1/kmalith2/eonepisode/vendor/laravel/framework/src/Illuminate/Session/Middleware/StartSession.php(61): Illuminate\Pipeline\Pipeline->Illuminate\Pipeline\{closure}(Object(Illuminate\Http\Request))
#5 /home1/kmalith2/eonepisode/vendor/laravel/framework/src/Illuminate/Pipeline/Pipeline.php(125): Illuminate\Session\Middleware\StartSession->handle(Object(Illuminate\Http\Request), Object(Closure))
#6 /home1/kmalith2/eonepisode/vendor/laravel/framework/src/Illuminate/Cookie/Middleware/AddQueuedCookiesToResponse.php(36): Illuminate\Pipeline\Pipeline->Illuminate\Pipeline\{closure}(Object(Illuminate\Http\Request))
#7 /home1/kmalith2/eonepisode/vendor/laravel/framework/src/Illuminate/Pipeline/Pipeline.php(125): Illuminate\Cookie\Middleware\AddQueuedCookiesToResponse->handle(Object(Illuminate\Http\Request), Object(Closure))
#8 /home1/kmalith2/eonepisode/vendor/laravel/framework/src/Illuminate/Cookie/Middleware/EncryptCookies.php(40): Illuminate\Pipeline\Pipeline->Illuminate\Pipeline\{closure}(Object(Illuminate\Http\Request))
#9 /home1/kmalith2/eonepisode/vendor/laravel/framework/src/Illuminate/Pipeline/Pipeline.php(125): Illuminate\Cookie\Middleware\EncryptCookies->handle(Object(Illuminate\Http\Request), Object(Closure))
#10 /home1/kmalith2/eonepisode/app/Http/Middleware/CheckForMaintenanceMode.php(26): Illuminate\Pipeline\Pipeline->Illuminate\Pipeline\{closure}(Object(Illuminate\Http\Request))
#11 /home1/kmalith2/eonepisode/vendor/laravel/framework/src/Illuminate/Pipeline/Pipeline.php(125): App\Http\Middleware\CheckForMaintenanceMode->handle(Object(Illuminate\Http\Request), Object(Closure))
#12 [internal function]: Illuminate\Pipeline\Pipeline->Illuminate\Pipeline\{closure}(Object(Illuminate\Http\Request))
#13 /home1/kmalith2/eonepisode/vendor/laravel/framework/src/Illuminate/Pipeline/Pipeline.php(100): call_user_func(Object(Closure), Object(Illuminate\Http\Request))
#14 /home1/kmalith2/eonepisode/vendor/laravel/framework/src/Illuminate/Foundation/Http/Kernel.php(111): Illuminate\Pipeline\Pipeline->then(Object(Closure))
#15 /home1/kmalith2/eonepisode/vendor/laravel/framework/src/Illuminate/Foundation/Http/Kernel.php(84): Illuminate\Foundation\Http\Kernel->sendRequestThroughRouter(Object(Illuminate\Http\Request))
#16 /home1/kmalith2/public_html/index.php(53): Illuminate\Foundation\Http\Kernel->handle(Object(Illuminate\Http\Request))
#17 {main}  
[2026-09-07 03:09:18] local.ERROR: Illuminate\Session\TokenMismatchException in /home1/kmalith2/eonepisode/vendor/laravel/framework/src/Illuminate/Foundation/Http/Middleware/VerifyCsrfToken.php:46
Stack trace:
#0 /home1/kmalith2/eonepisode/app/Http/Middleware/VerifyCsrfToken.php(17): Illuminate\Foundation\Http\Middleware\VerifyCsrfToken->handle(Object(Illuminate\Http\Request), Object(Closure))
#1 /home1/kmalith2/eonepisode/vendor/laravel/framework/src/Illuminate/Pipeline/Pipeline.php(125): App\Http\Middleware\VerifyCsrfToken->handle(Object(Illuminate\Http\Request), Object(Closure))
#2 /home1/kmalith2/eonepisode/vendor/laravel/framework/src/Illuminate/View/Middleware/ShareErrorsFromSession.php(55): Illuminate\Pipeline\Pipeline->Illuminate\Pipeline\{closure}(Object(Illuminate\Http\Request))
#3 /home1/kmalith2/eonepisode/vendor/laravel/framework/src/Illuminate/Pipeline/Pipeline.php(125): Illuminate\View\Middleware\ShareErrorsFromSession->handle(Object(Illuminate\Http\Request), Object(Closure))
#4 /home1/kmalith2/eonepisode/vendor/laravel/framework/src/Illuminate/Session/Middleware/StartSession.php(61): Illuminate\Pipeline\Pipeline->Illuminate\Pipeline\{closure}(Object(Illuminate\Http\Request))
#5 /home1/kmalith2/eonepisode/vendor/laravel/framework/src/Illuminate/Pipeline/Pipeline.php(125): Illuminate\Session\Middleware\StartSession->handle(Object(Illuminate\Http\Request), Object(Closure))
#6 /home1/kmalith2/eonepisode/vendor/laravel/framework/src/Illuminate/Cookie/Middleware/AddQueuedCookiesToResponse.php(36): Illuminate\Pipeline\Pipeline->Illuminate\Pipeline\{closure}(Object(Illuminate\Http\Request))
#7 /home1/kmalith2/eonepisode/vendor/laravel/framework/src/Illuminate/Pipeline/Pipeline.php(125): Illuminate\Cookie\Middleware\AddQueuedCookiesToResponse->handle(Object(Illuminate\Http\Request), Object(Closure))
#8 /home1/kmalith2/eonepisode/vendor/laravel/framework/src/Illuminate/Cookie/Middleware/EncryptCookies.php(40): Illuminate\Pipeline\Pipeline->Illuminate\Pipeline\{closure}(Object(Illuminate\Http\Request))
#9 /home1/kmalith2/eonepisode/vendor/laravel/framework/src/Illuminate/Pipeline/Pipeline.php(125): Illuminate\Cookie\Middleware\EncryptCookies->handle(Object(Illuminate\Http\Request), Object(Closure))
#10 /home1/kmalith2/eonepisode/app/Http/Middleware/CheckForMaintenanceMode.php(26): Illuminate\Pipeline\Pipeline->Illuminate\Pipeline\{closure}(Object(Illuminate\Http\Request))
#11 /home1/kmalith2/eonepisode/vendor/laravel/framework/src/Illuminate/Pipeline/Pipeline.php(125): App\Http\Middleware\CheckForMaintenanceMode->handle(Object(Illuminate\Http\Request), Object(Closure))
#12 [internal function]: Illuminate\Pipeline\Pipeline->Illuminate\Pipeline\{closure}(Object(Illuminate\Http\Request))
#13 /home1/kmalith2/eonepisode/vendor/laravel/framework/src/Illuminate/Pipeline/Pipeline.php(100): call_user_func(Object(Closure), Object(Illuminate\Http\Request))
#14 /home1/kmalith2/eonepisode/vendor/laravel/framework/src/Illuminate/Foundation/Http/Kernel.php(111): Illuminate\Pipeline\Pipeline->then(Object(Closure))
#15 /home1/kmalith2/eonepisode/vendor/laravel/framework/src/Illuminate/Foundation/Http/Kernel.php(84): Illuminate\Foundation\Http\Kernel->sendRequestThroughRouter(Object(Illuminate\Http\Request))
#16 /home1/kmalith2/public_html/index.php(53): Illuminate\Foundation\Http\Kernel->handle(Object(Illuminate\Http\Request))
#17 {main}  
[2026-09-07 03:09:18] local.ERROR: Illuminate\Session\TokenMismatchException in /home1/kmalith2/eonepisode/vendor/laravel/framework/src/Illuminate/Foundation/Http/Middleware/VerifyCsrfToken.php:46
Stack trace:
#0 /home1/kmalith2/eonepisode/app/Http/Middleware/VerifyCsrfToken.php(17): Illuminate\Foundation\Http\Middleware\VerifyCsrfToken->handle(Object(Illuminate\Http\Request), Object(Closure))
#1 /home1/kmalith2/eonepisode/vendor/laravel/framework/src/Illuminate/Pipeline/Pipeline.php(125): App\Http\Middleware\VerifyCsrfToken->handle(Object(Illuminate\Http\Request), Object(Closure))
#2 /home1/kmalith2/eonepisode/vendor/laravel/framework/src/Illuminate/View/Middleware/ShareErrorsFromSession.php(55): Illuminate\Pipeline\Pipeline->Illuminate\Pipeline\{closure}(Object(Illuminate\Http\Request))
#3 /home1/kmalith2/eonepisode/vendor/laravel/framework/src/Illuminate/Pipeline/Pipeline.php(125): Illuminate\View\Middleware\ShareErrorsFromSession->handle(Object(Illuminate\Http\Request), Object(Closure))
#4 /home1/kmalith2/eonepisode/vendor/laravel/framework/src/Illuminate/Session/Middleware/StartSession.php(61): Illuminate\Pipeline\Pipeline->Illuminate\Pipeline\{closure}(Object(Illuminate\Http\Request))
#5 /home1/kmalith2/eonepisode/vendor/laravel/framework/src/Illuminate/Pipeline/Pipeline.php(125): Illuminate\Session\Middleware\StartSession->handle(Object(Illuminate\Http\Request), Object(Closure))
#6 /home1/kmalith2/eonepisode/vendor/laravel/framework/src/Illuminate/Cookie/Middleware/AddQueuedCookiesToResponse.php(36): Illuminate\Pipeline\Pipeline->Illuminate\Pipeline\{closure}(Object(Illuminate\Http\Request))
#7 /home1/kmalith2/eonepisode/vendor/laravel/framework/src/Illuminate/Pipeline/Pipeline.php(125): Illuminate\Cookie\Middleware\AddQueuedCookiesToResponse->handle(Object(Illuminate\Http\Request), Object(Closure))
#8 /home1/kmalith2/eonepisode/vendor/laravel/framework/src/Illuminate/Cookie/Middleware/EncryptCookies.php(40): Illuminate\Pipeline\Pipeline->Illuminate\Pipeline\{closure}(Object(Illuminate\Http\Request))
#9 /home1/kmalith2/eonepisode/vendor/laravel/framework/src/Illuminate/Pipeline/Pipeline.php(125): Illuminate\Cookie\Middleware\EncryptCookies->handle(Object(Illuminate\Http\Request), Object(Closure))
#10 /home1/kmalith2/eonepisode/app/Http/Middleware/CheckForMaintenanceMode.php(26): Illuminate\Pipeline\Pipeline->Illuminate\Pipeline\{closure}(Object(Illuminate\Http\Request))
#11 /home1/kmalith2/eonepisode/vendor/laravel/framework/src/Illuminate/Pipeline/Pipeline.php(125): App\Http\Middleware\CheckForMaintenanceMode->handle(Object(Illuminate\Http\Request), Object(Closure))
#12 [internal function]: Illuminate\Pipeline\Pipeline->Illuminate\Pipeline\{closure}(Object(Illuminate\Http\Request))
#13 /home1/kmalith2/eonepisode/vendor/laravel/framework/src/Illuminate/Pipeline/Pipeline.php(100): call_user_func(Object(Closure), Object(Illuminate\Http\Request))
#14 /home1/kmalith2/eonepisode/vendor/laravel/framework/src/Illuminate/Foundation/Http/Kernel.php(111): Illuminate\Pipeline\Pipeline->then(Object(Closure))
#15 /home1/kmalith2/eonepisode/vendor/laravel/framework/src/Illuminate/Foundation/Http/Kernel.php(84): Illuminate\Foundation\Http\Kernel->sendRequestThroughRouter(Object(Illuminate\Http\Request))
#16 /home1/kmalith2/public_html/index.php(53): Illuminate\Foundation\Http\Kernel->handle(Object(Illuminate\Http\Request))
#17 {main}  
[2026-09-07 03:09:19] local.ERROR: Illuminate\Session\TokenMismatchException in /home1/kmalith2/eonepisode/vendor/laravel/framework/src/Illuminate/Foundation/Http/Middleware/VerifyCsrfToken.php:46
Stack trace:
#0 /home1/kmalith2/eonepisode/app/Http/Middleware/VerifyCsrfToken.php(17): Illuminate\Foundation\Http\Middleware\VerifyCsrfToken->handle(Object(Illuminate\Http\Request), Object(Closure))
#1 /home1/kmalith2/eonepisode/vendor/laravel/framework/src/Illuminate/Pipeline/Pipeline.php(125): App\Http\Middleware\VerifyCsrfToken->handle(Object(Illuminate\Http\Request), Object(Closure))
#2 /home1/kmalith2/eonepisode/vendor/laravel/framework/src/Illuminate/View/Middleware/ShareErrorsFromSession.php(55): Illuminate\Pipeline\Pipeline->Illuminate\Pipeline\{closure}(Object(Illuminate\Http\Request))
#3 /home1/kmalith2/eonepisode/vendor/laravel/framework/src/Illuminate/Pipeline/Pipeline.php(125): Illuminate\View\Middleware\ShareErrorsFromSession->handle(Object(Illuminate\Http\Request), Object(Closure))
#4 /home1/kmalith2/eonepisode/vendor/laravel/framework/src/Illuminate/Session/Middleware/StartSession.php(61): Illuminate\Pipeline\Pipeline->Illuminate\Pipeline\{closure}(Object(Illuminate\Http\Request))
#5 /home1/kmalith2/eonepisode/vendor/laravel/framework/src/Illuminate/Pipeline/Pipeline.php(125): Illuminate\Session\Middleware\StartSession->handle(Object(Illuminate\Http\Request), Object(Closure))
#6 /home1/kmalith2/eonepisode/vendor/laravel/framework/src/Illuminate/Cookie/Middleware/AddQueuedCookiesToResponse.php(36): Illuminate\Pipeline\Pipeline->Illuminate\Pipeline\{closure}(Object(Illuminate\Http\Request))
#7 /home1/kmalith2/eonepisode/vendor/laravel/framework/src/Illuminate/Pipeline/Pipeline.php(125): Illuminate\Cookie\Middleware\AddQueuedCookiesToResponse->handle(Object(Illuminate\Http\Request), Object(Closure))
#8 /home1/kmalith2/eonepisode/vendor/laravel/framework/src/Illuminate/Cookie/Middleware/EncryptCookies.php(40): Illuminate\Pipeline\Pipeline->Illuminate\Pipeline\{closure}(Object(Illuminate\Http\Request))
#9 /home1/kmalith2/eonepisode/vendor/laravel/framework/src/Illuminate/Pipeline/Pipeline.php(125): Illuminate\Cookie\Middleware\EncryptCookies->handle(Object(Illuminate\Http\Request), Object(Closure))
#10 /home1/kmalith2/eonepisode/app/Http/Middleware/CheckForMaintenanceMode.php(26): Illuminate\Pipeline\Pipeline->Illuminate\Pipeline\{closure}(Object(Illuminate\Http\Request))
#11 /home1/kmalith2/eonepisode/vendor/laravel/framework/src/Illuminate/Pipeline/Pipeline.php(125): App\Http\Middleware\CheckForMaintenanceMode->handle(Object(Illuminate\Http\Request), Object(Closure))
#12 [internal function]: Illuminate\Pipeline\Pipeline->Illuminate\Pipeline\{closure}(Object(Illuminate\Http\Request))
#13 /home1/kmalith2/eonepisode/vendor/laravel/framework/src/Illuminate/Pipeline/Pipeline.php(100): call_user_func(Object(Closure), Object(Illuminate\Http\Request))
#14 /home1/kmalith2/eonepisode/vendor/laravel/framework/src/Illuminate/Foundation/Http/Kernel.php(111): Illuminate\Pipeline\Pipeline->then(Object(Closure))
#15 /home1/kmalith2/eonepisode/vendor/laravel/framework/src/Illuminate/Foundation/Http/Kernel.php(84): Illuminate\Foundation\Http\Kernel->sendRequestThroughRouter(Object(Illuminate\Http\Request))
#16 /home1/kmalith2/public_html/index.php(53): Illuminate\Foundation\Http\Kernel->handle(Object(Illuminate\Http\Request))
#17 {main}  
[2026-09-07 03:09:20] local.ERROR: Illuminate\Session\TokenMismatchException in /home1/kmalith2/eonepisode/vendor/laravel/framework/src/Illuminate/Foundation/Http/Middleware/VerifyCsrfToken.php:46
Stack trace:
#0 /home1/kmalith2/eonepisode/app/Http/Middleware/VerifyCsrfToken.php(17): Illuminate\Foundation\Http\Middleware\VerifyCsrfToken->handle(Object(Illuminate\Http\Request), Object(Closure))
#1 /home1/kmalith2/eonepisode/vendor/laravel/framework/src/Illuminate/Pipeline/Pipeline.php(125): App\Http\Middleware\VerifyCsrfToken->handle(Object(Illuminate\Http\Request), Object(Closure))
#2 /home1/kmalith2/eonepisode/vendor/laravel/framework/src/Illuminate/View/Middleware/ShareErrorsFromSession.php(55): Illuminate\Pipeline\Pipeline->Illuminate\Pipeline\{closure}(Object(Illuminate\Http\Request))
#3 /home1/kmalith2/eonepisode/vendor/laravel/framework/src/Illuminate/Pipeline/Pipeline.php(125): Illuminate\View\Middleware\ShareErrorsFromSession->handle(Object(Illuminate\Http\Request), Object(Closure))
#4 /home1/kmalith2/eonepisode/vendor/laravel/framework/src/Illuminate/Session/Middleware/StartSession.php(61): Illuminate\Pipeline\Pipeline->Illuminate\Pipeline\{closure}(Object(Illuminate\Http\Request))
#5 /home1/kmalith2/eonepisode/vendor/laravel/framework/src/Illuminate/Pipeline/Pipeline.php(125): Illuminate\Session\Middleware\StartSession->handle(Object(Illuminate\Http\Request), Object(Closure))
#6 /home1/kmalith2/eonepisode/vendor/laravel/framework/src/Illuminate/Cookie/Middleware/AddQueuedCookiesToResponse.php(36): Illuminate\Pipeline\Pipeline->Illuminate\Pipeline\{closure}(Object(Illuminate\Http\Request))
#7 /home1/kmalith2/eonepisode/vendor/laravel/framework/src/Illuminate/Pipeline/Pipeline.php(125): Illuminate\Cookie\Middleware\AddQueuedCookiesToResponse->handle(Object(Illuminate\Http\Request), Object(Closure))
#8 /home1/kmalith2/eonepisode/vendor/laravel/framework/src/Illuminate/Cookie/Middleware/EncryptCookies.php(40): Illuminate\Pipeline\Pipeline->Illuminate\Pipeline\{closure}(Object(Illuminate\Http\Request))
#9 /home1/kmalith2/eonepisode/vendor/laravel/framework/src/Illuminate/Pipeline/Pipeline.php(125): Illuminate\Cookie\Middleware\EncryptCookies->handle(Object(Illuminate\Http\Request), Object(Closure))
#10 /home1/kmalith2/eonepisode/app/Http/Middleware/CheckForMaintenanceMode.php(26): Illuminate\Pipeline\Pipeline->Illuminate\Pipeline\{closure}(Object(Illuminate\Http\Request))
#11 /home1/kmalith2/eonepisode/vendor/laravel/framework/src/Illuminate/Pipeline/Pipeline.php(125): App\Http\Middleware\CheckForMaintenanceMode->handle(Object(Illuminate\Http\Request), Object(Closure))
#12 [internal function]: Illuminate\Pipeline\Pipeline->Illuminate\Pipeline\{closure}(Object(Illuminate\Http\Request))
#13 /home1/kmalith2/eonepisode/vendor/laravel/framework/src/Illuminate/Pipeline/Pipeline.php(100): call_user_func(Object(Closure), Object(Illuminate\Http\Request))
#14 /home1/kmalith2/eonepisode/vendor/laravel/framework/src/Illuminate/Foundation/Http/Kernel.php(111): Illuminate\Pipeline\Pipeline->then(Object(Closure))
#15 /home1/kmalith2/eonepisode/vendor/laravel/framework/src/Illuminate/Foundation/Http/Kernel.php(84): Illuminate\Foundation\Http\Kernel->sendRequestThroughRouter(Object(Illuminate\Http\Request))
#16 /home1/kmalith2/public_html/index.php(53): Illuminate\Foundation\Http\Kernel->handle(Object(Illuminate\Http\Request))
#17 {main}  
[2026-09-07 03:09:21] local.ERROR: Illuminate\Session\TokenMismatchException in /home1/kmalith2/eonepisode/vendor/laravel/framework/src/Illuminate/Foundation/Http/Middleware/VerifyCsrfToken.php:46
Stack trace:
#0 /home1/kmalith2/eonepisode/app/Http/Middleware/VerifyCsrfToken.php(17): Illuminate\Foundation\Http\Middleware\VerifyCsrfToken->handle(Object(Illuminate\Http\Request), Object(Closure))
#1 /home1/kmalith2/eonepisode/vendor/laravel/framework/src/Illuminate/Pipeline/Pipeline.php(125): App\Http\Middleware\VerifyCsrfToken->handle(Object(Illuminate\Http\Request), Object(Closure))
#2 /home1/kmalith2/eonepisode/vendor/laravel/framework/src/Illuminate/View/Middleware/ShareErrorsFromSession.php(55): Illuminate\Pipeline\Pipeline->Illuminate\Pipeline\{closure}(Object(Illuminate\Http\Request))
#3 /home1/kmalith2/eonepisode/vendor/laravel/framework/src/Illuminate/Pipeline/Pipeline.php(125): Illuminate\View\Middleware\ShareErrorsFromSession->handle(Object(Illuminate\Http\Request), Object(Closure))
#4 /home1/kmalith2/eonepisode/vendor/laravel/framework/src/Illuminate/Session/Middleware/StartSession.php(61): Illuminate\Pipeline\Pipeline->Illuminate\Pipeline\{closure}(Object(Illuminate\Http\Request))
#5 /home1/kmalith2/eonepisode/vendor/laravel/framework/src/Illuminate/Pipeline/Pipeline.php(125): Illuminate\Session\Middleware\StartSession->handle(Object(Illuminate\Http\Request), Object(Closure))
#6 /home1/kmalith2/eonepisode/vendor/laravel/framework/src/Illuminate/Cookie/Middleware/AddQueuedCookiesToResponse.php(36): Illuminate\Pipeline\Pipeline->Illuminate\Pipeline\{closure}(Object(Illuminate\Http\Request))
#7 /home1/kmalith2/eonepisode/vendor/laravel/framework/src/Illuminate/Pipeline/Pipeline.php(125): Illuminate\Cookie\Middleware\AddQueuedCookiesToResponse->handle(Object(Illuminate\Http\Request), Object(Closure))
#8 /home1/kmalith2/eonepisode/vendor/laravel/framework/src/Illuminate/Cookie/Middleware/EncryptCookies.php(40): Illuminate\Pipeline\Pipeline->Illuminate\Pipeline\{closure}(Object(Illuminate\Http\Request))
#9 /home1/kmalith2/eonepisode/vendor/laravel/framework/src/Illuminate/Pipeline/Pipeline.php(125): Illuminate\Cookie\Middleware\EncryptCookies->handle(Object(Illuminate\Http\Request), Object(Closure))
#10 /home1/kmalith2/eonepisode/app/Http/Middleware/CheckForMaintenanceMode.php(26): Illuminate\Pipeline\Pipeline->Illuminate\Pipeline\{closure}(Object(Illuminate\Http\Request))
#11 /home1/kmalith2/eonepisode/vendor/laravel/framework/src/Illuminate/Pipeline/Pipeline.php(125): App\Http\Middleware\CheckForMaintenanceMode->handle(Object(Illuminate\Http\Request), Object(Closure))
#12 [internal function]: Illuminate\Pipeline\Pipeline->Illuminate\Pipeline\{closure}(Object(Illuminate\Http\Request))
#13 /home1/kmalith2/eonepisode/vendor/laravel/framework/src/Illuminate/Pipeline/Pipeline.php(100): call_user_func(Object(Closure), Object(Illuminate\Http\Request))
#14 /home1/kmalith2/eonepisode/vendor/laravel/framework/src/Illuminate/Foundation/Http/Kernel.php(111): Illuminate\Pipeline\Pipeline->then(Object(Closure))
#15 /home1/kmalith2/eonepisode/vendor/laravel/framework/src/Illuminate/Foundation/Http/Kernel.php(84): Illuminate\Foundation\Http\Kernel->sendRequestThroughRouter(Object(Illuminate\Http\Request))
#16 /home1/kmalith2/public_html/index.php(53): Illuminate\Foundation\Http\Kernel->handle(Object(Illuminate\Http\Request))
#17 {main}  
[2026-09-07 03:09:22] local.ERROR: Illuminate\Session\TokenMismatchException in /home1/kmalith2/eonepisode/vendor/laravel/framework/src/Illuminate/Foundation/Http/Middleware/VerifyCsrfToken.php:46
Stack trace:
#0 /home1/kmalith2/eonepisode/app/Http/Middleware/VerifyCsrfToken.php(17): Illuminate\Foundation\Http\Middleware\VerifyCsrfToken->handle(Object(Illuminate\Http\Request), Object(Closure))
#1 /home1/kmalith2/eonepisode/vendor/laravel/framework/src/Illuminate/Pipeline/Pipeline.php(125): App\Http\Middleware\VerifyCsrfToken->handle(Object(Illuminate\Http\Request), Object(Closure))
#2 /home1/kmalith2/eonepisode/vendor/laravel/framework/src/Illuminate/View/Middleware/ShareErrorsFromSession.php(55): Illuminate\Pipeline\Pipeline->Illuminate\Pipeline\{closure}(Object(Illuminate\Http\Request))
#3 /home1/kmalith2/eonepisode/vendor/laravel/framework/src/Illuminate/Pipeline/Pipeline.php(125): Illuminate\View\Middleware\ShareErrorsFromSession->handle(Object(Illuminate\Http\Request), Object(Closure))
#4 /home1/kmalith2/eonepisode/vendor/laravel/framework/src/Illuminate/Session/Middleware/StartSession.php(61): Illuminate\Pipeline\Pipeline->Illuminate\Pipeline\{closure}(Object(Illuminate\Http\Request))
#5 /home1/kmalith2/eonepisode/vendor/laravel/framework/src/Illuminate/Pipeline/Pipeline.php(125): Illuminate\Session\Middleware\StartSession->handle(Object(Illuminate\Http\Request), Object(Closure))
#6 /home1/kmalith2/eonepisode/vendor/laravel/framework/src/Illuminate/Cookie/Middleware/AddQueuedCookiesToResponse.php(36): Illuminate\Pipeline\Pipeline->Illuminate\Pipeline\{closure}(Object(Illuminate\Http\Request))
#7 /home1/kmalith2/eonepisode/vendor/laravel/framework/src/Illuminate/Pipeline/Pipeline.php(125): Illuminate\Cookie\Middleware\AddQueuedCookiesToResponse->handle(Object(Illuminate\Http\Request), Object(Closure))
#8 /home1/kmalith2/eonepisode/vendor/laravel/framework/src/Illuminate/Cookie/Middleware/EncryptCookies.php(40): Illuminate\Pipeline\Pipeline->Illuminate\Pipeline\{closure}(Object(Illuminate\Http\Request))
#9 /home1/kmalith2/eonepisode/vendor/laravel/framework/src/Illuminate/Pipeline/Pipeline.php(125): Illuminate\Cookie\Middleware\EncryptCookies->handle(Object(Illuminate\Http\Request), Object(Closure))
#10 /home1/kmalith2/eonepisode/app/Http/Middleware/CheckForMaintenanceMode.php(26): Illuminate\Pipeline\Pipeline->Illuminate\Pipeline\{closure}(Object(Illuminate\Http\Request))
#11 /home1/kmalith2/eonepisode/vendor/laravel/framework/src/Illuminate/Pipeline/Pipeline.php(125): App\Http\Middleware\CheckForMaintenanceMode->handle(Object(Illuminate\Http\Request), Object(Closure))
#12 [internal function]: Illuminate\Pipeline\Pipeline->Illuminate\Pipeline\{closure}(Object(Illuminate\Http\Request))
#13 /home1/kmalith2/eonepisode/vendor/laravel/framework/src/Illuminate/Pipeline/Pipeline.php(100): call_user_func(Object(Closure), Object(Illuminate\Http\Request))
#14 /home1/kmalith2/eonepisode/vendor/laravel/framework/src/Illuminate/Foundation/Http/Kernel.php(111): Illuminate\Pipeline\Pipeline->then(Object(Closure))
#15 /home1/kmalith2/eonepisode/vendor/laravel/framework/src/Illuminate/Foundation/Http/Kernel.php(84): Illuminate\Foundation\Http\Kernel->sendRequestThroughRouter(Object(Illuminate\Http\Request))
#16 /home1/kmalith2/public_html/index.php(53): Illuminate\Foundation\Http\Kernel->handle(Object(Illuminate\Http\Request))
#17 {main}  
[2026-09-07 03:09:23] local.ERROR: Illuminate\Session\TokenMismatchException in /home1/kmalith2/eonepisode/vendor/laravel/framework/src/Illuminate/Foundation/Http/Middleware/VerifyCsrfToken.php:46
Stack trace:
#0 /home1/kmalith2/eonepisode/app/Http/Middleware/VerifyCsrfToken.php(17): Illuminate\Foundation\Http\Middleware\VerifyCsrfToken->handle(Object(Illuminate\Http\Request), Object(Closure))
#1 /home1/kmalith2/eonepisode/vendor/laravel/framework/src/Illuminate/Pipeline/Pipeline.php(125): App\Http\Middleware\VerifyCsrfToken->handle(Object(Illuminate\Http\Request), Object(Closure))
#2 /home1/kmalith2/eonepisode/vendor/laravel/framework/src/Illuminate/View/Middleware/ShareErrorsFromSession.php(55): Illuminate\Pipeline\Pipeline->Illuminate\Pipeline\{closure}(Object(Illuminate\Http\Request))
#3 /home1/kmalith2/eonepisode/vendor/laravel/framework/src/Illuminate/Pipeline/Pipeline.php(125): Illuminate\View\Middleware\ShareErrorsFromSession->handle(Object(Illuminate\Http\Request), Object(Closure))
#4 /home1/kmalith2/eonepisode/vendor/laravel/framework/src/Illuminate/Session/Middleware/StartSession.php(61): Illuminate\Pipeline\Pipeline->Illuminate\Pipeline\{closure}(Object(Illuminate\Http\Request))
#5 /home1/kmalith2/eonepisode/vendor/laravel/framework/src/Illuminate/Pipeline/Pipeline.php(125): Illuminate\Session\Middleware\StartSession->handle(Object(Illuminate\Http\Request), Object(Closure))
#6 /home1/kmalith2/eonepisode/vendor/laravel/framework/src/Illuminate/Cookie/Middleware/AddQueuedCookiesToResponse.php(36): Illuminate\Pipeline\Pipeline->Illuminate\Pipeline\{closure}(Object(Illuminate\Http\Request))
#7 /home1/kmalith2/eonepisode/vendor/laravel/framework/src/Illuminate/Pipeline/Pipeline.php(125): Illuminate\Cookie\Middleware\AddQueuedCookiesToResponse->handle(Object(Illuminate\Http\Request), Object(Closure))
#8 /home1/kmalith2/eonepisode/vendor/laravel/framework/src/Illuminate/Cookie/Middleware/EncryptCookies.php(40): Illuminate\Pipeline\Pipeline->Illuminate\Pipeline\{closure}(Object(Illuminate\Http\Request))
#9 /home1/kmalith2/eonepisode/vendor/laravel/framework/src/Illuminate/Pipeline/Pipeline.php(125): Illuminate\Cookie\Middleware\EncryptCookies->handle(Object(Illuminate\Http\Request), Object(Closure))
#10 /home1/kmalith2/eonepisode/app/Http/Middleware/CheckForMaintenanceMode.php(26): Illuminate\Pipeline\Pipeline->Illuminate\Pipeline\{closure}(Object(Illuminate\Http\Request))
#11 /home1/kmalith2/eonepisode/vendor/laravel/framework/src/Illuminate/Pipeline/Pipeline.php(125): App\Http\Middleware\CheckForMaintenanceMode->handle(Object(Illuminate\Http\Request), Object(Closure))
#12 [internal function]: Illuminate\Pipeline\Pipeline->Illuminate\Pipeline\{closure}(Object(Illuminate\Http\Request))
#13 /home1/kmalith2/eonepisode/vendor/laravel/framework/src/Illuminate/Pipeline/Pipeline.php(100): call_user_func(Object(Closure), Object(Illuminate\Http\Request))
#14 /home1/kmalith2/eonepisode/vendor/laravel/framework/src/Illuminate/Foundation/Http/Kernel.php(111): Illuminate\Pipeline\Pipeline->then(Object(Closure))
#15 /home1/kmalith2/eonepisode/vendor/laravel/framework/src/Illuminate/Foundation/Http/Kernel.php(84): Illuminate\Foundation\Http\Kernel->sendRequestThroughRouter(Object(Illuminate\Http\Request))
#16 /home1/kmalith2/public_html/index.php(53): Illuminate\Foundation\Http\Kernel->handle(Object(Illuminate\Http\Request))
#17 {main}  
[2026-09-07 03:09:23] local.ERROR: Illuminate\Session\TokenMismatchException in /home1/kmalith2/eonepisode/vendor/laravel/framework/src/Illuminate/Foundation/Http/Middleware/VerifyCsrfToken.php:46
Stack trace:
#0 /home1/kmalith2/eonepisode/app/Http/Middleware/VerifyCsrfToken.php(17): Illuminate\Foundation\Http\Middleware\VerifyCsrfToken->handle(Object(Illuminate\Http\Request), Object(Closure))
#1 /home1/kmalith2/eonepisode/vendor/laravel/framework/src/Illuminate/Pipeline/Pipeline.php(125): App\Http\Middleware\VerifyCsrfToken->handle(Object(Illuminate\Http\Request), Object(Closure))
#2 /home1/kmalith2/eonepisode/vendor/laravel/framework/src/Illuminate/View/Middleware/ShareErrorsFromSession.php(55): Illuminate\Pipeline\Pipeline->Illuminate\Pipeline\{closure}(Object(Illuminate\Http\Request))
#3 /home1/kmalith2/eonepisode/vendor/laravel/framework/src/Illuminate/Pipeline/Pipeline.php(125): Illuminate\View\Middleware\ShareErrorsFromSession->handle(Object(Illuminate\Http\Request), Object(Closure))
#4 /home1/kmalith2/eonepisode/vendor/laravel/framework/src/Illuminate/Session/Middleware/StartSession.php(61): Illuminate\Pipeline\Pipeline->Illuminate\Pipeline\{closure}(Object(Illuminate\Http\Request))
#5 /home1/kmalith2/eonepisode/vendor/laravel/framework/src/Illuminate/Pipeline/Pipeline.php(125): Illuminate\Session\Middleware\StartSession->handle(Object(Illuminate\Http\Request), Object(Closure))
#6 /home1/kmalith2/eonepisode/vendor/laravel/framework/src/Illuminate/Cookie/Middleware/AddQueuedCookiesToResponse.php(36): Illuminate\Pipeline\Pipeline->Illuminate\Pipeline\{closure}(Object(Illuminate\Http\Request))
#7 /home1/kmalith2/eonepisode/vendor/laravel/framework/src/Illuminate/Pipeline/Pipeline.php(125): Illuminate\Cookie\Middleware\AddQueuedCookiesToResponse->handle(Object(Illuminate\Http\Request), Object(Closure))
#8 /home1/kmalith2/eonepisode/vendor/laravel/framework/src/Illuminate/Cookie/Middleware/EncryptCookies.php(40): Illuminate\Pipeline\Pipeline->Illuminate\Pipeline\{closure}(Object(Illuminate\Http\Request))
#9 /home1/kmalith2/eonepisode/vendor/laravel/framework/src/Illuminate/Pipeline/Pipeline.php(125): Illuminate\Cookie\Middleware\EncryptCookies->handle(Object(Illuminate\Http\Request), Object(Closure))
#10 /home1/kmalith2/eonepisode/app/Http/Middleware/CheckForMaintenanceMode.php(26): Illuminate\Pipeline\Pipeline->Illuminate\Pipeline\{closure}(Object(Illuminate\Http\Request))
#11 /home1/kmalith2/eonepisode/vendor/laravel/framework/src/Illuminate/Pipeline/Pipeline.php(125): App\Http\Middleware\CheckForMaintenanceMode->handle(Object(Illuminate\Http\Request), Object(Closure))
#12 [internal function]: Illuminate\Pipeline\Pipeline->Illuminate\Pipeline\{closure}(Object(Illuminate\Http\Request))
#13 /home1/kmalith2/eonepisode/vendor/laravel/framework/src/Illuminate/Pipeline/Pipeline.php(100): call_user_func(Object(Closure), Object(Illuminate\Http\Request))
#14 /home1/kmalith2/eonepisode/vendor/laravel/framework/src/Illuminate/Foundation/Http/Kernel.php(111): Illuminate\Pipeline\Pipeline->then(Object(Closure))
#15 /home1/kmalith2/eonepisode/vendor/laravel/framework/src/Illuminate/Foundation/Http/Kernel.php(84): Illuminate\Foundation\Http\Kernel->sendRequestThroughRouter(Object(Illuminate\Http\Request))
#16 /home1/kmalith2/public_html/index.php(53): Illuminate\Foundation\Http\Kernel->handle(Object(Illuminate\Http\Request))
#17 {main}  
[2026-09-07 03:09:24] local.ERROR: Illuminate\Session\TokenMismatchException in /home1/kmalith2/eonepisode/vendor/laravel/framework/src/Illuminate/Foundation/Http/Middleware/VerifyCsrfToken.php:46
Stack trace:
#0 /home1/kmalith2/eonepisode/app/Http/Middleware/VerifyCsrfToken.php(17): Illuminate\Foundation\Http\Middleware\VerifyCsrfToken->handle(Object(Illuminate\Http\Request), Object(Closure))
#1 /home1/kmalith2/eonepisode/vendor/laravel/framework/src/Illuminate/Pipeline/Pipeline.php(125): App\Http\Middleware\VerifyCsrfToken->handle(Object(Illuminate\Http\Request), Object(Closure))
#2 /home1/kmalith2/eonepisode/vendor/laravel/framework/src/Illuminate/View/Middleware/ShareErrorsFromSession.php(55): Illuminate\Pipeline\Pipeline->Illuminate\Pipeline\{closure}(Object(Illuminate\Http\Request))
#3 /home1/kmalith2/eonepisode/vendor/laravel/framework/src/Illuminate/Pipeline/Pipeline.php(125): Illuminate\View\Middleware\ShareErrorsFromSession->handle(Object(Illuminate\Http\Request), Object(Closure))
#4 /home1/kmalith2/eonepisode/vendor/laravel/framework/src/Illuminate/Session/Middleware/StartSession.php(61): Illuminate\Pipeline\Pipeline->Illuminate\Pipeline\{closure}(Object(Illuminate\Http\Request))
#5 /home1/kmalith2/eonepisode/vendor/laravel/framework/src/Illuminate/Pipeline/Pipeline.php(125): Illuminate\Session\Middleware\StartSession->handle(Object(Illuminate\Http\Request), Object(Closure))
#6 /home1/kmalith2/eonepisode/vendor/laravel/framework/src/Illuminate/Cookie/Middleware/AddQueuedCookiesToResponse.php(36): Illuminate\Pipeline\Pipeline->Illuminate\Pipeline\{closure}(Object(Illuminate\Http\Request))
#7 /home1/kmalith2/eonepisode/vendor/laravel/framework/src/Illuminate/Pipeline/Pipeline.php(125): Illuminate\Cookie\Middleware\AddQueuedCookiesToResponse->handle(Object(Illuminate\Http\Request), Object(Closure))
#8 /home1/kmalith2/eonepisode/vendor/laravel/framework/src/Illuminate/Cookie/Middleware/EncryptCookies.php(40): Illuminate\Pipeline\Pipeline->Illuminate\Pipeline\{closure}(Object(Illuminate\Http\Request))
#9 /home1/kmalith2/eonepisode/vendor/laravel/framework/src/Illuminate/Pipeline/Pipeline.php(125): Illuminate\Cookie\Middleware\EncryptCookies->handle(Object(Illuminate\Http\Request), Object(Closure))
#10 /home1/kmalith2/eonepisode/app/Http/Middleware/CheckForMaintenanceMode.php(26): Illuminate\Pipeline\Pipeline->Illuminate\Pipeline\{closure}(Object(Illuminate\Http\Request))
#11 /home1/kmalith2/eonepisode/vendor/laravel/framework/src/Illuminate/Pipeline/Pipeline.php(125): App\Http\Middleware\CheckForMaintenanceMode->handle(Object(Illuminate\Http\Request), Object(Closure))
#12 [internal function]: Illuminate\Pipeline\Pipeline->Illuminate\Pipeline\{closure}(Object(Illuminate\Http\Request))
#13 /home1/kmalith2/eonepisode/vendor/laravel/framework/src/Illuminate/Pipeline/Pipeline.php(100): call_user_func(Object(Closure), Object(Illuminate\Http\Request))
#14 /home1/kmalith2/eonepisode/vendor/laravel/framework/src/Illuminate/Foundation/Http/Kernel.php(111): Illuminate\Pipeline\Pipeline->then(Object(Closure))
#15 /home1/kmalith2/eonepisode/vendor/laravel/framework/src/Illuminate/Foundation/Http/Kernel.php(84): Illuminate\Foundation\Http\Kernel->sendRequestThroughRouter(Object(Illuminate\Http\Request))
#16 /home1/kmalith2/public_html/index.php(53): Illuminate\Foundation\Http\Kernel->handle(Object(Illuminate\Http\Request))
#17 {main}  
[2026-09-07 03:09:24] local.ERROR: Illuminate\Session\TokenMismatchException in /home1/kmalith2/eonepisode/vendor/laravel/framework/src/Illuminate/Foundation/Http/Middleware/VerifyCsrfToken.php:46
Stack trace:
#0 /home1/kmalith2/eonepisode/app/Http/Middleware/VerifyCsrfToken.php(17): Illuminate\Foundation\Http\Middleware\VerifyCsrfToken->handle(Object(Illuminate\Http\Request), Object(Closure))
#1 /home1/kmalith2/eonepisode/vendor/laravel/framework/src/Illuminate/Pipeline/Pipeline.php(125): App\Http\Middleware\VerifyCsrfToken->handle(Object(Illuminate\Http\Request), Object(Closure))
#2 /home1/kmalith2/eonepisode/vendor/laravel/framework/src/Illuminate/View/Middleware/ShareErrorsFromSession.php(55): Illuminate\Pipeline\Pipeline->Illuminate\Pipeline\{closure}(Object(Illuminate\Http\Request))
#3 /home1/kmalith2/eonepisode/vendor/laravel/framework/src/Illuminate/Pipeline/Pipeline.php(125): Illuminate\View\Middleware\ShareErrorsFromSession->handle(Object(Illuminate\Http\Request), Object(Closure))
#4 /home1/kmalith2/eonepisode/vendor/laravel/framework/src/Illuminate/Session/Middleware/StartSession.php(61): Illuminate\Pipeline\Pipeline->Illuminate\Pipeline\{closure}(Object(Illuminate\Http\Request))
#5 /home1/kmalith2/eonepisode/vendor/laravel/framework/src/Illuminate/Pipeline/Pipeline.php(125): Illuminate\Session\Middleware\StartSession->handle(Object(Illuminate\Http\Request), Object(Closure))
#6 /home1/kmalith2/eonepisode/vendor/laravel/framework/src/Illuminate/Cookie/Middleware/AddQueuedCookiesToResponse.php(36): Illuminate\Pipeline\Pipeline->Illuminate\Pipeline\{closure}(Object(Illuminate\Http\Request))
#7 /home1/kmalith2/eonepisode/vendor/laravel/framework/src/Illuminate/Pipeline/Pipeline.php(125): Illuminate\Cookie\Middleware\AddQueuedCookiesToResponse->handle(Object(Illuminate\Http\Request), Object(Closure))
#8 /home1/kmalith2/eonepisode/vendor/laravel/framework/src/Illuminate/Cookie/Middleware/EncryptCookies.php(40): Illuminate\Pipeline\Pipeline->Illuminate\Pipeline\{closure}(Object(Illuminate\Http\Request))
#9 /home1/kmalith2/eonepisode/vendor/laravel/framework/src/Illuminate/Pipeline/Pipeline.php(125): Illuminate\Cookie\Middleware\EncryptCookies->handle(Object(Illuminate\Http\Request), Object(Closure))
#10 /home1/kmalith2/eonepisode/app/Http/Middleware/CheckForMaintenanceMode.php(26): Illuminate\Pipeline\Pipeline->Illuminate\Pipeline\{closure}(Object(Illuminate\Http\Request))
#11 /home1/kmalith2/eonepisode/vendor/laravel/framework/src/Illuminate/Pipeline/Pipeline.php(125): App\Http\Middleware\CheckForMaintenanceMode->handle(Object(Illuminate\Http\Request), Object(Closure))
#12 [internal function]: Illuminate\Pipeline\Pipeline->Illuminate\Pipeline\{closure}(Object(Illuminate\Http\Request))
#13 /home1/kmalith2/eonepisode/vendor/laravel/framework/src/Illuminate/Pipeline/Pipeline.php(100): call_user_func(Object(Closure), Object(Illuminate\Http\Request))
#14 /home1/kmalith2/eonepisode/vendor/laravel/framework/src/Illuminate/Foundation/Http/Kernel.php(111): Illuminate\Pipeline\Pipeline->then(Object(Closure))
#15 /home1/kmalith2/eonepisode/vendor/laravel/framework/src/Illuminate/Foundation/Http/Kernel.php(84): Illuminate\Foundation\Http\Kernel->sendRequestThroughRouter(Object(Illuminate\Http\Request))
#16 /home1/kmalith2/public_html/index.php(53): Illuminate\Foundation\Http\Kernel->handle(Object(Illuminate\Http\Request))
#17 {main}  
[2026-09-07 03:09:25] local.ERROR: Illuminate\Session\TokenMismatchException in /home1/kmalith2/eonepisode/vendor/laravel/framework/src/Illuminate/Foundation/Http/Middleware/VerifyCsrfToken.php:46
Stack trace:
#0 /home1/kmalith2/eonepisode/app/Http/Middleware/VerifyCsrfToken.php(17): Illuminate\Foundation\Http\Middleware\VerifyCsrfToken->handle(Object(Illuminate\Http\Request), Object(Closure))
#1 /home1/kmalith2/eonepisode/vendor/laravel/framework/src/Illuminate/Pipeline/Pipeline.php(125): App\Http\Middleware\VerifyCsrfToken->handle(Object(Illuminate\Http\Request), Object(Closure))
#2 /home1/kmalith2/eonepisode/vendor/laravel/framework/src/Illuminate/View/Middleware/ShareErrorsFromSession.php(55): Illuminate\Pipeline\Pipeline->Illuminate\Pipeline\{closure}(Object(Illuminate\Http\Request))
#3 /home1/kmalith2/eonepisode/vendor/laravel/framework/src/Illuminate/Pipeline/Pipeline.php(125): Illuminate\View\Middleware\ShareErrorsFromSession->handle(Object(Illuminate\Http\Request), Object(Closure))
#4 /home1/kmalith2/eonepisode/vendor/laravel/framework/src/Illuminate/Session/Middleware/StartSession.php(61): Illuminate\Pipeline\Pipeline->Illuminate\Pipeline\{closure}(Object(Illuminate\Http\Request))
#5 /home1/kmalith2/eonepisode/vendor/laravel/framework/src/Illuminate/Pipeline/Pipeline.php(125): Illuminate\Session\Middleware\StartSession->handle(Object(Illuminate\Http\Request), Object(Closure))
#6 /home1/kmalith2/eonepisode/vendor/laravel/framework/src/Illuminate/Cookie/Middleware/AddQueuedCookiesToResponse.php(36): Illuminate\Pipeline\Pipeline->Illuminate\Pipeline\{closure}(Object(Illuminate\Http\Request))
#7 /home1/kmalith2/eonepisode/vendor/laravel/framework/src/Illuminate/Pipeline/Pipeline.php(125): Illuminate\Cookie\Middleware\AddQueuedCookiesToResponse->handle(Object(Illuminate\Http\Request), Object(Closure))
#8 /home1/kmalith2/eonepisode/vendor/laravel/framework/src/Illuminate/Cookie/Middleware/EncryptCookies.php(40): Illuminate\Pipeline\Pipeline->Illuminate\Pipeline\{closure}(Object(Illuminate\Http\Request))
#9 /home1/kmalith2/eonepisode/vendor/laravel/framework/src/Illuminate/Pipeline/Pipeline.php(125): Illuminate\Cookie\Middleware\EncryptCookies->handle(Object(Illuminate\Http\Request), Object(Closure))
#10 /home1/kmalith2/eonepisode/app/Http/Middleware/CheckForMaintenanceMode.php(26): Illuminate\Pipeline\Pipeline->Illuminate\Pipeline\{closure}(Object(Illuminate\Http\Request))
#11 /home1/kmalith2/eonepisode/vendor/laravel/framework/src/Illuminate/Pipeline/Pipeline.php(125): App\Http\Middleware\CheckForMaintenanceMode->handle(Object(Illuminate\Http\Request), Object(Closure))
#12 [internal function]: Illuminate\Pipeline\Pipeline->Illuminate\Pipeline\{closure}(Object(Illuminate\Http\Request))
#13 /home1/kmalith2/eonepisode/vendor/laravel/framework/src/Illuminate/Pipeline/Pipeline.php(100): call_user_func(Object(Closure), Object(Illuminate\Http\Request))
#14 /home1/kmalith2/eonepisode/vendor/laravel/framework/src/Illuminate/Foundation/Http/Kernel.php(111): Illuminate\Pipeline\Pipeline->then(Object(Closure))
#15 /home1/kmalith2/eonepisode/vendor/laravel/framework/src/Illuminate/Foundation/Http/Kernel.php(84): Illuminate\Foundation\Http\Kernel->sendRequestThroughRouter(Object(Illuminate\Http\Request))
#16 /home1/kmalith2/public_html/index.php(53): Illuminate\Foundation\Http\Kernel->handle(Object(Illuminate\Http\Request))
#17 {main}  
[2026-09-07 03:09:27] local.ERROR: Illuminate\Session\TokenMismatchException in /home1/kmalith2/eonepisode/vendor/laravel/framework/src/Illuminate/Foundation/Http/Middleware/VerifyCsrfToken.php:46
Stack trace:
#0 /home1/kmalith2/eonepisode/app/Http/Middleware/VerifyCsrfToken.php(17): Illuminate\Foundation\Http\Middleware\VerifyCsrfToken->handle(Object(Illuminate\Http\Request), Object(Closure))
#1 /home1/kmalith2/eonepisode/vendor/laravel/framework/src/Illuminate/Pipeline/Pipeline.php(125): App\Http\Middleware\VerifyCsrfToken->handle(Object(Illuminate\Http\Request), Object(Closure))
#2 /home1/kmalith2/eonepisode/vendor/laravel/framework/src/Illuminate/View/Middleware/ShareErrorsFromSession.php(55): Illuminate\Pipeline\Pipeline->Illuminate\Pipeline\{closure}(Object(Illuminate\Http\Request))
#3 /home1/kmalith2/eonepisode/vendor/laravel/framework/src/Illuminate/Pipeline/Pipeline.php(125): Illuminate\View\Middleware\ShareErrorsFromSession->handle(Object(Illuminate\Http\Request), Object(Closure))
#4 /home1/kmalith2/eonepisode/vendor/laravel/framework/src/Illuminate/Session/Middleware/StartSession.php(61): Illuminate\Pipeline\Pipeline->Illuminate\Pipeline\{closure}(Object(Illuminate\Http\Request))
#5 /home1/kmalith2/eonepisode/vendor/laravel/framework/src/Illuminate/Pipeline/Pipeline.php(125): Illuminate\Session\Middleware\StartSession->handle(Object(Illuminate\Http\Request), Object(Closure))
#6 /home1/kmalith2/eonepisode/vendor/laravel/framework/src/Illuminate/Cookie/Middleware/AddQueuedCookiesToResponse.php(36): Illuminate\Pipeline\Pipeline->Illuminate\Pipeline\{closure}(Object(Illuminate\Http\Request))
#7 /home1/kmalith2/eonepisode/vendor/laravel/framework/src/Illuminate/Pipeline/Pipeline.php(125): Illuminate\Cookie\Middleware\AddQueuedCookiesToResponse->handle(Object(Illuminate\Http\Request), Object(Closure))
#8 /home1/kmalith2/eonepisode/vendor/laravel/framework/src/Illuminate/Cookie/Middleware/EncryptCookies.php(40): Illuminate\Pipeline\Pipeline->Illuminate\Pipeline\{closure}(Object(Illuminate\Http\Request))
#9 /home1/kmalith2/eonepisode/vendor/laravel/framework/src/Illuminate/Pipeline/Pipeline.php(125): Illuminate\Cookie\Middleware\EncryptCookies->handle(Object(Illuminate\Http\Request), Object(Closure))
#10 /home1/kmalith2/eonepisode/app/Http/Middleware/CheckForMaintenanceMode.php(26): Illuminate\Pipeline\Pipeline->Illuminate\Pipeline\{closure}(Object(Illuminate\Http\Request))
#11 /home1/kmalith2/eonepisode/vendor/laravel/framework/src/Illuminate/Pipeline/Pipeline.php(125): App\Http\Middleware\CheckForMaintenanceMode->handle(Object(Illuminate\Http\Request), Object(Closure))
#12 [internal function]: Illuminate\Pipeline\Pipeline->Illuminate\Pipeline\{closure}(Object(Illuminate\Http\Request))
#13 /home1/kmalith2/eonepisode/vendor/laravel/framework/src/Illuminate/Pipeline/Pipeline.php(100): call_user_func(Object(Closure), Object(Illuminate\Http\Request))
#14 /home1/kmalith2/eonepisode/vendor/laravel/framework/src/Illuminate/Foundation/Http/Kernel.php(111): Illuminate\Pipeline\Pipeline->then(Object(Closure))
#15 /home1/kmalith2/eonepisode/vendor/laravel/framework/src/Illuminate/Foundation/Http/Kernel.php(84): Illuminate\Foundation\Http\Kernel->sendRequestThroughRouter(Object(Illuminate\Http\Request))
#16 /home1/kmalith2/public_html/index.php(53): Illuminate\Foundation\Http\Kernel->handle(Object(Illuminate\Http\Request))
#17 {main}  
[2026-09-07 03:09:27] local.ERROR: Illuminate\Session\TokenMismatchException in /home1/kmalith2/eonepisode/vendor/laravel/framework/src/Illuminate/Foundation/Http/Middleware/VerifyCsrfToken.php:46
Stack trace:
#0 /home1/kmalith2/eonepisode/app/Http/Middleware/VerifyCsrfToken.php(17): Illuminate\Foundation\Http\Middleware\VerifyCsrfToken->handle(Object(Illuminate\Http\Request), Object(Closure))
#1 /home1/kmalith2/eonepisode/vendor/laravel/framework/src/Illuminate/Pipeline/Pipeline.php(125): App\Http\Middleware\VerifyCsrfToken->handle(Object(Illuminate\Http\Request), Object(Closure))
#2 /home1/kmalith2/eonepisode/vendor/laravel/framework/src/Illuminate/View/Middleware/ShareErrorsFromSession.php(55): Illuminate\Pipeline\Pipeline->Illuminate\Pipeline\{closure}(Object(Illuminate\Http\Request))
#3 /home1/kmalith2/eonepisode/vendor/laravel/framework/src/Illuminate/Pipeline/Pipeline.php(125): Illuminate\View\Middleware\ShareErrorsFromSession->handle(Object(Illuminate\Http\Request), Object(Closure))
#4 /home1/kmalith2/eonepisode/vendor/laravel/framework/src/Illuminate/Session/Middleware/StartSession.php(61): Illuminate\Pipeline\Pipeline->Illuminate\Pipeline\{closure}(Object(Illuminate\Http\Request))
#5 /home1/kmalith2/eonepisode/vendor/laravel/framework/src/Illuminate/Pipeline/Pipeline.php(125): Illuminate\Session\Middleware\StartSession->handle(Object(Illuminate\Http\Request), Object(Closure))
#6 /home1/kmalith2/eonepisode/vendor/laravel/framework/src/Illuminate/Cookie/Middleware/AddQueuedCookiesToResponse.php(36): Illuminate\Pipeline\Pipeline->Illuminate\Pipeline\{closure}(Object(Illuminate\Http\Request))
#7 /home1/kmalith2/eonepisode/vendor/laravel/framework/src/Illuminate/Pipeline/Pipeline.php(125): Illuminate\Cookie\Middleware\AddQueuedCookiesToResponse->handle(Object(Illuminate\Http\Request), Object(Closure))
#8 /home1/kmalith2/eonepisode/vendor/laravel/framework/src/Illuminate/Cookie/Middleware/EncryptCookies.php(40): Illuminate\Pipeline\Pipeline->Illuminate\Pipeline\{closure}(Object(Illuminate\Http\Request))
#9 /home1/kmalith2/eonepisode/vendor/laravel/framework/src/Illuminate/Pipeline/Pipeline.php(125): Illuminate\Cookie\Middleware\EncryptCookies->handle(Object(Illuminate\Http\Request), Object(Closure))
#10 /home1/kmalith2/eonepisode/app/Http/Middleware/CheckForMaintenanceMode.php(26): Illuminate\Pipeline\Pipeline->Illuminate\Pipeline\{closure}(Object(Illuminate\Http\Request))
#11 /home1/kmalith2/eonepisode/vendor/laravel/framework/src/Illuminate/Pipeline/Pipeline.php(125): App\Http\Middleware\CheckForMaintenanceMode->handle(Object(Illuminate\Http\Request), Object(Closure))
#12 [internal function]: Illuminate\Pipeline\Pipeline->Illuminate\Pipeline\{closure}(Object(Illuminate\Http\Request))
#13 /home1/kmalith2/eonepisode/vendor/laravel/framework/src/Illuminate/Pipeline/Pipeline.php(100): call_user_func(Object(Closure), Object(Illuminate\Http\Request))
#14 /home1/kmalith2/eonepisode/vendor/laravel/framework/src/Illuminate/Foundation/Http/Kernel.php(111): Illuminate\Pipeline\Pipeline->then(Object(Closure))
#15 /home1/kmalith2/eonepisode/vendor/laravel/framework/src/Illuminate/Foundation/Http/Kernel.php(84): Illuminate\Foundation\Http\Kernel->sendRequestThroughRouter(Object(Illuminate\Http\Request))
#16 /home1/kmalith2/public_html/index.php(53): Illuminate\Foundation\Http\Kernel->handle(Object(Illuminate\Http\Request))
#17 {main}  
[2026-09-07 03:09:28] local.ERROR: Illuminate\Session\TokenMismatchException in /home1/kmalith2/eonepisode/vendor/laravel/framework/src/Illuminate/Foundation/Http/Middleware/VerifyCsrfToken.php:46
Stack trace:
#0 /home1/kmalith2/eonepisode/app/Http/Middleware/VerifyCsrfToken.php(17): Illuminate\Foundation\Http\Middleware\VerifyCsrfToken->handle(Object(Illuminate\Http\Request), Object(Closure))
#1 /home1/kmalith2/eonepisode/vendor/laravel/framework/src/Illuminate/Pipeline/Pipeline.php(125): App\Http\Middleware\VerifyCsrfToken->handle(Object(Illuminate\Http\Request), Object(Closure))
#2 /home1/kmalith2/eonepisode/vendor/laravel/framework/src/Illuminate/View/Middleware/ShareErrorsFromSession.php(55): Illuminate\Pipeline\Pipeline->Illuminate\Pipeline\{closure}(Object(Illuminate\Http\Request))
#3 /home1/kmalith2/eonepisode/vendor/laravel/framework/src/Illuminate/Pipeline/Pipeline.php(125): Illuminate\View\Middleware\ShareErrorsFromSession->handle(Object(Illuminate\Http\Request), Object(Closure))
#4 /home1/kmalith2/eonepisode/vendor/laravel/framework/src/Illuminate/Session/Middleware/StartSession.php(61): Illuminate\Pipeline\Pipeline->Illuminate\Pipeline\{closure}(Object(Illuminate\Http\Request))
#5 /home1/kmalith2/eonepisode/vendor/laravel/framework/src/Illuminate/Pipeline/Pipeline.php(125): Illuminate\Session\Middleware\StartSession->handle(Object(Illuminate\Http\Request), Object(Closure))
#6 /home1/kmalith2/eonepisode/vendor/laravel/framework/src/Illuminate/Cookie/Middleware/AddQueuedCookiesToResponse.php(36): Illuminate\Pipeline\Pipeline->Illuminate\Pipeline\{closure}(Object(Illuminate\Http\Request))
#7 /home1/kmalith2/eonepisode/vendor/laravel/framework/src/Illuminate/Pipeline/Pipeline.php(125): Illuminate\Cookie\Middleware\AddQueuedCookiesToResponse->handle(Object(Illuminate\Http\Request), Object(Closure))
#8 /home1/kmalith2/eonepisode/vendor/laravel/framework/src/Illuminate/Cookie/Middleware/EncryptCookies.php(40): Illuminate\Pipeline\Pipeline->Illuminate\Pipeline\{closure}(Object(Illuminate\Http\Request))
#9 /home1/kmalith2/eonepisode/vendor/laravel/framework/src/Illuminate/Pipeline/Pipeline.php(125): Illuminate\Cookie\Middleware\EncryptCookies->handle(Object(Illuminate\Http\Request), Object(Closure))
#10 /home1/kmalith2/eonepisode/app/Http/Middleware/CheckForMaintenanceMode.php(26): Illuminate\Pipeline\Pipeline->Illuminate\Pipeline\{closure}(Object(Illuminate\Http\Request))
#11 /home1/kmalith2/eonepisode/vendor/laravel/framework/src/Illuminate/Pipeline/Pipeline.php(125): App\Http\Middleware\CheckForMaintenanceMode->handle(Object(Illuminate\Http\Request), Object(Closure))
#12 [internal function]: Illuminate\Pipeline\Pipeline->Illuminate\Pipeline\{closure}(Object(Illuminate\Http\Request))
#13 /home1/kmalith2/eonepisode/vendor/laravel/framework/src/Illuminate/Pipeline/Pipeline.php(100): call_user_func(Object(Closure), Object(Illuminate\Http\Request))
#14 /home1/kmalith2/eonepisode/vendor/laravel/framework/src/Illuminate/Foundation/Http/Kernel.php(111): Illuminate\Pipeline\Pipeline->then(Object(Closure))
#15 /home1/kmalith2/eonepisode/vendor/laravel/framework/src/Illuminate/Foundation/Http/Kernel.php(84): Illuminate\Foundation\Http\Kernel->sendRequestThroughRouter(Object(Illuminate\Http\Request))
#16 /home1/kmalith2/public_html/index.php(53): Illuminate\Foundation\Http\Kernel->handle(Object(Illuminate\Http\Request))
#17 {main}  
[2026-09-07 03:09:29] local.ERROR: Illuminate\Session\TokenMismatchException in /home1/kmalith2/eonepisode/vendor/laravel/framework/src/Illuminate/Foundation/Http/Middleware/VerifyCsrfToken.php:46
Stack trace:
#0 /home1/kmalith2/eonepisode/app/Http/Middleware/VerifyCsrfToken.php(17): Illuminate\Foundation\Http\Middleware\VerifyCsrfToken->handle(Object(Illuminate\Http\Request), Object(Closure))
#1 /home1/kmalith2/eonepisode/vendor/laravel/framework/src/Illuminate/Pipeline/Pipeline.php(125): App\Http\Middleware\VerifyCsrfToken->handle(Object(Illuminate\Http\Request), Object(Closure))
#2 /home1/kmalith2/eonepisode/vendor/laravel/framework/src/Illuminate/View/Middleware/ShareErrorsFromSession.php(55): Illuminate\Pipeline\Pipeline->Illuminate\Pipeline\{closure}(Object(Illuminate\Http\Request))
#3 /home1/kmalith2/eonepisode/vendor/laravel/framework/src/Illuminate/Pipeline/Pipeline.php(125): Illuminate\View\Middleware\ShareErrorsFromSession->handle(Object(Illuminate\Http\Request), Object(Closure))
#4 /home1/kmalith2/eonepisode/vendor/laravel/framework/src/Illuminate/Session/Middleware/StartSession.php(61): Illuminate\Pipeline\Pipeline->Illuminate\Pipeline\{closure}(Object(Illuminate\Http\Request))
#5 /home1/kmalith2/eonepisode/vendor/laravel/framework/src/Illuminate/Pipeline/Pipeline.php(125): Illuminate\Session\Middleware\StartSession->handle(Object(Illuminate\Http\Request), Object(Closure))
#6 /home1/kmalith2/eonepisode/vendor/laravel/framework/src/Illuminate/Cookie/Middleware/AddQueuedCookiesToResponse.php(36): Illuminate\Pipeline\Pipeline->Illuminate\Pipeline\{closure}(Object(Illuminate\Http\Request))
#7 /home1/kmalith2/eonepisode/vendor/laravel/framework/src/Illuminate/Pipeline/Pipeline.php(125): Illuminate\Cookie\Middleware\AddQueuedCookiesToResponse->handle(Object(Illuminate\Http\Request), Object(Closure))
#8 /home1/kmalith2/eonepisode/vendor/laravel/framework/src/Illuminate/Cookie/Middleware/EncryptCookies.php(40): Illuminate\Pipeline\Pipeline->Illuminate\Pipeline\{closure}(Object(Illuminate\Http\Request))
#9 /home1/kmalith2/eonepisode/vendor/laravel/framework/src/Illuminate/Pipeline/Pipeline.php(125): Illuminate\Cookie\Middleware\EncryptCookies->handle(Object(Illuminate\Http\Request), Object(Closure))
#10 /home1/kmalith2/eonepisode/app/Http/Middleware/CheckForMaintenanceMode.php(26): Illuminate\Pipeline\Pipeline->Illuminate\Pipeline\{closure}(Object(Illuminate\Http\Request))
#11 /home1/kmalith2/eonepisode/vendor/laravel/framework/src/Illuminate/Pipeline/Pipeline.php(125): App\Http\Middleware\CheckForMaintenanceMode->handle(Object(Illuminate\Http\Request), Object(Closure))
#12 [internal function]: Illuminate\Pipeline\Pipeline->Illuminate\Pipeline\{closure}(Object(Illuminate\Http\Request))
#13 /home1/kmalith2/eonepisode/vendor/laravel/framework/src/Illuminate/Pipeline/Pipeline.php(100): call_user_func(Object(Closure), Object(Illuminate\Http\Request))
#14 /home1/kmalith2/eonepisode/vendor/laravel/framework/src/Illuminate/Foundation/Http/Kernel.php(111): Illuminate\Pipeline\Pipeline->then(Object(Closure))
#15 /home1/kmalith2/eonepisode/vendor/laravel/framework/src/Illuminate/Foundation/Http/Kernel.php(84): Illuminate\Foundation\Http\Kernel->sendRequestThroughRouter(Object(Illuminate\Http\Request))
#16 /home1/kmalith2/public_html/index.php(53): Illuminate\Foundation\Http\Kernel->handle(Object(Illuminate\Http\Request))
#17 {main}  
[2026-09-07 03:09:30] local.ERROR: Illuminate\Session\TokenMismatchException in /home1/kmalith2/eonepisode/vendor/laravel/framework/src/Illuminate/Foundation/Http/Middleware/VerifyCsrfToken.php:46
Stack trace:
#0 /home1/kmalith2/eonepisode/app/Http/Middleware/VerifyCsrfToken.php(17): Illuminate\Foundation\Http\Middleware\VerifyCsrfToken->handle(Object(Illuminate\Http\Request), Object(Closure))
#1 /home1/kmalith2/eonepisode/vendor/laravel/framework/src/Illuminate/Pipeline/Pipeline.php(125): App\Http\Middleware\VerifyCsrfToken->handle(Object(Illuminate\Http\Request), Object(Closure))
#2 /home1/kmalith2/eonepisode/vendor/laravel/framework/src/Illuminate/View/Middleware/ShareErrorsFromSession.php(55): Illuminate\Pipeline\Pipeline->Illuminate\Pipeline\{closure}(Object(Illuminate\Http\Request))
#3 /home1/kmalith2/eonepisode/vendor/laravel/framework/src/Illuminate/Pipeline/Pipeline.php(125): Illuminate\View\Middleware\ShareErrorsFromSession->handle(Object(Illuminate\Http\Request), Object(Closure))
#4 /home1/kmalith2/eonepisode/vendor/laravel/framework/src/Illuminate/Session/Middleware/StartSession.php(61): Illuminate\Pipeline\Pipeline->Illuminate\Pipeline\{closure}(Object(Illuminate\Http\Request))
#5 /home1/kmalith2/eonepisode/vendor/laravel/framework/src/Illuminate/Pipeline/Pipeline.php(125): Illuminate\Session\Middleware\StartSession->handle(Object(Illuminate\Http\Request), Object(Closure))
#6 /home1/kmalith2/eonepisode/vendor/laravel/framework/src/Illuminate/Cookie/Middleware/AddQueuedCookiesToResponse.php(36): Illuminate\Pipeline\Pipeline->Illuminate\Pipeline\{closure}(Object(Illuminate\Http\Request))
#7 /home1/kmalith2/eonepisode/vendor/laravel/framework/src/Illuminate/Pipeline/Pipeline.php(125): Illuminate\Cookie\Middleware\AddQueuedCookiesToResponse->handle(Object(Illuminate\Http\Request), Object(Closure))
#8 /home1/kmalith2/eonepisode/vendor/laravel/framework/src/Illuminate/Cookie/Middleware/EncryptCookies.php(40): Illuminate\Pipeline\Pipeline->Illuminate\Pipeline\{closure}(Object(Illuminate\Http\Request))
#9 /home1/kmalith2/eonepisode/vendor/laravel/framework/src/Illuminate/Pipeline/Pipeline.php(125): Illuminate\Cookie\Middleware\EncryptCookies->handle(Object(Illuminate\Http\Request), Object(Closure))
#10 /home1/kmalith2/eonepisode/app/Http/Middleware/CheckForMaintenanceMode.php(26): Illuminate\Pipeline\Pipeline->Illuminate\Pipeline\{closure}(Object(Illuminate\Http\Request))
#11 /home1/kmalith2/eonepisode/vendor/laravel/framework/src/Illuminate/Pipeline/Pipeline.php(125): App\Http\Middleware\CheckForMaintenanceMode->handle(Object(Illuminate\Http\Request), Object(Closure))
#12 [internal function]: Illuminate\Pipeline\Pipeline->Illuminate\Pipeline\{closure}(Object(Illuminate\Http\Request))
#13 /home1/kmalith2/eonepisode/vendor/laravel/framework/src/Illuminate/Pipeline/Pipeline.php(100): call_user_func(Object(Closure), Object(Illuminate\Http\Request))
#14 /home1/kmalith2/eonepisode/vendor/laravel/framework/src/Illuminate/Foundation/Http/Kernel.php(111): Illuminate\Pipeline\Pipeline->then(Object(Closure))
#15 /home1/kmalith2/eonepisode/vendor/laravel/framework/src/Illuminate/Foundation/Http/Kernel.php(84): Illuminate\Foundation\Http\Kernel->sendRequestThroughRouter(Object(Illuminate\Http\Request))
#16 /home1/kmalith2/public_html/index.php(53): Illuminate\Foundation\Http\Kernel->handle(Object(Illuminate\Http\Request))
#17 {main}  
[2026-09-07 03:09:37] local.ERROR: Illuminate\Session\TokenMismatchException in /home1/kmalith2/eonepisode/vendor/laravel/framework/src/Illuminate/Foundation/Http/Middleware/VerifyCsrfToken.php:46
Stack trace:
#0 /home1/kmalith2/eonepisode/app/Http/Middleware/VerifyCsrfToken.php(17): Illuminate\Foundation\Http\Middleware\VerifyCsrfToken->handle(Object(Illuminate\Http\Request), Object(Closure))
#1 /home1/kmalith2/eonepisode/vendor/laravel/framework/src/Illuminate/Pipeline/Pipeline.php(125): App\Http\Middleware\VerifyCsrfToken->handle(Object(Illuminate\Http\Request), Object(Closure))
#2 /home1/kmalith2/eonepisode/vendor/laravel/framework/src/Illuminate/View/Middleware/ShareErrorsFromSession.php(55): Illuminate\Pipeline\Pipeline->Illuminate\Pipeline\{closure}(Object(Illuminate\Http\Request))
#3 /home1/kmalith2/eonepisode/vendor/laravel/framework/src/Illuminate/Pipeline/Pipeline.php(125): Illuminate\View\Middleware\ShareErrorsFromSession->handle(Object(Illuminate\Http\Request), Object(Closure))
#4 /home1/kmalith2/eonepisode/vendor/laravel/framework/src/Illuminate/Session/Middleware/StartSession.php(61): Illuminate\Pipeline\Pipeline->Illuminate\Pipeline\{closure}(Object(Illuminate\Http\Request))
#5 /home1/kmalith2/eonepisode/vendor/laravel/framework/src/Illuminate/Pipeline/Pipeline.php(125): Illuminate\Session\Middleware\StartSession->handle(Object(Illuminate\Http\Request), Object(Closure))
#6 /home1/kmalith2/eonepisode/vendor/laravel/framework/src/Illuminate/Cookie/Middleware/AddQueuedCookiesToResponse.php(36): Illuminate\Pipeline\Pipeline->Illuminate\Pipeline\{closure}(Object(Illuminate\Http\Request))
#7 /home1/kmalith2/eonepisode/vendor/laravel/framework/src/Illuminate/Pipeline/Pipeline.php(125): Illuminate\Cookie\Middleware\AddQueuedCookiesToResponse->handle(Object(Illuminate\Http\Request), Object(Closure))
#8 /home1/kmalith2/eonepisode/vendor/laravel/framework/src/Illuminate/Cookie/Middleware/EncryptCookies.php(40): Illuminate\Pipeline\Pipeline->Illuminate\Pipeline\{closure}(Object(Illuminate\Http\Request))
#9 /home1/kmalith2/eonepisode/vendor/laravel/framework/src/Illuminate/Pipeline/Pipeline.php(125): Illuminate\Cookie\Middleware\EncryptCookies->handle(Object(Illuminate\Http\Request), Object(Closure))
#10 /home1/kmalith2/eonepisode/app/Http/Middleware/CheckForMaintenanceMode.php(26): Illuminate\Pipeline\Pipeline->Illuminate\Pipeline\{closure}(Object(Illuminate\Http\Request))
#11 /home1/kmalith2/eonepisode/vendor/laravel/framework/src/Illuminate/Pipeline/Pipeline.php(125): App\Http\Middleware\CheckForMaintenanceMode->handle(Object(Illuminate\Http\Request), Object(Closure))
#12 [internal function]: Illuminate\Pipeline\Pipeline->Illuminate\Pipeline\{closure}(Object(Illuminate\Http\Request))
#13 /home1/kmalith2/eonepisode/vendor/laravel/framework/src/Illuminate/Pipeline/Pipeline.php(100): call_user_func(Object(Closure), Object(Illuminate\Http\Request))
#14 /home1/kmalith2/eonepisode/vendor/laravel/framework/src/Illuminate/Foundation/Http/Kernel.php(111): Illuminate\Pipeline\Pipeline->then(Object(Closure))
#15 /home1/kmalith2/eonepisode/vendor/laravel/framework/src/Illuminate/Foundation/Http/Kernel.php(84): Illuminate\Foundation\Http\Kernel->sendRequestThroughRouter(Object(Illuminate\Http\Request))
#16 /home1/kmalith2/public_html/index.php(53): Illuminate\Foundation\Http\Kernel->handle(Object(Illuminate\Http\Request))
#17 {main}  
[2026-09-07 03:09:37] local.ERROR: Illuminate\Session\TokenMismatchException in /home1/kmalith2/eonepisode/vendor/laravel/framework/src/Illuminate/Foundation/Http/Middleware/VerifyCsrfToken.php:46
Stack trace:
#0 /home1/kmalith2/eonepisode/app/Http/Middleware/VerifyCsrfToken.php(17): Illuminate\Foundation\Http\Middleware\VerifyCsrfToken->handle(Object(Illuminate\Http\Request), Object(Closure))
#1 /home1/kmalith2/eonepisode/vendor/laravel/framework/src/Illuminate/Pipeline/Pipeline.php(125): App\Http\Middleware\VerifyCsrfToken->handle(Object(Illuminate\Http\Request), Object(Closure))
#2 /home1/kmalith2/eonepisode/vendor/laravel/framework/src/Illuminate/View/Middleware/ShareErrorsFromSession.php(55): Illuminate\Pipeline\Pipeline->Illuminate\Pipeline\{closure}(Object(Illuminate\Http\Request))
#3 /home1/kmalith2/eonepisode/vendor/laravel/framework/src/Illuminate/Pipeline/Pipeline.php(125): Illuminate\View\Middleware\ShareErrorsFromSession->handle(Object(Illuminate\Http\Request), Object(Closure))
#4 /home1/kmalith2/eonepisode/vendor/laravel/framework/src/Illuminate/Session/Middleware/StartSession.php(61): Illuminate\Pipeline\Pipeline->Illuminate\Pipeline\{closure}(Object(Illuminate\Http\Request))
#5 /home1/kmalith2/eonepisode/vendor/laravel/framework/src/Illuminate/Pipeline/Pipeline.php(125): Illuminate\Session\Middleware\StartSession->handle(Object(Illuminate\Http\Request), Object(Closure))
#6 /home1/kmalith2/eonepisode/vendor/laravel/framework/src/Illuminate/Cookie/Middleware/AddQueuedCookiesToResponse.php(36): Illuminate\Pipeline\Pipeline->Illuminate\Pipeline\{closure}(Object(Illuminate\Http\Request))
#7 /home1/kmalith2/eonepisode/vendor/laravel/framework/src/Illuminate/Pipeline/Pipeline.php(125): Illuminate\Cookie\Middleware\AddQueuedCookiesToResponse->handle(Object(Illuminate\Http\Request), Object(Closure))
#8 /home1/kmalith2/eonepisode/vendor/laravel/framework/src/Illuminate/Cookie/Middleware/EncryptCookies.php(40): Illuminate\Pipeline\Pipeline->Illuminate\Pipeline\{closure}(Object(Illuminate\Http\Request))
#9 /home1/kmalith2/eonepisode/vendor/laravel/framework/src/Illuminate/Pipeline/Pipeline.php(125): Illuminate\Cookie\Middleware\EncryptCookies->handle(Object(Illuminate\Http\Request), Object(Closure))
#10 /home1/kmalith2/eonepisode/app/Http/Middleware/CheckForMaintenanceMode.php(26): Illuminate\Pipeline\Pipeline->Illuminate\Pipeline\{closure}(Object(Illuminate\Http\Request))
#11 /home1/kmalith2/eonepisode/vendor/laravel/framework/src/Illuminate/Pipeline/Pipeline.php(125): App\Http\Middleware\CheckForMaintenanceMode->handle(Object(Illuminate\Http\Request), Object(Closure))
#12 [internal function]: Illuminate\Pipeline\Pipeline->Illuminate\Pipeline\{closure}(Object(Illuminate\Http\Request))
#13 /home1/kmalith2/eonepisode/vendor/laravel/framework/src/Illuminate/Pipeline/Pipeline.php(100): call_user_func(Object(Closure), Object(Illuminate\Http\Request))
#14 /home1/kmalith2/eonepisode/vendor/laravel/framework/src/Illuminate/Foundation/Http/Kernel.php(111): Illuminate\Pipeline\Pipeline->then(Object(Closure))
#15 /home1/kmalith2/eonepisode/vendor/laravel/framework/src/Illuminate/Foundation/Http/Kernel.php(84): Illuminate\Foundation\Http\Kernel->sendRequestThroughRouter(Object(Illuminate\Http\Request))
#16 /home1/kmalith2/public_html/index.php(53): Illuminate\Foundation\Http\Kernel->handle(Object(Illuminate\Http\Request))
#17 {main}  
[2026-09-07 03:09:38] local.ERROR: Illuminate\Session\TokenMismatchException in /home1/kmalith2/eonepisode/vendor/laravel/framework/src/Illuminate/Foundation/Http/Middleware/VerifyCsrfToken.php:46
Stack trace:
#0 /home1/kmalith2/eonepisode/app/Http/Middleware/VerifyCsrfToken.php(17): Illuminate\Foundation\Http\Middleware\VerifyCsrfToken->handle(Object(Illuminate\Http\Request), Object(Closure))
#1 /home1/kmalith2/eonepisode/vendor/laravel/framework/src/Illuminate/Pipeline/Pipeline.php(125): App\Http\Middleware\VerifyCsrfToken->handle(Object(Illuminate\Http\Request), Object(Closure))
#2 /home1/kmalith2/eonepisode/vendor/laravel/framework/src/Illuminate/View/Middleware/ShareErrorsFromSession.php(55): Illuminate\Pipeline\Pipeline->Illuminate\Pipeline\{closure}(Object(Illuminate\Http\Request))
#3 /home1/kmalith2/eonepisode/vendor/laravel/framework/src/Illuminate/Pipeline/Pipeline.php(125): Illuminate\View\Middleware\ShareErrorsFromSession->handle(Object(Illuminate\Http\Request), Object(Closure))
#4 /home1/kmalith2/eonepisode/vendor/laravel/framework/src/Illuminate/Session/Middleware/StartSession.php(61): Illuminate\Pipeline\Pipeline->Illuminate\Pipeline\{closure}(Object(Illuminate\Http\Request))
#5 /home1/kmalith2/eonepisode/vendor/laravel/framework/src/Illuminate/Pipeline/Pipeline.php(125): Illuminate\Session\Middleware\StartSession->handle(Object(Illuminate\Http\Request), Object(Closure))
#6 /home1/kmalith2/eonepisode/vendor/laravel/framework/src/Illuminate/Cookie/Middleware/AddQueuedCookiesToResponse.php(36): Illuminate\Pipeline\Pipeline->Illuminate\Pipeline\{closure}(Object(Illuminate\Http\Request))
#7 /home1/kmalith2/eonepisode/vendor/laravel/framework/src/Illuminate/Pipeline/Pipeline.php(125): Illuminate\Cookie\Middleware\AddQueuedCookiesToResponse->handle(Object(Illuminate\Http\Request), Object(Closure))
#8 /home1/kmalith2/eonepisode/vendor/laravel/framework/src/Illuminate/Cookie/Middleware/EncryptCookies.php(40): Illuminate\Pipeline\Pipeline->Illuminate\Pipeline\{closure}(Object(Illuminate\Http\Request))
#9 /home1/kmalith2/eonepisode/vendor/laravel/framework/src/Illuminate/Pipeline/Pipeline.php(125): Illuminate\Cookie\Middleware\EncryptCookies->handle(Object(Illuminate\Http\Request), Object(Closure))
#10 /home1/kmalith2/eonepisode/app/Http/Middleware/CheckForMaintenanceMode.php(26): Illuminate\Pipeline\Pipeline->Illuminate\Pipeline\{closure}(Object(Illuminate\Http\Request))
#11 /home1/kmalith2/eonepisode/vendor/laravel/framework/src/Illuminate/Pipeline/Pipeline.php(125): App\Http\Middleware\CheckForMaintenanceMode->handle(Object(Illuminate\Http\Request), Object(Closure))
#12 [internal function]: Illuminate\Pipeline\Pipeline->Illuminate\Pipeline\{closure}(Object(Illuminate\Http\Request))
#13 /home1/kmalith2/eonepisode/vendor/laravel/framework/src/Illuminate/Pipeline/Pipeline.php(100): call_user_func(Object(Closure), Object(Illuminate\Http\Request))
#14 /home1/kmalith2/eonepisode/vendor/laravel/framework/src/Illuminate/Foundation/Http/Kernel.php(111): Illuminate\Pipeline\Pipeline->then(Object(Closure))
#15 /home1/kmalith2/eonepisode/vendor/laravel/framework/src/Illuminate/Foundation/Http/Kernel.php(84): Illuminate\Foundation\Http\Kernel->sendRequestThroughRouter(Object(Illuminate\Http\Request))
#16 /home1/kmalith2/public_html/index.php(53): Illuminate\Foundation\Http\Kernel->handle(Object(Illuminate\Http\Request))
#17 {main}  
[2026-09-07 03:09:40] local.ERROR: Illuminate\Session\TokenMismatchException in /home1/kmalith2/eonepisode/vendor/laravel/framework/src/Illuminate/Foundation/Http/Middleware/VerifyCsrfToken.php:46
Stack trace:
#0 /home1/kmalith2/eonepisode/app/Http/Middleware/VerifyCsrfToken.php(17): Illuminate\Foundation\Http\Middleware\VerifyCsrfToken->handle(Object(Illuminate\Http\Request), Object(Closure))
#1 /home1/kmalith2/eonepisode/vendor/laravel/framework/src/Illuminate/Pipeline/Pipeline.php(125): App\Http\Middleware\VerifyCsrfToken->handle(Object(Illuminate\Http\Request), Object(Closure))
#2 /home1/kmalith2/eonepisode/vendor/laravel/framework/src/Illuminate/View/Middleware/ShareErrorsFromSession.php(55): Illuminate\Pipeline\Pipeline->Illuminate\Pipeline\{closure}(Object(Illuminate\Http\Request))
#3 /home1/kmalith2/eonepisode/vendor/laravel/framework/src/Illuminate/Pipeline/Pipeline.php(125): Illuminate\View\Middleware\ShareErrorsFromSession->handle(Object(Illuminate\Http\Request), Object(Closure))
#4 /home1/kmalith2/eonepisode/vendor/laravel/framework/src/Illuminate/Session/Middleware/StartSession.php(61): Illuminate\Pipeline\Pipeline->Illuminate\Pipeline\{closure}(Object(Illuminate\Http\Request))
#5 /home1/kmalith2/eonepisode/vendor/laravel/framework/src/Illuminate/Pipeline/Pipeline.php(125): Illuminate\Session\Middleware\StartSession->handle(Object(Illuminate\Http\Request), Object(Closure))
#6 /home1/kmalith2/eonepisode/vendor/laravel/framework/src/Illuminate/Cookie/Middleware/AddQueuedCookiesToResponse.php(36): Illuminate\Pipeline\Pipeline->Illuminate\Pipeline\{closure}(Object(Illuminate\Http\Request))
#7 /home1/kmalith2/eonepisode/vendor/laravel/framework/src/Illuminate/Pipeline/Pipeline.php(125): Illuminate\Cookie\Middleware\AddQueuedCookiesToResponse->handle(Object(Illuminate\Http\Request), Object(Closure))
#8 /home1/kmalith2/eonepisode/vendor/laravel/framework/src/Illuminate/Cookie/Middleware/EncryptCookies.php(40): Illuminate\Pipeline\Pipeline->Illuminate\Pipeline\{closure}(Object(Illuminate\Http\Request))
#9 /home1/kmalith2/eonepisode/vendor/laravel/framework/src/Illuminate/Pipeline/Pipeline.php(125): Illuminate\Cookie\Middleware\EncryptCookies->handle(Object(Illuminate\Http\Request), Object(Closure))
#10 /home1/kmalith2/eonepisode/app/Http/Middleware/CheckForMaintenanceMode.php(26): Illuminate\Pipeline\Pipeline->Illuminate\Pipeline\{closure}(Object(Illuminate\Http\Request))
#11 /home1/kmalith2/eonepisode/vendor/laravel/framework/src/Illuminate/Pipeline/Pipeline.php(125): App\Http\Middleware\CheckForMaintenanceMode->handle(Object(Illuminate\Http\Request), Object(Closure))
#12 [internal function]: Illuminate\Pipeline\Pipeline->Illuminate\Pipeline\{closure}(Object(Illuminate\Http\Request))
#13 /home1/kmalith2/eonepisode/vendor/laravel/framework/src/Illuminate/Pipeline/Pipeline.php(100): call_user_func(Object(Closure), Object(Illuminate\Http\Request))
#14 /home1/kmalith2/eonepisode/vendor/laravel/framework/src/Illuminate/Foundation/Http/Kernel.php(111): Illuminate\Pipeline\Pipeline->then(Object(Closure))
#15 /home1/kmalith2/eonepisode/vendor/laravel/framework/src/Illuminate/Foundation/Http/Kernel.php(84): Illuminate\Foundation\Http\Kernel->sendRequestThroughRouter(Object(Illuminate\Http\Request))
#16 /home1/kmalith2/public_html/index.php(53): Illuminate\Foundation\Http\Kernel->handle(Object(Illuminate\Http\Request))
#17 {main}  
[2026-09-07 03:09:40] local.ERROR: Illuminate\Session\TokenMismatchException in /home1/kmalith2/eonepisode/vendor/laravel/framework/src/Illuminate/Foundation/Http/Middleware/VerifyCsrfToken.php:46
Stack trace:
#0 /home1/kmalith2/eonepisode/app/Http/Middleware/VerifyCsrfToken.php(17): Illuminate\Foundation\Http\Middleware\VerifyCsrfToken->handle(Object(Illuminate\Http\Request), Object(Closure))
#1 /home1/kmalith2/eonepisode/vendor/laravel/framework/src/Illuminate/Pipeline/Pipeline.php(125): App\Http\Middleware\VerifyCsrfToken->handle(Object(Illuminate\Http\Request), Object(Closure))
#2 /home1/kmalith2/eonepisode/vendor/laravel/framework/src/Illuminate/View/Middleware/ShareErrorsFromSession.php(55): Illuminate\Pipeline\Pipeline->Illuminate\Pipeline\{closure}(Object(Illuminate\Http\Request))
#3 /home1/kmalith2/eonepisode/vendor/laravel/framework/src/Illuminate/Pipeline/Pipeline.php(125): Illuminate\View\Middleware\ShareErrorsFromSession->handle(Object(Illuminate\Http\Request), Object(Closure))
#4 /home1/kmalith2/eonepisode/vendor/laravel/framework/src/Illuminate/Session/Middleware/StartSession.php(61): Illuminate\Pipeline\Pipeline->Illuminate\Pipeline\{closure}(Object(Illuminate\Http\Request))
#5 /home1/kmalith2/eonepisode/vendor/laravel/framework/src/Illuminate/Pipeline/Pipeline.php(125): Illuminate\Session\Middleware\StartSession->handle(Object(Illuminate\Http\Request), Object(Closure))
#6 /home1/kmalith2/eonepisode/vendor/laravel/framework/src/Illuminate/Cookie/Middleware/AddQueuedCookiesToResponse.php(36): Illuminate\Pipeline\Pipeline->Illuminate\Pipeline\{closure}(Object(Illuminate\Http\Request))
#7 /home1/kmalith2/eonepisode/vendor/laravel/framework/src/Illuminate/Pipeline/Pipeline.php(125): Illuminate\Cookie\Middleware\AddQueuedCookiesToResponse->handle(Object(Illuminate\Http\Request), Object(Closure))
#8 /home1/kmalith2/eonepisode/vendor/laravel/framework/src/Illuminate/Cookie/Middleware/EncryptCookies.php(40): Illuminate\Pipeline\Pipeline->Illuminate\Pipeline\{closure}(Object(Illuminate\Http\Request))
#9 /home1/kmalith2/eonepisode/vendor/laravel/framework/src/Illuminate/Pipeline/Pipeline.php(125): Illuminate\Cookie\Middleware\EncryptCookies->handle(Object(Illuminate\Http\Request), Object(Closure))
#10 /home1/kmalith2/eonepisode/app/Http/Middleware/CheckForMaintenanceMode.php(26): Illuminate\Pipeline\Pipeline->Illuminate\Pipeline\{closure}(Object(Illuminate\Http\Request))
#11 /home1/kmalith2/eonepisode/vendor/laravel/framework/src/Illuminate/Pipeline/Pipeline.php(125): App\Http\Middleware\CheckForMaintenanceMode->handle(Object(Illuminate\Http\Request), Object(Closure))
#12 [internal function]: Illuminate\Pipeline\Pipeline->Illuminate\Pipeline\{closure}(Object(Illuminate\Http\Request))
#13 /home1/kmalith2/eonepisode/vendor/laravel/framework/src/Illuminate/Pipeline/Pipeline.php(100): call_user_func(Object(Closure), Object(Illuminate\Http\Request))
#14 /home1/kmalith2/eonepisode/vendor/laravel/framework/src/Illuminate/Foundation/Http/Kernel.php(111): Illuminate\Pipeline\Pipeline->then(Object(Closure))
#15 /home1/kmalith2/eonepisode/vendor/laravel/framework/src/Illuminate/Foundation/Http/Kernel.php(84): Illuminate\Foundation\Http\Kernel->sendRequestThroughRouter(Object(Illuminate\Http\Request))
#16 /home1/kmalith2/public_html/index.php(53): Illuminate\Foundation\Http\Kernel->handle(Object(Illuminate\Http\Request))
#17 {main}  
[2026-09-07 03:09:41] local.ERROR: Illuminate\Session\TokenMismatchException in /home1/kmalith2/eonepisode/vendor/laravel/framework/src/Illuminate/Foundation/Http/Middleware/VerifyCsrfToken.php:46
Stack trace:
#0 /home1/kmalith2/eonepisode/app/Http/Middleware/VerifyCsrfToken.php(17): Illuminate\Foundation\Http\Middleware\VerifyCsrfToken->handle(Object(Illuminate\Http\Request), Object(Closure))
#1 /home1/kmalith2/eonepisode/vendor/laravel/framework/src/Illuminate/Pipeline/Pipeline.php(125): App\Http\Middleware\VerifyCsrfToken->handle(Object(Illuminate\Http\Request), Object(Closure))
#2 /home1/kmalith2/eonepisode/vendor/laravel/framework/src/Illuminate/View/Middleware/ShareErrorsFromSession.php(55): Illuminate\Pipeline\Pipeline->Illuminate\Pipeline\{closure}(Object(Illuminate\Http\Request))
#3 /home1/kmalith2/eonepisode/vendor/laravel/framework/src/Illuminate/Pipeline/Pipeline.php(125): Illuminate\View\Middleware\ShareErrorsFromSession->handle(Object(Illuminate\Http\Request), Object(Closure))
#4 /home1/kmalith2/eonepisode/vendor/laravel/framework/src/Illuminate/Session/Middleware/StartSession.php(61): Illuminate\Pipeline\Pipeline->Illuminate\Pipeline\{closure}(Object(Illuminate\Http\Request))
#5 /home1/kmalith2/eonepisode/vendor/laravel/framework/src/Illuminate/Pipeline/Pipeline.php(125): Illuminate\Session\Middleware\StartSession->handle(Object(Illuminate\Http\Request), Object(Closure))
#6 /home1/kmalith2/eonepisode/vendor/laravel/framework/src/Illuminate/Cookie/Middleware/AddQueuedCookiesToResponse.php(36): Illuminate\Pipeline\Pipeline->Illuminate\Pipeline\{closure}(Object(Illuminate\Http\Request))
#7 /home1/kmalith2/eonepisode/vendor/laravel/framework/src/Illuminate/Pipeline/Pipeline.php(125): Illuminate\Cookie\Middleware\AddQueuedCookiesToResponse->handle(Object(Illuminate\Http\Request), Object(Closure))
#8 /home1/kmalith2/eonepisode/vendor/laravel/framework/src/Illuminate/Cookie/Middleware/EncryptCookies.php(40): Illuminate\Pipeline\Pipeline->Illuminate\Pipeline\{closure}(Object(Illuminate\Http\Request))
#9 /home1/kmalith2/eonepisode/vendor/laravel/framework/src/Illuminate/Pipeline/Pipeline.php(125): Illuminate\Cookie\Middleware\EncryptCookies->handle(Object(Illuminate\Http\Request), Object(Closure))
#10 /home1/kmalith2/eonepisode/app/Http/Middleware/CheckForMaintenanceMode.php(26): Illuminate\Pipeline\Pipeline->Illuminate\Pipeline\{closure}(Object(Illuminate\Http\Request))
#11 /home1/kmalith2/eonepisode/vendor/laravel/framework/src/Illuminate/Pipeline/Pipeline.php(125): App\Http\Middleware\CheckForMaintenanceMode->handle(Object(Illuminate\Http\Request), Object(Closure))
#12 [internal function]: Illuminate\Pipeline\Pipeline->Illuminate\Pipeline\{closure}(Object(Illuminate\Http\Request))
#13 /home1/kmalith2/eonepisode/vendor/laravel/framework/src/Illuminate/Pipeline/Pipeline.php(100): call_user_func(Object(Closure), Object(Illuminate\Http\Request))
#14 /home1/kmalith2/eonepisode/vendor/laravel/framework/src/Illuminate/Foundation/Http/Kernel.php(111): Illuminate\Pipeline\Pipeline->then(Object(Closure))
#15 /home1/kmalith2/eonepisode/vendor/laravel/framework/src/Illuminate/Foundation/Http/Kernel.php(84): Illuminate\Foundation\Http\Kernel->sendRequestThroughRouter(Object(Illuminate\Http\Request))
#16 /home1/kmalith2/public_html/index.php(53): Illuminate\Foundation\Http\Kernel->handle(Object(Illuminate\Http\Request))
#17 {main}  
[2026-09-07 03:09:41] local.ERROR: Illuminate\Session\TokenMismatchException in /home1/kmalith2/eonepisode/vendor/laravel/framework/src/Illuminate/Foundation/Http/Middleware/VerifyCsrfToken.php:46
Stack trace:
#0 /home1/kmalith2/eonepisode/app/Http/Middleware/VerifyCsrfToken.php(17): Illuminate\Foundation\Http\Middleware\VerifyCsrfToken->handle(Object(Illuminate\Http\Request), Object(Closure))
#1 /home1/kmalith2/eonepisode/vendor/laravel/framework/src/Illuminate/Pipeline/Pipeline.php(125): App\Http\Middleware\VerifyCsrfToken->handle(Object(Illuminate\Http\Request), Object(Closure))
#2 /home1/kmalith2/eonepisode/vendor/laravel/framework/src/Illuminate/View/Middleware/ShareErrorsFromSession.php(55): Illuminate\Pipeline\Pipeline->Illuminate\Pipeline\{closure}(Object(Illuminate\Http\Request))
#3 /home1/kmalith2/eonepisode/vendor/laravel/framework/src/Illuminate/Pipeline/Pipeline.php(125): Illuminate\View\Middleware\ShareErrorsFromSession->handle(Object(Illuminate\Http\Request), Object(Closure))
#4 /home1/kmalith2/eonepisode/vendor/laravel/framework/src/Illuminate/Session/Middleware/StartSession.php(61): Illuminate\Pipeline\Pipeline->Illuminate\Pipeline\{closure}(Object(Illuminate\Http\Request))
#5 /home1/kmalith2/eonepisode/vendor/laravel/framework/src/Illuminate/Pipeline/Pipeline.php(125): Illuminate\Session\Middleware\StartSession->handle(Object(Illuminate\Http\Request), Object(Closure))
#6 /home1/kmalith2/eonepisode/vendor/laravel/framework/src/Illuminate/Cookie/Middleware/AddQueuedCookiesToResponse.php(36): Illuminate\Pipeline\Pipeline->Illuminate\Pipeline\{closure}(Object(Illuminate\Http\Request))
#7 /home1/kmalith2/eonepisode/vendor/laravel/framework/src/Illuminate/Pipeline/Pipeline.php(125): Illuminate\Cookie\Middleware\AddQueuedCookiesToResponse->handle(Object(Illuminate\Http\Request), Object(Closure))
#8 /home1/kmalith2/eonepisode/vendor/laravel/framework/src/Illuminate/Cookie/Middleware/EncryptCookies.php(40): Illuminate\Pipeline\Pipeline->Illuminate\Pipeline\{closure}(Object(Illuminate\Http\Request))
#9 /home1/kmalith2/eonepisode/vendor/laravel/framework/src/Illuminate/Pipeline/Pipeline.php(125): Illuminate\Cookie\Middleware\EncryptCookies->handle(Object(Illuminate\Http\Request), Object(Closure))
#10 /home1/kmalith2/eonepisode/app/Http/Middleware/CheckForMaintenanceMode.php(26): Illuminate\Pipeline\Pipeline->Illuminate\Pipeline\{closure}(Object(Illuminate\Http\Request))
#11 /home1/kmalith2/eonepisode/vendor/laravel/framework/src/Illuminate/Pipeline/Pipeline.php(125): App\Http\Middleware\CheckForMaintenanceMode->handle(Object(Illuminate\Http\Request), Object(Closure))
#12 [internal function]: Illuminate\Pipeline\Pipeline->Illuminate\Pipeline\{closure}(Object(Illuminate\Http\Request))
#13 /home1/kmalith2/eonepisode/vendor/laravel/framework/src/Illuminate/Pipeline/Pipeline.php(100): call_user_func(Object(Closure), Object(Illuminate\Http\Request))
#14 /home1/kmalith2/eonepisode/vendor/laravel/framework/src/Illuminate/Foundation/Http/Kernel.php(111): Illuminate\Pipeline\Pipeline->then(Object(Closure))
#15 /home1/kmalith2/eonepisode/vendor/laravel/framework/src/Illuminate/Foundation/Http/Kernel.php(84): Illuminate\Foundation\Http\Kernel->sendRequestThroughRouter(Object(Illuminate\Http\Request))
#16 /home1/kmalith2/public_html/index.php(53): Illuminate\Foundation\Http\Kernel->handle(Object(Illuminate\Http\Request))
#17 {main}  
[2026-09-07 03:09:43] local.ERROR: Illuminate\Session\TokenMismatchException in /home1/kmalith2/eonepisode/vendor/laravel/framework/src/Illuminate/Foundation/Http/Middleware/VerifyCsrfToken.php:46
Stack trace:
#0 /home1/kmalith2/eonepisode/app/Http/Middleware/VerifyCsrfToken.php(17): Illuminate\Foundation\Http\Middleware\VerifyCsrfToken->handle(Object(Illuminate\Http\Request), Object(Closure))
#1 /home1/kmalith2/eonepisode/vendor/laravel/framework/src/Illuminate/Pipeline/Pipeline.php(125): App\Http\Middleware\VerifyCsrfToken->handle(Object(Illuminate\Http\Request), Object(Closure))
#2 /home1/kmalith2/eonepisode/vendor/laravel/framework/src/Illuminate/View/Middleware/ShareErrorsFromSession.php(55): Illuminate\Pipeline\Pipeline->Illuminate\Pipeline\{closure}(Object(Illuminate\Http\Request))
#3 /home1/kmalith2/eonepisode/vendor/laravel/framework/src/Illuminate/Pipeline/Pipeline.php(125): Illuminate\View\Middleware\ShareErrorsFromSession->handle(Object(Illuminate\Http\Request), Object(Closure))
#4 /home1/kmalith2/eonepisode/vendor/laravel/framework/src/Illuminate/Session/Middleware/StartSession.php(61): Illuminate\Pipeline\Pipeline->Illuminate\Pipeline\{closure}(Object(Illuminate\Http\Request))
#5 /home1/kmalith2/eonepisode/vendor/laravel/framework/src/Illuminate/Pipeline/Pipeline.php(125): Illuminate\Session\Middleware\StartSession->handle(Object(Illuminate\Http\Request), Object(Closure))
#6 /home1/kmalith2/eonepisode/vendor/laravel/framework/src/Illuminate/Cookie/Middleware/AddQueuedCookiesToResponse.php(36): Illuminate\Pipeline\Pipeline->Illuminate\Pipeline\{closure}(Object(Illuminate\Http\Request))
#7 /home1/kmalith2/eonepisode/vendor/laravel/framework/src/Illuminate/Pipeline/Pipeline.php(125): Illuminate\Cookie\Middleware\AddQueuedCookiesToResponse->handle(Object(Illuminate\Http\Request), Object(Closure))
#8 /home1/kmalith2/eonepisode/vendor/laravel/framework/src/Illuminate/Cookie/Middleware/EncryptCookies.php(40): Illuminate\Pipeline\Pipeline->Illuminate\Pipeline\{closure}(Object(Illuminate\Http\Request))
#9 /home1/kmalith2/eonepisode/vendor/laravel/framework/src/Illuminate/Pipeline/Pipeline.php(125): Illuminate\Cookie\Middleware\EncryptCookies->handle(Object(Illuminate\Http\Request), Object(Closure))
#10 /home1/kmalith2/eonepisode/app/Http/Middleware/CheckForMaintenanceMode.php(26): Illuminate\Pipeline\Pipeline->Illuminate\Pipeline\{closure}(Object(Illuminate\Http\Request))
#11 /home1/kmalith2/eonepisode/vendor/laravel/framework/src/Illuminate/Pipeline/Pipeline.php(125): App\Http\Middleware\CheckForMaintenanceMode->handle(Object(Illuminate\Http\Request), Object(Closure))
#12 [internal function]: Illuminate\Pipeline\Pipeline->Illuminate\Pipeline\{closure}(Object(Illuminate\Http\Request))
#13 /home1/kmalith2/eonepisode/vendor/laravel/framework/src/Illuminate/Pipeline/Pipeline.php(100): call_user_func(Object(Closure), Object(Illuminate\Http\Request))
#14 /home1/kmalith2/eonepisode/vendor/laravel/framework/src/Illuminate/Foundation/Http/Kernel.php(111): Illuminate\Pipeline\Pipeline->then(Object(Closure))
#15 /home1/kmalith2/eonepisode/vendor/laravel/framework/src/Illuminate/Foundation/Http/Kernel.php(84): Illuminate\Foundation\Http\Kernel->sendRequestThroughRouter(Object(Illuminate\Http\Request))
#16 /home1/kmalith2/public_html/index.php(53): Illuminate\Foundation\Http\Kernel->handle(Object(Illuminate\Http\Request))
#17 {main}  
[2026-09-07 03:09:54] local.ERROR: Illuminate\Session\TokenMismatchException in /home1/kmalith2/eonepisode/vendor/laravel/framework/src/Illuminate/Foundation/Http/Middleware/VerifyCsrfToken.php:46
Stack trace:
#0 /home1/kmalith2/eonepisode/app/Http/Middleware/VerifyCsrfToken.php(17): Illuminate\Foundation\Http\Middleware\VerifyCsrfToken->handle(Object(Illuminate\Http\Request), Object(Closure))
#1 /home1/kmalith2/eonepisode/vendor/laravel/framework/src/Illuminate/Pipeline/Pipeline.php(125): App\Http\Middleware\VerifyCsrfToken->handle(Object(Illuminate\Http\Request), Object(Closure))
#2 /home1/kmalith2/eonepisode/vendor/laravel/framework/src/Illuminate/View/Middleware/ShareErrorsFromSession.php(55): Illuminate\Pipeline\Pipeline->Illuminate\Pipeline\{closure}(Object(Illuminate\Http\Request))
#3 /home1/kmalith2/eonepisode/vendor/laravel/framework/src/Illuminate/Pipeline/Pipeline.php(125): Illuminate\View\Middleware\ShareErrorsFromSession->handle(Object(Illuminate\Http\Request), Object(Closure))
#4 /home1/kmalith2/eonepisode/vendor/laravel/framework/src/Illuminate/Session/Middleware/StartSession.php(61): Illuminate\Pipeline\Pipeline->Illuminate\Pipeline\{closure}(Object(Illuminate\Http\Request))
#5 /home1/kmalith2/eonepisode/vendor/laravel/framework/src/Illuminate/Pipeline/Pipeline.php(125): Illuminate\Session\Middleware\StartSession->handle(Object(Illuminate\Http\Request), Object(Closure))
#6 /home1/kmalith2/eonepisode/vendor/laravel/framework/src/Illuminate/Cookie/Middleware/AddQueuedCookiesToResponse.php(36): Illuminate\Pipeline\Pipeline->Illuminate\Pipeline\{closure}(Object(Illuminate\Http\Request))
#7 /home1/kmalith2/eonepisode/vendor/laravel/framework/src/Illuminate/Pipeline/Pipeline.php(125): Illuminate\Cookie\Middleware\AddQueuedCookiesToResponse->handle(Object(Illuminate\Http\Request), Object(Closure))
#8 /home1/kmalith2/eonepisode/vendor/laravel/framework/src/Illuminate/Cookie/Middleware/EncryptCookies.php(40): Illuminate\Pipeline\Pipeline->Illuminate\Pipeline\{closure}(Object(Illuminate\Http\Request))
#9 /home1/kmalith2/eonepisode/vendor/laravel/framework/src/Illuminate/Pipeline/Pipeline.php(125): Illuminate\Cookie\Middleware\EncryptCookies->handle(Object(Illuminate\Http\Request), Object(Closure))
#10 /home1/kmalith2/eonepisode/app/Http/Middleware/CheckForMaintenanceMode.php(26): Illuminate\Pipeline\Pipeline->Illuminate\Pipeline\{closure}(Object(Illuminate\Http\Request))
#11 /home1/kmalith2/eonepisode/vendor/laravel/framework/src/Illuminate/Pipeline/Pipeline.php(125): App\Http\Middleware\CheckForMaintenanceMode->handle(Object(Illuminate\Http\Request), Object(Closure))
#12 [internal function]: Illuminate\Pipeline\Pipeline->Illuminate\Pipeline\{closure}(Object(Illuminate\Http\Request))
#13 /home1/kmalith2/eonepisode/vendor/laravel/framework/src/Illuminate/Pipeline/Pipeline.php(100): call_user_func(Object(Closure), Object(Illuminate\Http\Request))
#14 /home1/kmalith2/eonepisode/vendor/laravel/framework/src/Illuminate/Foundation/Http/Kernel.php(111): Illuminate\Pipeline\Pipeline->then(Object(Closure))
#15 /home1/kmalith2/eonepisode/vendor/laravel/framework/src/Illuminate/Foundation/Http/Kernel.php(84): Illuminate\Foundation\Http\Kernel->sendRequestThroughRouter(Object(Illuminate\Http\Request))
#16 /home1/kmalith2/public_html/index.php(53): Illuminate\Foundation\Http\Kernel->handle(Object(Illuminate\Http\Request))
#17 {main}  
[2026-09-07 03:09:55] local.ERROR: Illuminate\Session\TokenMismatchException in /home1/kmalith2/eonepisode/vendor/laravel/framework/src/Illuminate/Foundation/Http/Middleware/VerifyCsrfToken.php:46
Stack trace:
#0 /home1/kmalith2/eonepisode/app/Http/Middleware/VerifyCsrfToken.php(17): Illuminate\Foundation\Http\Middleware\VerifyCsrfToken->handle(Object(Illuminate\Http\Request), Object(Closure))
#1 /home1/kmalith2/eonepisode/vendor/laravel/framework/src/Illuminate/Pipeline/Pipeline.php(125): App\Http\Middleware\VerifyCsrfToken->handle(Object(Illuminate\Http\Request), Object(Closure))
#2 /home1/kmalith2/eonepisode/vendor/laravel/framework/src/Illuminate/View/Middleware/ShareErrorsFromSession.php(55): Illuminate\Pipeline\Pipeline->Illuminate\Pipeline\{closure}(Object(Illuminate\Http\Request))
#3 /home1/kmalith2/eonepisode/vendor/laravel/framework/src/Illuminate/Pipeline/Pipeline.php(125): Illuminate\View\Middleware\ShareErrorsFromSession->handle(Object(Illuminate\Http\Request), Object(Closure))
#4 /home1/kmalith2/eonepisode/vendor/laravel/framework/src/Illuminate/Session/Middleware/StartSession.php(61): Illuminate\Pipeline\Pipeline->Illuminate\Pipeline\{closure}(Object(Illuminate\Http\Request))
#5 /home1/kmalith2/eonepisode/vendor/laravel/framework/src/Illuminate/Pipeline/Pipeline.php(125): Illuminate\Session\Middleware\StartSession->handle(Object(Illuminate\Http\Request), Object(Closure))
#6 /home1/kmalith2/eonepisode/vendor/laravel/framework/src/Illuminate/Cookie/Middleware/AddQueuedCookiesToResponse.php(36): Illuminate\Pipeline\Pipeline->Illuminate\Pipeline\{closure}(Object(Illuminate\Http\Request))
#7 /home1/kmalith2/eonepisode/vendor/laravel/framework/src/Illuminate/Pipeline/Pipeline.php(125): Illuminate\Cookie\Middleware\AddQueuedCookiesToResponse->handle(Object(Illuminate\Http\Request), Object(Closure))
#8 /home1/kmalith2/eonepisode/vendor/laravel/framework/src/Illuminate/Cookie/Middleware/EncryptCookies.php(40): Illuminate\Pipeline\Pipeline->Illuminate\Pipeline\{closure}(Object(Illuminate\Http\Request))
#9 /home1/kmalith2/eonepisode/vendor/laravel/framework/src/Illuminate/Pipeline/Pipeline.php(125): Illuminate\Cookie\Middleware\EncryptCookies->handle(Object(Illuminate\Http\Request), Object(Closure))
#10 /home1/kmalith2/eonepisode/app/Http/Middleware/CheckForMaintenanceMode.php(26): Illuminate\Pipeline\Pipeline->Illuminate\Pipeline\{closure}(Object(Illuminate\Http\Request))
#11 /home1/kmalith2/eonepisode/vendor/laravel/framework/src/Illuminate/Pipeline/Pipeline.php(125): App\Http\Middleware\CheckForMaintenanceMode->handle(Object(Illuminate\Http\Request), Object(Closure))
#12 [internal function]: Illuminate\Pipeline\Pipeline->Illuminate\Pipeline\{closure}(Object(Illuminate\Http\Request))
#13 /home1/kmalith2/eonepisode/vendor/laravel/framework/src/Illuminate/Pipeline/Pipeline.php(100): call_user_func(Object(Closure), Object(Illuminate\Http\Request))
#14 /home1/kmalith2/eonepisode/vendor/laravel/framework/src/Illuminate/Foundation/Http/Kernel.php(111): Illuminate\Pipeline\Pipeline->then(Object(Closure))
#15 /home1/kmalith2/eonepisode/vendor/laravel/framework/src/Illuminate/Foundation/Http/Kernel.php(84): Illuminate\Foundation\Http\Kernel->sendRequestThroughRouter(Object(Illuminate\Http\Request))
#16 /home1/kmalith2/public_html/index.php(53): Illuminate\Foundation\Http\Kernel->handle(Object(Illuminate\Http\Request))
#17 {main}  
[2026-09-07 03:09:56] local.ERROR: Illuminate\Session\TokenMismatchException in /home1/kmalith2/eonepisode/vendor/laravel/framework/src/Illuminate/Foundation/Http/Middleware/VerifyCsrfToken.php:46
Stack trace:
#0 /home1/kmalith2/eonepisode/app/Http/Middleware/VerifyCsrfToken.php(17): Illuminate\Foundation\Http\Middleware\VerifyCsrfToken->handle(Object(Illuminate\Http\Request), Object(Closure))
#1 /home1/kmalith2/eonepisode/vendor/laravel/framework/src/Illuminate/Pipeline/Pipeline.php(125): App\Http\Middleware\VerifyCsrfToken->handle(Object(Illuminate\Http\Request), Object(Closure))
#2 /home1/kmalith2/eonepisode/vendor/laravel/framework/src/Illuminate/View/Middleware/ShareErrorsFromSession.php(55): Illuminate\Pipeline\Pipeline->Illuminate\Pipeline\{closure}(Object(Illuminate\Http\Request))
#3 /home1/kmalith2/eonepisode/vendor/laravel/framework/src/Illuminate/Pipeline/Pipeline.php(125): Illuminate\View\Middleware\ShareErrorsFromSession->handle(Object(Illuminate\Http\Request), Object(Closure))
#4 /home1/kmalith2/eonepisode/vendor/laravel/framework/src/Illuminate/Session/Middleware/StartSession.php(61): Illuminate\Pipeline\Pipeline->Illuminate\Pipeline\{closure}(Object(Illuminate\Http\Request))
#5 /home1/kmalith2/eonepisode/vendor/laravel/framework/src/Illuminate/Pipeline/Pipeline.php(125): Illuminate\Session\Middleware\StartSession->handle(Object(Illuminate\Http\Request), Object(Closure))
#6 /home1/kmalith2/eonepisode/vendor/laravel/framework/src/Illuminate/Cookie/Middleware/AddQueuedCookiesToResponse.php(36): Illuminate\Pipeline\Pipeline->Illuminate\Pipeline\{closure}(Object(Illuminate\Http\Request))
#7 /home1/kmalith2/eonepisode/vendor/laravel/framework/src/Illuminate/Pipeline/Pipeline.php(125): Illuminate\Cookie\Middleware\AddQueuedCookiesToResponse->handle(Object(Illuminate\Http\Request), Object(Closure))
#8 /home1/kmalith2/eonepisode/vendor/laravel/framework/src/Illuminate/Cookie/Middleware/EncryptCookies.php(40): Illuminate\Pipeline\Pipeline->Illuminate\Pipeline\{closure}(Object(Illuminate\Http\Request))
#9 /home1/kmalith2/eonepisode/vendor/laravel/framework/src/Illuminate/Pipeline/Pipeline.php(125): Illuminate\Cookie\Middleware\EncryptCookies->handle(Object(Illuminate\Http\Request), Object(Closure))
#10 /home1/kmalith2/eonepisode/app/Http/Middleware/CheckForMaintenanceMode.php(26): Illuminate\Pipeline\Pipeline->Illuminate\Pipeline\{closure}(Object(Illuminate\Http\Request))
#11 /home1/kmalith2/eonepisode/vendor/laravel/framework/src/Illuminate/Pipeline/Pipeline.php(125): App\Http\Middleware\CheckForMaintenanceMode->handle(Object(Illuminate\Http\Request), Object(Closure))
#12 [internal function]: Illuminate\Pipeline\Pipeline->Illuminate\Pipeline\{closure}(Object(Illuminate\Http\Request))
#13 /home1/kmalith2/eonepisode/vendor/laravel/framework/src/Illuminate/Pipeline/Pipeline.php(100): call_user_func(Object(Closure), Object(Illuminate\Http\Request))
#14 /home1/kmalith2/eonepisode/vendor/laravel/framework/src/Illuminate/Foundation/Http/Kernel.php(111): Illuminate\Pipeline\Pipeline->then(Object(Closure))
#15 /home1/kmalith2/eonepisode/vendor/laravel/framework/src/Illuminate/Foundation/Http/Kernel.php(84): Illuminate\Foundation\Http\Kernel->sendRequestThroughRouter(Object(Illuminate\Http\Request))
#16 /home1/kmalith2/public_html/index.php(53): Illuminate\Foundation\Http\Kernel->handle(Object(Illuminate\Http\Request))
#17 {main}  
[2026-09-07 03:09:56] local.ERROR: Illuminate\Session\TokenMismatchException in /home1/kmalith2/eonepisode/vendor/laravel/framework/src/Illuminate/Foundation/Http/Middleware/VerifyCsrfToken.php:46
Stack trace:
#0 /home1/kmalith2/eonepisode/app/Http/Middleware/VerifyCsrfToken.php(17): Illuminate\Foundation\Http\Middleware\VerifyCsrfToken->handle(Object(Illuminate\Http\Request), Object(Closure))
#1 /home1/kmalith2/eonepisode/vendor/laravel/framework/src/Illuminate/Pipeline/Pipeline.php(125): App\Http\Middleware\VerifyCsrfToken->handle(Object(Illuminate\Http\Request), Object(Closure))
#2 /home1/kmalith2/eonepisode/vendor/laravel/framework/src/Illuminate/View/Middleware/ShareErrorsFromSession.php(55): Illuminate\Pipeline\Pipeline->Illuminate\Pipeline\{closure}(Object(Illuminate\Http\Request))
#3 /home1/kmalith2/eonepisode/vendor/laravel/framework/src/Illuminate/Pipeline/Pipeline.php(125): Illuminate\View\Middleware\ShareErrorsFromSession->handle(Object(Illuminate\Http\Request), Object(Closure))
#4 /home1/kmalith2/eonepisode/vendor/laravel/framework/src/Illuminate/Session/Middleware/StartSession.php(61): Illuminate\Pipeline\Pipeline->Illuminate\Pipeline\{closure}(Object(Illuminate\Http\Request))
#5 /home1/kmalith2/eonepisode/vendor/laravel/framework/src/Illuminate/Pipeline/Pipeline.php(125): Illuminate\Session\Middleware\StartSession->handle(Object(Illuminate\Http\Request), Object(Closure))
#6 /home1/kmalith2/eonepisode/vendor/laravel/framework/src/Illuminate/Cookie/Middleware/AddQueuedCookiesToResponse.php(36): Illuminate\Pipeline\Pipeline->Illuminate\Pipeline\{closure}(Object(Illuminate\Http\Request))
#7 /home1/kmalith2/eonepisode/vendor/laravel/framework/src/Illuminate/Pipeline/Pipeline.php(125): Illuminate\Cookie\Middleware\AddQueuedCookiesToResponse->handle(Object(Illuminate\Http\Request), Object(Closure))
#8 /home1/kmalith2/eonepisode/vendor/laravel/framework/src/Illuminate/Cookie/Middleware/EncryptCookies.php(40): Illuminate\Pipeline\Pipeline->Illuminate\Pipeline\{closure}(Object(Illuminate\Http\Request))
#9 /home1/kmalith2/eonepisode/vendor/laravel/framework/src/Illuminate/Pipeline/Pipeline.php(125): Illuminate\Cookie\Middleware\EncryptCookies->handle(Object(Illuminate\Http\Request), Object(Closure))
#10 /home1/kmalith2/eonepisode/app/Http/Middleware/CheckForMaintenanceMode.php(26): Illuminate\Pipeline\Pipeline->Illuminate\Pipeline\{closure}(Object(Illuminate\Http\Request))
#11 /home1/kmalith2/eonepisode/vendor/laravel/framework/src/Illuminate/Pipeline/Pipeline.php(125): App\Http\Middleware\CheckForMaintenanceMode->handle(Object(Illuminate\Http\Request), Object(Closure))
#12 [internal function]: Illuminate\Pipeline\Pipeline->Illuminate\Pipeline\{closure}(Object(Illuminate\Http\Request))
#13 /home1/kmalith2/eonepisode/vendor/laravel/framework/src/Illuminate/Pipeline/Pipeline.php(100): call_user_func(Object(Closure), Object(Illuminate\Http\Request))
#14 /home1/kmalith2/eonepisode/vendor/laravel/framework/src/Illuminate/Foundation/Http/Kernel.php(111): Illuminate\Pipeline\Pipeline->then(Object(Closure))
#15 /home1/kmalith2/eonepisode/vendor/laravel/framework/src/Illuminate/Foundation/Http/Kernel.php(84): Illuminate\Foundation\Http\Kernel->sendRequestThroughRouter(Object(Illuminate\Http\Request))
#16 /home1/kmalith2/public_html/index.php(53): Illuminate\Foundation\Http\Kernel->handle(Object(Illuminate\Http\Request))
#17 {main}  
[2026-09-07 03:09:57] local.ERROR: Illuminate\Session\TokenMismatchException in /home1/kmalith2/eonepisode/vendor/laravel/framework/src/Illuminate/Foundation/Http/Middleware/VerifyCsrfToken.php:46
Stack trace:
#0 /home1/kmalith2/eonepisode/app/Http/Middleware/VerifyCsrfToken.php(17): Illuminate\Foundation\Http\Middleware\VerifyCsrfToken->handle(Object(Illuminate\Http\Request), Object(Closure))
#1 /home1/kmalith2/eonepisode/vendor/laravel/framework/src/Illuminate/Pipeline/Pipeline.php(125): App\Http\Middleware\VerifyCsrfToken->handle(Object(Illuminate\Http\Request), Object(Closure))
#2 /home1/kmalith2/eonepisode/vendor/laravel/framework/src/Illuminate/View/Middleware/ShareErrorsFromSession.php(55): Illuminate\Pipeline\Pipeline->Illuminate\Pipeline\{closure}(Object(Illuminate\Http\Request))
#3 /home1/kmalith2/eonepisode/vendor/laravel/framework/src/Illuminate/Pipeline/Pipeline.php(125): Illuminate\View\Middleware\ShareErrorsFromSession->handle(Object(Illuminate\Http\Request), Object(Closure))
#4 /home1/kmalith2/eonepisode/vendor/laravel/framework/src/Illuminate/Session/Middleware/StartSession.php(61): Illuminate\Pipeline\Pipeline->Illuminate\Pipeline\{closure}(Object(Illuminate\Http\Request))
#5 /home1/kmalith2/eonepisode/vendor/laravel/framework/src/Illuminate/Pipeline/Pipeline.php(125): Illuminate\Session\Middleware\StartSession->handle(Object(Illuminate\Http\Request), Object(Closure))
#6 /home1/kmalith2/eonepisode/vendor/laravel/framework/src/Illuminate/Cookie/Middleware/AddQueuedCookiesToResponse.php(36): Illuminate\Pipeline\Pipeline->Illuminate\Pipeline\{closure}(Object(Illuminate\Http\Request))
#7 /home1/kmalith2/eonepisode/vendor/laravel/framework/src/Illuminate/Pipeline/Pipeline.php(125): Illuminate\Cookie\Middleware\AddQueuedCookiesToResponse->handle(Object(Illuminate\Http\Request), Object(Closure))
#8 /home1/kmalith2/eonepisode/vendor/laravel/framework/src/Illuminate/Cookie/Middleware/EncryptCookies.php(40): Illuminate\Pipeline\Pipeline->Illuminate\Pipeline\{closure}(Object(Illuminate\Http\Request))
#9 /home1/kmalith2/eonepisode/vendor/laravel/framework/src/Illuminate/Pipeline/Pipeline.php(125): Illuminate\Cookie\Middleware\EncryptCookies->handle(Object(Illuminate\Http\Request), Object(Closure))
#10 /home1/kmalith2/eonepisode/app/Http/Middleware/CheckForMaintenanceMode.php(26): Illuminate\Pipeline\Pipeline->Illuminate\Pipeline\{closure}(Object(Illuminate\Http\Request))
#11 /home1/kmalith2/eonepisode/vendor/laravel/framework/src/Illuminate/Pipeline/Pipeline.php(125): App\Http\Middleware\CheckForMaintenanceMode->handle(Object(Illuminate\Http\Request), Object(Closure))
#12 [internal function]: Illuminate\Pipeline\Pipeline->Illuminate\Pipeline\{closure}(Object(Illuminate\Http\Request))
#13 /home1/kmalith2/eonepisode/vendor/laravel/framework/src/Illuminate/Pipeline/Pipeline.php(100): call_user_func(Object(Closure), Object(Illuminate\Http\Request))
#14 /home1/kmalith2/eonepisode/vendor/laravel/framework/src/Illuminate/Foundation/Http/Kernel.php(111): Illuminate\Pipeline\Pipeline->then(Object(Closure))
#15 /home1/kmalith2/eonepisode/vendor/laravel/framework/src/Illuminate/Foundation/Http/Kernel.php(84): Illuminate\Foundation\Http\Kernel->sendRequestThroughRouter(Object(Illuminate\Http\Request))
#16 /home1/kmalith2/public_html/index.php(53): Illuminate\Foundation\Http\Kernel->handle(Object(Illuminate\Http\Request))
#17 {main}  
[2026-09-07 03:09:58] local.ERROR: Illuminate\Session\TokenMismatchException in /home1/kmalith2/eonepisode/vendor/laravel/framework/src/Illuminate/Foundation/Http/Middleware/VerifyCsrfToken.php:46
Stack trace:
#0 /home1/kmalith2/eonepisode/app/Http/Middleware/VerifyCsrfToken.php(17): Illuminate\Foundation\Http\Middleware\VerifyCsrfToken->handle(Object(Illuminate\Http\Request), Object(Closure))
#1 /home1/kmalith2/eonepisode/vendor/laravel/framework/src/Illuminate/Pipeline/Pipeline.php(125): App\Http\Middleware\VerifyCsrfToken->handle(Object(Illuminate\Http\Request), Object(Closure))
#2 /home1/kmalith2/eonepisode/vendor/laravel/framework/src/Illuminate/View/Middleware/ShareErrorsFromSession.php(55): Illuminate\Pipeline\Pipeline->Illuminate\Pipeline\{closure}(Object(Illuminate\Http\Request))
#3 /home1/kmalith2/eonepisode/vendor/laravel/framework/src/Illuminate/Pipeline/Pipeline.php(125): Illuminate\View\Middleware\ShareErrorsFromSession->handle(Object(Illuminate\Http\Request), Object(Closure))
#4 /home1/kmalith2/eonepisode/vendor/laravel/framework/src/Illuminate/Session/Middleware/StartSession.php(61): Illuminate\Pipeline\Pipeline->Illuminate\Pipeline\{closure}(Object(Illuminate\Http\Request))
#5 /home1/kmalith2/eonepisode/vendor/laravel/framework/src/Illuminate/Pipeline/Pipeline.php(125): Illuminate\Session\Middleware\StartSession->handle(Object(Illuminate\Http\Request), Object(Closure))
#6 /home1/kmalith2/eonepisode/vendor/laravel/framework/src/Illuminate/Cookie/Middleware/AddQueuedCookiesToResponse.php(36): Illuminate\Pipeline\Pipeline->Illuminate\Pipeline\{closure}(Object(Illuminate\Http\Request))
#7 /home1/kmalith2/eonepisode/vendor/laravel/framework/src/Illuminate/Pipeline/Pipeline.php(125): Illuminate\Cookie\Middleware\AddQueuedCookiesToResponse->handle(Object(Illuminate\Http\Request), Object(Closure))
#8 /home1/kmalith2/eonepisode/vendor/laravel/framework/src/Illuminate/Cookie/Middleware/EncryptCookies.php(40): Illuminate\Pipeline\Pipeline->Illuminate\Pipeline\{closure}(Object(Illuminate\Http\Request))
#9 /home1/kmalith2/eonepisode/vendor/laravel/framework/src/Illuminate/Pipeline/Pipeline.php(125): Illuminate\Cookie\Middleware\EncryptCookies->handle(Object(Illuminate\Http\Request), Object(Closure))
#10 /home1/kmalith2/eonepisode/app/Http/Middleware/CheckForMaintenanceMode.php(26): Illuminate\Pipeline\Pipeline->Illuminate\Pipeline\{closure}(Object(Illuminate\Http\Request))
#11 /home1/kmalith2/eonepisode/vendor/laravel/framework/src/Illuminate/Pipeline/Pipeline.php(125): App\Http\Middleware\CheckForMaintenanceMode->handle(Object(Illuminate\Http\Request), Object(Closure))
#12 [internal function]: Illuminate\Pipeline\Pipeline->Illuminate\Pipeline\{closure}(Object(Illuminate\Http\Request))
#13 /home1/kmalith2/eonepisode/vendor/laravel/framework/src/Illuminate/Pipeline/Pipeline.php(100): call_user_func(Object(Closure), Object(Illuminate\Http\Request))
#14 /home1/kmalith2/eonepisode/vendor/laravel/framework/src/Illuminate/Foundation/Http/Kernel.php(111): Illuminate\Pipeline\Pipeline->then(Object(Closure))
#15 /home1/kmalith2/eonepisode/vendor/laravel/framework/src/Illuminate/Foundation/Http/Kernel.php(84): Illuminate\Foundation\Http\Kernel->sendRequestThroughRouter(Object(Illuminate\Http\Request))
#16 /home1/kmalith2/public_html/index.php(53): Illuminate\Foundation\Http\Kernel->handle(Object(Illuminate\Http\Request))
#17 {main}  
[2026-09-07 03:09:58] local.ERROR: Illuminate\Session\TokenMismatchException in /home1/kmalith2/eonepisode/vendor/laravel/framework/src/Illuminate/Foundation/Http/Middleware/VerifyCsrfToken.php:46
Stack trace:
#0 /home1/kmalith2/eonepisode/app/Http/Middleware/VerifyCsrfToken.php(17): Illuminate\Foundation\Http\Middleware\VerifyCsrfToken->handle(Object(Illuminate\Http\Request), Object(Closure))
#1 /home1/kmalith2/eonepisode/vendor/laravel/framework/src/Illuminate/Pipeline/Pipeline.php(125): App\Http\Middleware\VerifyCsrfToken->handle(Object(Illuminate\Http\Request), Object(Closure))
#2 /home1/kmalith2/eonepisode/vendor/laravel/framework/src/Illuminate/View/Middleware/ShareErrorsFromSession.php(55): Illuminate\Pipeline\Pipeline->Illuminate\Pipeline\{closure}(Object(Illuminate\Http\Request))
#3 /home1/kmalith2/eonepisode/vendor/laravel/framework/src/Illuminate/Pipeline/Pipeline.php(125): Illuminate\View\Middleware\ShareErrorsFromSession->handle(Object(Illuminate\Http\Request), Object(Closure))
#4 /home1/kmalith2/eonepisode/vendor/laravel/framework/src/Illuminate/Session/Middleware/StartSession.php(61): Illuminate\Pipeline\Pipeline->Illuminate\Pipeline\{closure}(Object(Illuminate\Http\Request))
#5 /home1/kmalith2/eonepisode/vendor/laravel/framework/src/Illuminate/Pipeline/Pipeline.php(125): Illuminate\Session\Middleware\StartSession->handle(Object(Illuminate\Http\Request), Object(Closure))
#6 /home1/kmalith2/eonepisode/vendor/laravel/framework/src/Illuminate/Cookie/Middleware/AddQueuedCookiesToResponse.php(36): Illuminate\Pipeline\Pipeline->Illuminate\Pipeline\{closure}(Object(Illuminate\Http\Request))
#7 /home1/kmalith2/eonepisode/vendor/laravel/framework/src/Illuminate/Pipeline/Pipeline.php(125): Illuminate\Cookie\Middleware\AddQueuedCookiesToResponse->handle(Object(Illuminate\Http\Request), Object(Closure))
#8 /home1/kmalith2/eonepisode/vendor/laravel/framework/src/Illuminate/Cookie/Middleware/EncryptCookies.php(40): Illuminate\Pipeline\Pipeline->Illuminate\Pipeline\{closure}(Object(Illuminate\Http\Request))
#9 /home1/kmalith2/eonepisode/vendor/laravel/framework/src/Illuminate/Pipeline/Pipeline.php(125): Illuminate\Cookie\Middleware\EncryptCookies->handle(Object(Illuminate\Http\Request), Object(Closure))
#10 /home1/kmalith2/eonepisode/app/Http/Middleware/CheckForMaintenanceMode.php(26): Illuminate\Pipeline\Pipeline->Illuminate\Pipeline\{closure}(Object(Illuminate\Http\Request))
#11 /home1/kmalith2/eonepisode/vendor/laravel/framework/src/Illuminate/Pipeline/Pipeline.php(125): App\Http\Middleware\CheckForMaintenanceMode->handle(Object(Illuminate\Http\Request), Object(Closure))
#12 [internal function]: Illuminate\Pipeline\Pipeline->Illuminate\Pipeline\{closure}(Object(Illuminate\Http\Request))
#13 /home1/kmalith2/eonepisode/vendor/laravel/framework/src/Illuminate/Pipeline/Pipeline.php(100): call_user_func(Object(Closure), Object(Illuminate\Http\Request))
#14 /home1/kmalith2/eonepisode/vendor/laravel/framework/src/Illuminate/Foundation/Http/Kernel.php(111): Illuminate\Pipeline\Pipeline->then(Object(Closure))
#15 /home1/kmalith2/eonepisode/vendor/laravel/framework/src/Illuminate/Foundation/Http/Kernel.php(84): Illuminate\Foundation\Http\Kernel->sendRequestThroughRouter(Object(Illuminate\Http\Request))
#16 /home1/kmalith2/public_html/index.php(53): Illuminate\Foundation\Http\Kernel->handle(Object(Illuminate\Http\Request))
#17 {main}  
[2026-09-07 03:09:59] local.ERROR: Illuminate\Session\TokenMismatchException in /home1/kmalith2/eonepisode/vendor/laravel/framework/src/Illuminate/Foundation/Http/Middleware/VerifyCsrfToken.php:46
Stack trace:
#0 /home1/kmalith2/eonepisode/app/Http/Middleware/VerifyCsrfToken.php(17): Illuminate\Foundation\Http\Middleware\VerifyCsrfToken->handle(Object(Illuminate\Http\Request), Object(Closure))
#1 /home1/kmalith2/eonepisode/vendor/laravel/framework/src/Illuminate/Pipeline/Pipeline.php(125): App\Http\Middleware\VerifyCsrfToken->handle(Object(Illuminate\Http\Request), Object(Closure))
#2 /home1/kmalith2/eonepisode/vendor/laravel/framework/src/Illuminate/View/Middleware/ShareErrorsFromSession.php(55): Illuminate\Pipeline\Pipeline->Illuminate\Pipeline\{closure}(Object(Illuminate\Http\Request))
#3 /home1/kmalith2/eonepisode/vendor/laravel/framework/src/Illuminate/Pipeline/Pipeline.php(125): Illuminate\View\Middleware\ShareErrorsFromSession->handle(Object(Illuminate\Http\Request), Object(Closure))
#4 /home1/kmalith2/eonepisode/vendor/laravel/framework/src/Illuminate/Session/Middleware/StartSession.php(61): Illuminate\Pipeline\Pipeline->Illuminate\Pipeline\{closure}(Object(Illuminate\Http\Request))
#5 /home1/kmalith2/eonepisode/vendor/laravel/framework/src/Illuminate/Pipeline/Pipeline.php(125): Illuminate\Session\Middleware\StartSession->handle(Object(Illuminate\Http\Request), Object(Closure))
#6 /home1/kmalith2/eonepisode/vendor/laravel/framework/src/Illuminate/Cookie/Middleware/AddQueuedCookiesToResponse.php(36): Illuminate\Pipeline\Pipeline->Illuminate\Pipeline\{closure}(Object(Illuminate\Http\Request))
#7 /home1/kmalith2/eonepisode/vendor/laravel/framework/src/Illuminate/Pipeline/Pipeline.php(125): Illuminate\Cookie\Middleware\AddQueuedCookiesToResponse->handle(Object(Illuminate\Http\Request), Object(Closure))
#8 /home1/kmalith2/eonepisode/vendor/laravel/framework/src/Illuminate/Cookie/Middleware/EncryptCookies.php(40): Illuminate\Pipeline\Pipeline->Illuminate\Pipeline\{closure}(Object(Illuminate\Http\Request))
#9 /home1/kmalith2/eonepisode/vendor/laravel/framework/src/Illuminate/Pipeline/Pipeline.php(125): Illuminate\Cookie\Middleware\EncryptCookies->handle(Object(Illuminate\Http\Request), Object(Closure))
#10 /home1/kmalith2/eonepisode/app/Http/Middleware/CheckForMaintenanceMode.php(26): Illuminate\Pipeline\Pipeline->Illuminate\Pipeline\{closure}(Object(Illuminate\Http\Request))
#11 /home1/kmalith2/eonepisode/vendor/laravel/framework/src/Illuminate/Pipeline/Pipeline.php(125): App\Http\Middleware\CheckForMaintenanceMode->handle(Object(Illuminate\Http\Request), Object(Closure))
#12 [internal function]: Illuminate\Pipeline\Pipeline->Illuminate\Pipeline\{closure}(Object(Illuminate\Http\Request))
#13 /home1/kmalith2/eonepisode/vendor/laravel/framework/src/Illuminate/Pipeline/Pipeline.php(100): call_user_func(Object(Closure), Object(Illuminate\Http\Request))
#14 /home1/kmalith2/eonepisode/vendor/laravel/framework/src/Illuminate/Foundation/Http/Kernel.php(111): Illuminate\Pipeline\Pipeline->then(Object(Closure))
#15 /home1/kmalith2/eonepisode/vendor/laravel/framework/src/Illuminate/Foundation/Http/Kernel.php(84): Illuminate\Foundation\Http\Kernel->sendRequestThroughRouter(Object(Illuminate\Http\Request))
#16 /home1/kmalith2/public_html/index.php(53): Illuminate\Foundation\Http\Kernel->handle(Object(Illuminate\Http\Request))
#17 {main}  
[2026-09-07 03:09:59] local.ERROR: Illuminate\Session\TokenMismatchException in /home1/kmalith2/eonepisode/vendor/laravel/framework/src/Illuminate/Foundation/Http/Middleware/VerifyCsrfToken.php:46
Stack trace:
#0 /home1/kmalith2/eonepisode/app/Http/Middleware/VerifyCsrfToken.php(17): Illuminate\Foundation\Http\Middleware\VerifyCsrfToken->handle(Object(Illuminate\Http\Request), Object(Closure))
#1 /home1/kmalith2/eonepisode/vendor/laravel/framework/src/Illuminate/Pipeline/Pipeline.php(125): App\Http\Middleware\VerifyCsrfToken->handle(Object(Illuminate\Http\Request), Object(Closure))
#2 /home1/kmalith2/eonepisode/vendor/laravel/framework/src/Illuminate/View/Middleware/ShareErrorsFromSession.php(55): Illuminate\Pipeline\Pipeline->Illuminate\Pipeline\{closure}(Object(Illuminate\Http\Request))
#3 /home1/kmalith2/eonepisode/vendor/laravel/framework/src/Illuminate/Pipeline/Pipeline.php(125): Illuminate\View\Middleware\ShareErrorsFromSession->handle(Object(Illuminate\Http\Request), Object(Closure))
#4 /home1/kmalith2/eonepisode/vendor/laravel/framework/src/Illuminate/Session/Middleware/StartSession.php(61): Illuminate\Pipeline\Pipeline->Illuminate\Pipeline\{closure}(Object(Illuminate\Http\Request))
#5 /home1/kmalith2/eonepisode/vendor/laravel/framework/src/Illuminate/Pipeline/Pipeline.php(125): Illuminate\Session\Middleware\StartSession->handle(Object(Illuminate\Http\Request), Object(Closure))
#6 /home1/kmalith2/eonepisode/vendor/laravel/framework/src/Illuminate/Cookie/Middleware/AddQueuedCookiesToResponse.php(36): Illuminate\Pipeline\Pipeline->Illuminate\Pipeline\{closure}(Object(Illuminate\Http\Request))
#7 /home1/kmalith2/eonepisode/vendor/laravel/framework/src/Illuminate/Pipeline/Pipeline.php(125): Illuminate\Cookie\Middleware\AddQueuedCookiesToResponse->handle(Object(Illuminate\Http\Request), Object(Closure))
#8 /home1/kmalith2/eonepisode/vendor/laravel/framework/src/Illuminate/Cookie/Middleware/EncryptCookies.php(40): Illuminate\Pipeline\Pipeline->Illuminate\Pipeline\{closure}(Object(Illuminate\Http\Request))
#9 /home1/kmalith2/eonepisode/vendor/laravel/framework/src/Illuminate/Pipeline/Pipeline.php(125): Illuminate\Cookie\Middleware\EncryptCookies->handle(Object(Illuminate\Http\Request), Object(Closure))
#10 /home1/kmalith2/eonepisode/app/Http/Middleware/CheckForMaintenanceMode.php(26): Illuminate\Pipeline\Pipeline->Illuminate\Pipeline\{closure}(Object(Illuminate\Http\Request))
#11 /home1/kmalith2/eonepisode/vendor/laravel/framework/src/Illuminate/Pipeline/Pipeline.php(125): App\Http\Middleware\CheckForMaintenanceMode->handle(Object(Illuminate\Http\Request), Object(Closure))
#12 [internal function]: Illuminate\Pipeline\Pipeline->Illuminate\Pipeline\{closure}(Object(Illuminate\Http\Request))
#13 /home1/kmalith2/eonepisode/vendor/laravel/framework/src/Illuminate/Pipeline/Pipeline.php(100): call_user_func(Object(Closure), Object(Illuminate\Http\Request))
#14 /home1/kmalith2/eonepisode/vendor/laravel/framework/src/Illuminate/Foundation/Http/Kernel.php(111): Illuminate\Pipeline\Pipeline->then(Object(Closure))
#15 /home1/kmalith2/eonepisode/vendor/laravel/framework/src/Illuminate/Foundation/Http/Kernel.php(84): Illuminate\Foundation\Http\Kernel->sendRequestThroughRouter(Object(Illuminate\Http\Request))
#16 /home1/kmalith2/public_html/index.php(53): Illuminate\Foundation\Http\Kernel->handle(Object(Illuminate\Http\Request))
#17 {main}  
[2026-09-07 03:10:01] local.ERROR: Illuminate\Session\TokenMismatchException in /home1/kmalith2/eonepisode/vendor/laravel/framework/src/Illuminate/Foundation/Http/Middleware/VerifyCsrfToken.php:46
Stack trace:
#0 /home1/kmalith2/eonepisode/app/Http/Middleware/VerifyCsrfToken.php(17): Illuminate\Foundation\Http\Middleware\VerifyCsrfToken->handle(Object(Illuminate\Http\Request), Object(Closure))
#1 /home1/kmalith2/eonepisode/vendor/laravel/framework/src/Illuminate/Pipeline/Pipeline.php(125): App\Http\Middleware\VerifyCsrfToken->handle(Object(Illuminate\Http\Request), Object(Closure))
#2 /home1/kmalith2/eonepisode/vendor/laravel/framework/src/Illuminate/View/Middleware/ShareErrorsFromSession.php(55): Illuminate\Pipeline\Pipeline->Illuminate\Pipeline\{closure}(Object(Illuminate\Http\Request))
#3 /home1/kmalith2/eonepisode/vendor/laravel/framework/src/Illuminate/Pipeline/Pipeline.php(125): Illuminate\View\Middleware\ShareErrorsFromSession->handle(Object(Illuminate\Http\Request), Object(Closure))
#4 /home1/kmalith2/eonepisode/vendor/laravel/framework/src/Illuminate/Session/Middleware/StartSession.php(61): Illuminate\Pipeline\Pipeline->Illuminate\Pipeline\{closure}(Object(Illuminate\Http\Request))
#5 /home1/kmalith2/eonepisode/vendor/laravel/framework/src/Illuminate/Pipeline/Pipeline.php(125): Illuminate\Session\Middleware\StartSession->handle(Object(Illuminate\Http\Request), Object(Closure))
#6 /home1/kmalith2/eonepisode/vendor/laravel/framework/src/Illuminate/Cookie/Middleware/AddQueuedCookiesToResponse.php(36): Illuminate\Pipeline\Pipeline->Illuminate\Pipeline\{closure}(Object(Illuminate\Http\Request))
#7 /home1/kmalith2/eonepisode/vendor/laravel/framework/src/Illuminate/Pipeline/Pipeline.php(125): Illuminate\Cookie\Middleware\AddQueuedCookiesToResponse->handle(Object(Illuminate\Http\Request), Object(Closure))
#8 /home1/kmalith2/eonepisode/vendor/laravel/framework/src/Illuminate/Cookie/Middleware/EncryptCookies.php(40): Illuminate\Pipeline\Pipeline->Illuminate\Pipeline\{closure}(Object(Illuminate\Http\Request))
#9 /home1/kmalith2/eonepisode/vendor/laravel/framework/src/Illuminate/Pipeline/Pipeline.php(125): Illuminate\Cookie\Middleware\EncryptCookies->handle(Object(Illuminate\Http\Request), Object(Closure))
#10 /home1/kmalith2/eonepisode/app/Http/Middleware/CheckForMaintenanceMode.php(26): Illuminate\Pipeline\Pipeline->Illuminate\Pipeline\{closure}(Object(Illuminate\Http\Request))
#11 /home1/kmalith2/eonepisode/vendor/laravel/framework/src/Illuminate/Pipeline/Pipeline.php(125): App\Http\Middleware\CheckForMaintenanceMode->handle(Object(Illuminate\Http\Request), Object(Closure))
#12 [internal function]: Illuminate\Pipeline\Pipeline->Illuminate\Pipeline\{closure}(Object(Illuminate\Http\Request))
#13 /home1/kmalith2/eonepisode/vendor/laravel/framework/src/Illuminate/Pipeline/Pipeline.php(100): call_user_func(Object(Closure), Object(Illuminate\Http\Request))
#14 /home1/kmalith2/eonepisode/vendor/laravel/framework/src/Illuminate/Foundation/Http/Kernel.php(111): Illuminate\Pipeline\Pipeline->then(Object(Closure))
#15 /home1/kmalith2/eonepisode/vendor/laravel/framework/src/Illuminate/Foundation/Http/Kernel.php(84): Illuminate\Foundation\Http\Kernel->sendRequestThroughRouter(Object(Illuminate\Http\Request))
#16 /home1/kmalith2/public_html/index.php(53): Illuminate\Foundation\Http\Kernel->handle(Object(Illuminate\Http\Request))
#17 {main}  
[2026-09-07 03:10:02] local.ERROR: Illuminate\Session\TokenMismatchException in /home1/kmalith2/eonepisode/vendor/laravel/framework/src/Illuminate/Foundation/Http/Middleware/VerifyCsrfToken.php:46
Stack trace:
#0 /home1/kmalith2/eonepisode/app/Http/Middleware/VerifyCsrfToken.php(17): Illuminate\Foundation\Http\Middleware\VerifyCsrfToken->handle(Object(Illuminate\Http\Request), Object(Closure))
#1 /home1/kmalith2/eonepisode/vendor/laravel/framework/src/Illuminate/Pipeline/Pipeline.php(125): App\Http\Middleware\VerifyCsrfToken->handle(Object(Illuminate\Http\Request), Object(Closure))
#2 /home1/kmalith2/eonepisode/vendor/laravel/framework/src/Illuminate/View/Middleware/ShareErrorsFromSession.php(55): Illuminate\Pipeline\Pipeline->Illuminate\Pipeline\{closure}(Object(Illuminate\Http\Request))
#3 /home1/kmalith2/eonepisode/vendor/laravel/framework/src/Illuminate/Pipeline/Pipeline.php(125): Illuminate\View\Middleware\ShareErrorsFromSession->handle(Object(Illuminate\Http\Request), Object(Closure))
#4 /home1/kmalith2/eonepisode/vendor/laravel/framework/src/Illuminate/Session/Middleware/StartSession.php(61): Illuminate\Pipeline\Pipeline->Illuminate\Pipeline\{closure}(Object(Illuminate\Http\Request))
#5 /home1/kmalith2/eonepisode/vendor/laravel/framework/src/Illuminate/Pipeline/Pipeline.php(125): Illuminate\Session\Middleware\StartSession->handle(Object(Illuminate\Http\Request), Object(Closure))
#6 /home1/kmalith2/eonepisode/vendor/laravel/framework/src/Illuminate/Cookie/Middleware/AddQueuedCookiesToResponse.php(36): Illuminate\Pipeline\Pipeline->Illuminate\Pipeline\{closure}(Object(Illuminate\Http\Request))
#7 /home1/kmalith2/eonepisode/vendor/laravel/framework/src/Illuminate/Pipeline/Pipeline.php(125): Illuminate\Cookie\Middleware\AddQueuedCookiesToResponse->handle(Object(Illuminate\Http\Request), Object(Closure))
#8 /home1/kmalith2/eonepisode/vendor/laravel/framework/src/Illuminate/Cookie/Middleware/EncryptCookies.php(40): Illuminate\Pipeline\Pipeline->Illuminate\Pipeline\{closure}(Object(Illuminate\Http\Request))
#9 /home1/kmalith2/eonepisode/vendor/laravel/framework/src/Illuminate/Pipeline/Pipeline.php(125): Illuminate\Cookie\Middleware\EncryptCookies->handle(Object(Illuminate\Http\Request), Object(Closure))
#10 /home1/kmalith2/eonepisode/app/Http/Middleware/CheckForMaintenanceMode.php(26): Illuminate\Pipeline\Pipeline->Illuminate\Pipeline\{closure}(Object(Illuminate\Http\Request))
#11 /home1/kmalith2/eonepisode/vendor/laravel/framework/src/Illuminate/Pipeline/Pipeline.php(125): App\Http\Middleware\CheckForMaintenanceMode->handle(Object(Illuminate\Http\Request), Object(Closure))
#12 [internal function]: Illuminate\Pipeline\Pipeline->Illuminate\Pipeline\{closure}(Object(Illuminate\Http\Request))
#13 /home1/kmalith2/eonepisode/vendor/laravel/framework/src/Illuminate/Pipeline/Pipeline.php(100): call_user_func(Object(Closure), Object(Illuminate\Http\Request))
#14 /home1/kmalith2/eonepisode/vendor/laravel/framework/src/Illuminate/Foundation/Http/Kernel.php(111): Illuminate\Pipeline\Pipeline->then(Object(Closure))
#15 /home1/kmalith2/eonepisode/vendor/laravel/framework/src/Illuminate/Foundation/Http/Kernel.php(84): Illuminate\Foundation\Http\Kernel->sendRequestThroughRouter(Object(Illuminate\Http\Request))
#16 /home1/kmalith2/public_html/index.php(53): Illuminate\Foundation\Http\Kernel->handle(Object(Illuminate\Http\Request))
#17 {main}  
[2026-09-07 03:10:07] local.ERROR: Illuminate\Session\TokenMismatchException in /home1/kmalith2/eonepisode/vendor/laravel/framework/src/Illuminate/Foundation/Http/Middleware/VerifyCsrfToken.php:46
Stack trace:
#0 /home1/kmalith2/eonepisode/app/Http/Middleware/VerifyCsrfToken.php(17): Illuminate\Foundation\Http\Middleware\VerifyCsrfToken->handle(Object(Illuminate\Http\Request), Object(Closure))
#1 /home1/kmalith2/eonepisode/vendor/laravel/framework/src/Illuminate/Pipeline/Pipeline.php(125): App\Http\Middleware\VerifyCsrfToken->handle(Object(Illuminate\Http\Request), Object(Closure))
#2 /home1/kmalith2/eonepisode/vendor/laravel/framework/src/Illuminate/View/Middleware/ShareErrorsFromSession.php(55): Illuminate\Pipeline\Pipeline->Illuminate\Pipeline\{closure}(Object(Illuminate\Http\Request))
#3 /home1/kmalith2/eonepisode/vendor/laravel/framework/src/Illuminate/Pipeline/Pipeline.php(125): Illuminate\View\Middleware\ShareErrorsFromSession->handle(Object(Illuminate\Http\Request), Object(Closure))
#4 /home1/kmalith2/eonepisode/vendor/laravel/framework/src/Illuminate/Session/Middleware/StartSession.php(61): Illuminate\Pipeline\Pipeline->Illuminate\Pipeline\{closure}(Object(Illuminate\Http\Request))
#5 /home1/kmalith2/eonepisode/vendor/laravel/framework/src/Illuminate/Pipeline/Pipeline.php(125): Illuminate\Session\Middleware\StartSession->handle(Object(Illuminate\Http\Request), Object(Closure))
#6 /home1/kmalith2/eonepisode/vendor/laravel/framework/src/Illuminate/Cookie/Middleware/AddQueuedCookiesToResponse.php(36): Illuminate\Pipeline\Pipeline->Illuminate\Pipeline\{closure}(Object(Illuminate\Http\Request))
#7 /home1/kmalith2/eonepisode/vendor/laravel/framework/src/Illuminate/Pipeline/Pipeline.php(125): Illuminate\Cookie\Middleware\AddQueuedCookiesToResponse->handle(Object(Illuminate\Http\Request), Object(Closure))
#8 /home1/kmalith2/eonepisode/vendor/laravel/framework/src/Illuminate/Cookie/Middleware/EncryptCookies.php(40): Illuminate\Pipeline\Pipeline->Illuminate\Pipeline\{closure}(Object(Illuminate\Http\Request))
#9 /home1/kmalith2/eonepisode/vendor/laravel/framework/src/Illuminate/Pipeline/Pipeline.php(125): Illuminate\Cookie\Middleware\EncryptCookies->handle(Object(Illuminate\Http\Request), Object(Closure))
#10 /home1/kmalith2/eonepisode/app/Http/Middleware/CheckForMaintenanceMode.php(26): Illuminate\Pipeline\Pipeline->Illuminate\Pipeline\{closure}(Object(Illuminate\Http\Request))
#11 /home1/kmalith2/eonepisode/vendor/laravel/framework/src/Illuminate/Pipeline/Pipeline.php(125): App\Http\Middleware\CheckForMaintenanceMode->handle(Object(Illuminate\Http\Request), Object(Closure))
#12 [internal function]: Illuminate\Pipeline\Pipeline->Illuminate\Pipeline\{closure}(Object(Illuminate\Http\Request))
#13 /home1/kmalith2/eonepisode/vendor/laravel/framework/src/Illuminate/Pipeline/Pipeline.php(100): call_user_func(Object(Closure), Object(Illuminate\Http\Request))
#14 /home1/kmalith2/eonepisode/vendor/laravel/framework/src/Illuminate/Foundation/Http/Kernel.php(111): Illuminate\Pipeline\Pipeline->then(Object(Closure))
#15 /home1/kmalith2/eonepisode/vendor/laravel/framework/src/Illuminate/Foundation/Http/Kernel.php(84): Illuminate\Foundation\Http\Kernel->sendRequestThroughRouter(Object(Illuminate\Http\Request))
#16 /home1/kmalith2/public_html/index.php(53): Illuminate\Foundation\Http\Kernel->handle(Object(Illuminate\Http\Request))
#17 {main}  
[2026-09-07 03:10:07] local.ERROR: Illuminate\Session\TokenMismatchException in /home1/kmalith2/eonepisode/vendor/laravel/framework/src/Illuminate/Foundation/Http/Middleware/VerifyCsrfToken.php:46
Stack trace:
#0 /home1/kmalith2/eonepisode/app/Http/Middleware/VerifyCsrfToken.php(17): Illuminate\Foundation\Http\Middleware\VerifyCsrfToken->handle(Object(Illuminate\Http\Request), Object(Closure))
#1 /home1/kmalith2/eonepisode/vendor/laravel/framework/src/Illuminate/Pipeline/Pipeline.php(125): App\Http\Middleware\VerifyCsrfToken->handle(Object(Illuminate\Http\Request), Object(Closure))
#2 /home1/kmalith2/eonepisode/vendor/laravel/framework/src/Illuminate/View/Middleware/ShareErrorsFromSession.php(55): Illuminate\Pipeline\Pipeline->Illuminate\Pipeline\{closure}(Object(Illuminate\Http\Request))
#3 /home1/kmalith2/eonepisode/vendor/laravel/framework/src/Illuminate/Pipeline/Pipeline.php(125): Illuminate\View\Middleware\ShareErrorsFromSession->handle(Object(Illuminate\Http\Request), Object(Closure))
#4 /home1/kmalith2/eonepisode/vendor/laravel/framework/src/Illuminate/Session/Middleware/StartSession.php(61): Illuminate\Pipeline\Pipeline->Illuminate\Pipeline\{closure}(Object(Illuminate\Http\Request))
#5 /home1/kmalith2/eonepisode/vendor/laravel/framework/src/Illuminate/Pipeline/Pipeline.php(125): Illuminate\Session\Middleware\StartSession->handle(Object(Illuminate\Http\Request), Object(Closure))
#6 /home1/kmalith2/eonepisode/vendor/laravel/framework/src/Illuminate/Cookie/Middleware/AddQueuedCookiesToResponse.php(36): Illuminate\Pipeline\Pipeline->Illuminate\Pipeline\{closure}(Object(Illuminate\Http\Request))
#7 /home1/kmalith2/eonepisode/vendor/laravel/framework/src/Illuminate/Pipeline/Pipeline.php(125): Illuminate\Cookie\Middleware\AddQueuedCookiesToResponse->handle(Object(Illuminate\Http\Request), Object(Closure))
#8 /home1/kmalith2/eonepisode/vendor/laravel/framework/src/Illuminate/Cookie/Middleware/EncryptCookies.php(40): Illuminate\Pipeline\Pipeline->Illuminate\Pipeline\{closure}(Object(Illuminate\Http\Request))
#9 /home1/kmalith2/eonepisode/vendor/laravel/framework/src/Illuminate/Pipeline/Pipeline.php(125): Illuminate\Cookie\Middleware\EncryptCookies->handle(Object(Illuminate\Http\Request), Object(Closure))
#10 /home1/kmalith2/eonepisode/app/Http/Middleware/CheckForMaintenanceMode.php(26): Illuminate\Pipeline\Pipeline->Illuminate\Pipeline\{closure}(Object(Illuminate\Http\Request))
#11 /home1/kmalith2/eonepisode/vendor/laravel/framework/src/Illuminate/Pipeline/Pipeline.php(125): App\Http\Middleware\CheckForMaintenanceMode->handle(Object(Illuminate\Http\Request), Object(Closure))
#12 [internal function]: Illuminate\Pipeline\Pipeline->Illuminate\Pipeline\{closure}(Object(Illuminate\Http\Request))
#13 /home1/kmalith2/eonepisode/vendor/laravel/framework/src/Illuminate/Pipeline/Pipeline.php(100): call_user_func(Object(Closure), Object(Illuminate\Http\Request))
#14 /home1/kmalith2/eonepisode/vendor/laravel/framework/src/Illuminate/Foundation/Http/Kernel.php(111): Illuminate\Pipeline\Pipeline->then(Object(Closure))
#15 /home1/kmalith2/eonepisode/vendor/laravel/framework/src/Illuminate/Foundation/Http/Kernel.php(84): Illuminate\Foundation\Http\Kernel->sendRequestThroughRouter(Object(Illuminate\Http\Request))
#16 /home1/kmalith2/public_html/index.php(53): Illuminate\Foundation\Http\Kernel->handle(Object(Illuminate\Http\Request))
#17 {main}  
[2026-09-07 03:10:08] local.ERROR: Illuminate\Session\TokenMismatchException in /home1/kmalith2/eonepisode/vendor/laravel/framework/src/Illuminate/Foundation/Http/Middleware/VerifyCsrfToken.php:46
Stack trace:
#0 /home1/kmalith2/eonepisode/app/Http/Middleware/VerifyCsrfToken.php(17): Illuminate\Foundation\Http\Middleware\VerifyCsrfToken->handle(Object(Illuminate\Http\Request), Object(Closure))
#1 /home1/kmalith2/eonepisode/vendor/laravel/framework/src/Illuminate/Pipeline/Pipeline.php(125): App\Http\Middleware\VerifyCsrfToken->handle(Object(Illuminate\Http\Request), Object(Closure))
#2 /home1/kmalith2/eonepisode/vendor/laravel/framework/src/Illuminate/View/Middleware/ShareErrorsFromSession.php(55): Illuminate\Pipeline\Pipeline->Illuminate\Pipeline\{closure}(Object(Illuminate\Http\Request))
#3 /home1/kmalith2/eonepisode/vendor/laravel/framework/src/Illuminate/Pipeline/Pipeline.php(125): Illuminate\View\Middleware\ShareErrorsFromSession->handle(Object(Illuminate\Http\Request), Object(Closure))
#4 /home1/kmalith2/eonepisode/vendor/laravel/framework/src/Illuminate/Session/Middleware/StartSession.php(61): Illuminate\Pipeline\Pipeline->Illuminate\Pipeline\{closure}(Object(Illuminate\Http\Request))
#5 /home1/kmalith2/eonepisode/vendor/laravel/framework/src/Illuminate/Pipeline/Pipeline.php(125): Illuminate\Session\Middleware\StartSession->handle(Object(Illuminate\Http\Request), Object(Closure))
#6 /home1/kmalith2/eonepisode/vendor/laravel/framework/src/Illuminate/Cookie/Middleware/AddQueuedCookiesToResponse.php(36): Illuminate\Pipeline\Pipeline->Illuminate\Pipeline\{closure}(Object(Illuminate\Http\Request))
#7 /home1/kmalith2/eonepisode/vendor/laravel/framework/src/Illuminate/Pipeline/Pipeline.php(125): Illuminate\Cookie\Middleware\AddQueuedCookiesToResponse->handle(Object(Illuminate\Http\Request), Object(Closure))
#8 /home1/kmalith2/eonepisode/vendor/laravel/framework/src/Illuminate/Cookie/Middleware/EncryptCookies.php(40): Illuminate\Pipeline\Pipeline->Illuminate\Pipeline\{closure}(Object(Illuminate\Http\Request))
#9 /home1/kmalith2/eonepisode/vendor/laravel/framework/src/Illuminate/Pipeline/Pipeline.php(125): Illuminate\Cookie\Middleware\EncryptCookies->handle(Object(Illuminate\Http\Request), Object(Closure))
#10 /home1/kmalith2/eonepisode/app/Http/Middleware/CheckForMaintenanceMode.php(26): Illuminate\Pipeline\Pipeline->Illuminate\Pipeline\{closure}(Object(Illuminate\Http\Request))
#11 /home1/kmalith2/eonepisode/vendor/laravel/framework/src/Illuminate/Pipeline/Pipeline.php(125): App\Http\Middleware\CheckForMaintenanceMode->handle(Object(Illuminate\Http\Request), Object(Closure))
#12 [internal function]: Illuminate\Pipeline\Pipeline->Illuminate\Pipeline\{closure}(Object(Illuminate\Http\Request))
#13 /home1/kmalith2/eonepisode/vendor/laravel/framework/src/Illuminate/Pipeline/Pipeline.php(100): call_user_func(Object(Closure), Object(Illuminate\Http\Request))
#14 /home1/kmalith2/eonepisode/vendor/laravel/framework/src/Illuminate/Foundation/Http/Kernel.php(111): Illuminate\Pipeline\Pipeline->then(Object(Closure))
#15 /home1/kmalith2/eonepisode/vendor/laravel/framework/src/Illuminate/Foundation/Http/Kernel.php(84): Illuminate\Foundation\Http\Kernel->sendRequestThroughRouter(Object(Illuminate\Http\Request))
#16 /home1/kmalith2/public_html/index.php(53): Illuminate\Foundation\Http\Kernel->handle(Object(Illuminate\Http\Request))
#17 {main}  
[2026-09-07 03:10:09] local.ERROR: Illuminate\Session\TokenMismatchException in /home1/kmalith2/eonepisode/vendor/laravel/framework/src/Illuminate/Foundation/Http/Middleware/VerifyCsrfToken.php:46
Stack trace:
#0 /home1/kmalith2/eonepisode/app/Http/Middleware/VerifyCsrfToken.php(17): Illuminate\Foundation\Http\Middleware\VerifyCsrfToken->handle(Object(Illuminate\Http\Request), Object(Closure))
#1 /home1/kmalith2/eonepisode/vendor/laravel/framework/src/Illuminate/Pipeline/Pipeline.php(125): App\Http\Middleware\VerifyCsrfToken->handle(Object(Illuminate\Http\Request), Object(Closure))
#2 /home1/kmalith2/eonepisode/vendor/laravel/framework/src/Illuminate/View/Middleware/ShareErrorsFromSession.php(55): Illuminate\Pipeline\Pipeline->Illuminate\Pipeline\{closure}(Object(Illuminate\Http\Request))
#3 /home1/kmalith2/eonepisode/vendor/laravel/framework/src/Illuminate/Pipeline/Pipeline.php(125): Illuminate\View\Middleware\ShareErrorsFromSession->handle(Object(Illuminate\Http\Request), Object(Closure))
#4 /home1/kmalith2/eonepisode/vendor/laravel/framework/src/Illuminate/Session/Middleware/StartSession.php(61): Illuminate\Pipeline\Pipeline->Illuminate\Pipeline\{closure}(Object(Illuminate\Http\Request))
#5 /home1/kmalith2/eonepisode/vendor/laravel/framework/src/Illuminate/Pipeline/Pipeline.php(125): Illuminate\Session\Middleware\StartSession->handle(Object(Illuminate\Http\Request), Object(Closure))
#6 /home1/kmalith2/eonepisode/vendor/laravel/framework/src/Illuminate/Cookie/Middleware/AddQueuedCookiesToResponse.php(36): Illuminate\Pipeline\Pipeline->Illuminate\Pipeline\{closure}(Object(Illuminate\Http\Request))
#7 /home1/kmalith2/eonepisode/vendor/laravel/framework/src/Illuminate/Pipeline/Pipeline.php(125): Illuminate\Cookie\Middleware\AddQueuedCookiesToResponse->handle(Object(Illuminate\Http\Request), Object(Closure))
#8 /home1/kmalith2/eonepisode/vendor/laravel/framework/src/Illuminate/Cookie/Middleware/EncryptCookies.php(40): Illuminate\Pipeline\Pipeline->Illuminate\Pipeline\{closure}(Object(Illuminate\Http\Request))
#9 /home1/kmalith2/eonepisode/vendor/laravel/framework/src/Illuminate/Pipeline/Pipeline.php(125): Illuminate\Cookie\Middleware\EncryptCookies->handle(Object(Illuminate\Http\Request), Object(Closure))
#10 /home1/kmalith2/eonepisode/app/Http/Middleware/CheckForMaintenanceMode.php(26): Illuminate\Pipeline\Pipeline->Illuminate\Pipeline\{closure}(Object(Illuminate\Http\Request))
#11 /home1/kmalith2/eonepisode/vendor/laravel/framework/src/Illuminate/Pipeline/Pipeline.php(125): App\Http\Middleware\CheckForMaintenanceMode->handle(Object(Illuminate\Http\Request), Object(Closure))
#12 [internal function]: Illuminate\Pipeline\Pipeline->Illuminate\Pipeline\{closure}(Object(Illuminate\Http\Request))
#13 /home1/kmalith2/eonepisode/vendor/laravel/framework/src/Illuminate/Pipeline/Pipeline.php(100): call_user_func(Object(Closure), Object(Illuminate\Http\Request))
#14 /home1/kmalith2/eonepisode/vendor/laravel/framework/src/Illuminate/Foundation/Http/Kernel.php(111): Illuminate\Pipeline\Pipeline->then(Object(Closure))
#15 /home1/kmalith2/eonepisode/vendor/laravel/framework/src/Illuminate/Foundation/Http/Kernel.php(84): Illuminate\Foundation\Http\Kernel->sendRequestThroughRouter(Object(Illuminate\Http\Request))
#16 /home1/kmalith2/public_html/index.php(53): Illuminate\Foundation\Http\Kernel->handle(Object(Illuminate\Http\Request))
#17 {main}  
[2026-09-07 03:10:21] local.ERROR: Illuminate\Session\TokenMismatchException in /home1/kmalith2/eonepisode/vendor/laravel/framework/src/Illuminate/Foundation/Http/Middleware/VerifyCsrfToken.php:46
Stack trace:
#0 /home1/kmalith2/eonepisode/app/Http/Middleware/VerifyCsrfToken.php(17): Illuminate\Foundation\Http\Middleware\VerifyCsrfToken->handle(Object(Illuminate\Http\Request), Object(Closure))
#1 /home1/kmalith2/eonepisode/vendor/laravel/framework/src/Illuminate/Pipeline/Pipeline.php(125): App\Http\Middleware\VerifyCsrfToken->handle(Object(Illuminate\Http\Request), Object(Closure))
#2 /home1/kmalith2/eonepisode/vendor/laravel/framework/src/Illuminate/View/Middleware/ShareErrorsFromSession.php(55): Illuminate\Pipeline\Pipeline->Illuminate\Pipeline\{closure}(Object(Illuminate\Http\Request))
#3 /home1/kmalith2/eonepisode/vendor/laravel/framework/src/Illuminate/Pipeline/Pipeline.php(125): Illuminate\View\Middleware\ShareErrorsFromSession->handle(Object(Illuminate\Http\Request), Object(Closure))
#4 /home1/kmalith2/eonepisode/vendor/laravel/framework/src/Illuminate/Session/Middleware/StartSession.php(61): Illuminate\Pipeline\Pipeline->Illuminate\Pipeline\{closure}(Object(Illuminate\Http\Request))
#5 /home1/kmalith2/eonepisode/vendor/laravel/framework/src/Illuminate/Pipeline/Pipeline.php(125): Illuminate\Session\Middleware\StartSession->handle(Object(Illuminate\Http\Request), Object(Closure))
#6 /home1/kmalith2/eonepisode/vendor/laravel/framework/src/Illuminate/Cookie/Middleware/AddQueuedCookiesToResponse.php(36): Illuminate\Pipeline\Pipeline->Illuminate\Pipeline\{closure}(Object(Illuminate\Http\Request))
#7 /home1/kmalith2/eonepisode/vendor/laravel/framework/src/Illuminate/Pipeline/Pipeline.php(125): Illuminate\Cookie\Middleware\AddQueuedCookiesToResponse->handle(Object(Illuminate\Http\Request), Object(Closure))
#8 /home1/kmalith2/eonepisode/vendor/laravel/framework/src/Illuminate/Cookie/Middleware/EncryptCookies.php(40): Illuminate\Pipeline\Pipeline->Illuminate\Pipeline\{closure}(Object(Illuminate\Http\Request))
#9 /home1/kmalith2/eonepisode/vendor/laravel/framework/src/Illuminate/Pipeline/Pipeline.php(125): Illuminate\Cookie\Middleware\EncryptCookies->handle(Object(Illuminate\Http\Request), Object(Closure))
#10 /home1/kmalith2/eonepisode/app/Http/Middleware/CheckForMaintenanceMode.php(26): Illuminate\Pipeline\Pipeline->Illuminate\Pipeline\{closure}(Object(Illuminate\Http\Request))
#11 /home1/kmalith2/eonepisode/vendor/laravel/framework/src/Illuminate/Pipeline/Pipeline.php(125): App\Http\Middleware\CheckForMaintenanceMode->handle(Object(Illuminate\Http\Request), Object(Closure))
#12 [internal function]: Illuminate\Pipeline\Pipeline->Illuminate\Pipeline\{closure}(Object(Illuminate\Http\Request))
#13 /home1/kmalith2/eonepisode/vendor/laravel/framework/src/Illuminate/Pipeline/Pipeline.php(100): call_user_func(Object(Closure), Object(Illuminate\Http\Request))
#14 /home1/kmalith2/eonepisode/vendor/laravel/framework/src/Illuminate/Foundation/Http/Kernel.php(111): Illuminate\Pipeline\Pipeline->then(Object(Closure))
#15 /home1/kmalith2/eonepisode/vendor/laravel/framework/src/Illuminate/Foundation/Http/Kernel.php(84): Illuminate\Foundation\Http\Kernel->sendRequestThroughRouter(Object(Illuminate\Http\Request))
#16 /home1/kmalith2/public_html/index.php(53): Illuminate\Foundation\Http\Kernel->handle(Object(Illuminate\Http\Request))
#17 {main}  
[2026-09-07 03:10:22] local.ERROR: Illuminate\Session\TokenMismatchException in /home1/kmalith2/eonepisode/vendor/laravel/framework/src/Illuminate/Foundation/Http/Middleware/VerifyCsrfToken.php:46
Stack trace:
#0 /home1/kmalith2/eonepisode/app/Http/Middleware/VerifyCsrfToken.php(17): Illuminate\Foundation\Http\Middleware\VerifyCsrfToken->handle(Object(Illuminate\Http\Request), Object(Closure))
#1 /home1/kmalith2/eonepisode/vendor/laravel/framework/src/Illuminate/Pipeline/Pipeline.php(125): App\Http\Middleware\VerifyCsrfToken->handle(Object(Illuminate\Http\Request), Object(Closure))
#2 /home1/kmalith2/eonepisode/vendor/laravel/framework/src/Illuminate/View/Middleware/ShareErrorsFromSession.php(55): Illuminate\Pipeline\Pipeline->Illuminate\Pipeline\{closure}(Object(Illuminate\Http\Request))
#3 /home1/kmalith2/eonepisode/vendor/laravel/framework/src/Illuminate/Pipeline/Pipeline.php(125): Illuminate\View\Middleware\ShareErrorsFromSession->handle(Object(Illuminate\Http\Request), Object(Closure))
#4 /home1/kmalith2/eonepisode/vendor/laravel/framework/src/Illuminate/Session/Middleware/StartSession.php(61): Illuminate\Pipeline\Pipeline->Illuminate\Pipeline\{closure}(Object(Illuminate\Http\Request))
#5 /home1/kmalith2/eonepisode/vendor/laravel/framework/src/Illuminate/Pipeline/Pipeline.php(125): Illuminate\Session\Middleware\StartSession->handle(Object(Illuminate\Http\Request), Object(Closure))
#6 /home1/kmalith2/eonepisode/vendor/laravel/framework/src/Illuminate/Cookie/Middleware/AddQueuedCookiesToResponse.php(36): Illuminate\Pipeline\Pipeline->Illuminate\Pipeline\{closure}(Object(Illuminate\Http\Request))
#7 /home1/kmalith2/eonepisode/vendor/laravel/framework/src/Illuminate/Pipeline/Pipeline.php(125): Illuminate\Cookie\Middleware\AddQueuedCookiesToResponse->handle(Object(Illuminate\Http\Request), Object(Closure))
#8 /home1/kmalith2/eonepisode/vendor/laravel/framework/src/Illuminate/Cookie/Middleware/EncryptCookies.php(40): Illuminate\Pipeline\Pipeline->Illuminate\Pipeline\{closure}(Object(Illuminate\Http\Request))
#9 /home1/kmalith2/eonepisode/vendor/laravel/framework/src/Illuminate/Pipeline/Pipeline.php(125): Illuminate\Cookie\Middleware\EncryptCookies->handle(Object(Illuminate\Http\Request), Object(Closure))
#10 /home1/kmalith2/eonepisode/app/Http/Middleware/CheckForMaintenanceMode.php(26): Illuminate\Pipeline\Pipeline->Illuminate\Pipeline\{closure}(Object(Illuminate\Http\Request))
#11 /home1/kmalith2/eonepisode/vendor/laravel/framework/src/Illuminate/Pipeline/Pipeline.php(125): App\Http\Middleware\CheckForMaintenanceMode->handle(Object(Illuminate\Http\Request), Object(Closure))
#12 [internal function]: Illuminate\Pipeline\Pipeline->Illuminate\Pipeline\{closure}(Object(Illuminate\Http\Request))
#13 /home1/kmalith2/eonepisode/vendor/laravel/framework/src/Illuminate/Pipeline/Pipeline.php(100): call_user_func(Object(Closure), Object(Illuminate\Http\Request))
#14 /home1/kmalith2/eonepisode/vendor/laravel/framework/src/Illuminate/Foundation/Http/Kernel.php(111): Illuminate\Pipeline\Pipeline->then(Object(Closure))
#15 /home1/kmalith2/eonepisode/vendor/laravel/framework/src/Illuminate/Foundation/Http/Kernel.php(84): Illuminate\Foundation\Http\Kernel->sendRequestThroughRouter(Object(Illuminate\Http\Request))
#16 /home1/kmalith2/public_html/index.php(53): Illuminate\Foundation\Http\Kernel->handle(Object(Illuminate\Http\Request))
#17 {main}  
[2026-09-07 03:10:23] local.ERROR: Illuminate\Session\TokenMismatchException in /home1/kmalith2/eonepisode/vendor/laravel/framework/src/Illuminate/Foundation/Http/Middleware/VerifyCsrfToken.php:46
Stack trace:
#0 /home1/kmalith2/eonepisode/app/Http/Middleware/VerifyCsrfToken.php(17): Illuminate\Foundation\Http\Middleware\VerifyCsrfToken->handle(Object(Illuminate\Http\Request), Object(Closure))
#1 /home1/kmalith2/eonepisode/vendor/laravel/framework/src/Illuminate/Pipeline/Pipeline.php(125): App\Http\Middleware\VerifyCsrfToken->handle(Object(Illuminate\Http\Request), Object(Closure))
#2 /home1/kmalith2/eonepisode/vendor/laravel/framework/src/Illuminate/View/Middleware/ShareErrorsFromSession.php(55): Illuminate\Pipeline\Pipeline->Illuminate\Pipeline\{closure}(Object(Illuminate\Http\Request))
#3 /home1/kmalith2/eonepisode/vendor/laravel/framework/src/Illuminate/Pipeline/Pipeline.php(125): Illuminate\View\Middleware\ShareErrorsFromSession->handle(Object(Illuminate\Http\Request), Object(Closure))
#4 /home1/kmalith2/eonepisode/vendor/laravel/framework/src/Illuminate/Session/Middleware/StartSession.php(61): Illuminate\Pipeline\Pipeline->Illuminate\Pipeline\{closure}(Object(Illuminate\Http\Request))
#5 /home1/kmalith2/eonepisode/vendor/laravel/framework/src/Illuminate/Pipeline/Pipeline.php(125): Illuminate\Session\Middleware\StartSession->handle(Object(Illuminate\Http\Request), Object(Closure))
#6 /home1/kmalith2/eonepisode/vendor/laravel/framework/src/Illuminate/Cookie/Middleware/AddQueuedCookiesToResponse.php(36): Illuminate\Pipeline\Pipeline->Illuminate\Pipeline\{closure}(Object(Illuminate\Http\Request))
#7 /home1/kmalith2/eonepisode/vendor/laravel/framework/src/Illuminate/Pipeline/Pipeline.php(125): Illuminate\Cookie\Middleware\AddQueuedCookiesToResponse->handle(Object(Illuminate\Http\Request), Object(Closure))
#8 /home1/kmalith2/eonepisode/vendor/laravel/framework/src/Illuminate/Cookie/Middleware/EncryptCookies.php(40): Illuminate\Pipeline\Pipeline->Illuminate\Pipeline\{closure}(Object(Illuminate\Http\Request))
#9 /home1/kmalith2/eonepisode/vendor/laravel/framework/src/Illuminate/Pipeline/Pipeline.php(125): Illuminate\Cookie\Middleware\EncryptCookies->handle(Object(Illuminate\Http\Request), Object(Closure))
#10 /home1/kmalith2/eonepisode/app/Http/Middleware/CheckForMaintenanceMode.php(26): Illuminate\Pipeline\Pipeline->Illuminate\Pipeline\{closure}(Object(Illuminate\Http\Request))
#11 /home1/kmalith2/eonepisode/vendor/laravel/framework/src/Illuminate/Pipeline/Pipeline.php(125): App\Http\Middleware\CheckForMaintenanceMode->handle(Object(Illuminate\Http\Request), Object(Closure))
#12 [internal function]: Illuminate\Pipeline\Pipeline->Illuminate\Pipeline\{closure}(Object(Illuminate\Http\Request))
#13 /home1/kmalith2/eonepisode/vendor/laravel/framework/src/Illuminate/Pipeline/Pipeline.php(100): call_user_func(Object(Closure), Object(Illuminate\Http\Request))
#14 /home1/kmalith2/eonepisode/vendor/laravel/framework/src/Illuminate/Foundation/Http/Kernel.php(111): Illuminate\Pipeline\Pipeline->then(Object(Closure))
#15 /home1/kmalith2/eonepisode/vendor/laravel/framework/src/Illuminate/Foundation/Http/Kernel.php(84): Illuminate\Foundation\Http\Kernel->sendRequestThroughRouter(Object(Illuminate\Http\Request))
#16 /home1/kmalith2/public_html/index.php(53): Illuminate\Foundation\Http\Kernel->handle(Object(Illuminate\Http\Request))
#17 {main}  
[2026-09-07 03:10:23] local.ERROR: Illuminate\Session\TokenMismatchException in /home1/kmalith2/eonepisode/vendor/laravel/framework/src/Illuminate/Foundation/Http/Middleware/VerifyCsrfToken.php:46
Stack trace:
#0 /home1/kmalith2/eonepisode/app/Http/Middleware/VerifyCsrfToken.php(17): Illuminate\Foundation\Http\Middleware\VerifyCsrfToken->handle(Object(Illuminate\Http\Request), Object(Closure))
#1 /home1/kmalith2/eonepisode/vendor/laravel/framework/src/Illuminate/Pipeline/Pipeline.php(125): App\Http\Middleware\VerifyCsrfToken->handle(Object(Illuminate\Http\Request), Object(Closure))
#2 /home1/kmalith2/eonepisode/vendor/laravel/framework/src/Illuminate/View/Middleware/ShareErrorsFromSession.php(55): Illuminate\Pipeline\Pipeline->Illuminate\Pipeline\{closure}(Object(Illuminate\Http\Request))
#3 /home1/kmalith2/eonepisode/vendor/laravel/framework/src/Illuminate/Pipeline/Pipeline.php(125): Illuminate\View\Middleware\ShareErrorsFromSession->handle(Object(Illuminate\Http\Request), Object(Closure))
#4 /home1/kmalith2/eonepisode/vendor/laravel/framework/src/Illuminate/Session/Middleware/StartSession.php(61): Illuminate\Pipeline\Pipeline->Illuminate\Pipeline\{closure}(Object(Illuminate\Http\Request))
#5 /home1/kmalith2/eonepisode/vendor/laravel/framework/src/Illuminate/Pipeline/Pipeline.php(125): Illuminate\Session\Middleware\StartSession->handle(Object(Illuminate\Http\Request), Object(Closure))
#6 /home1/kmalith2/eonepisode/vendor/laravel/framework/src/Illuminate/Cookie/Middleware/AddQueuedCookiesToResponse.php(36): Illuminate\Pipeline\Pipeline->Illuminate\Pipeline\{closure}(Object(Illuminate\Http\Request))
#7 /home1/kmalith2/eonepisode/vendor/laravel/framework/src/Illuminate/Pipeline/Pipeline.php(125): Illuminate\Cookie\Middleware\AddQueuedCookiesToResponse->handle(Object(Illuminate\Http\Request), Object(Closure))
#8 /home1/kmalith2/eonepisode/vendor/laravel/framework/src/Illuminate/Cookie/Middleware/EncryptCookies.php(40): Illuminate\Pipeline\Pipeline->Illuminate\Pipeline\{closure}(Object(Illuminate\Http\Request))
#9 /home1/kmalith2/eonepisode/vendor/laravel/framework/src/Illuminate/Pipeline/Pipeline.php(125): Illuminate\Cookie\Middleware\EncryptCookies->handle(Object(Illuminate\Http\Request), Object(Closure))
#10 /home1/kmalith2/eonepisode/app/Http/Middleware/CheckForMaintenanceMode.php(26): Illuminate\Pipeline\Pipeline->Illuminate\Pipeline\{closure}(Object(Illuminate\Http\Request))
#11 /home1/kmalith2/eonepisode/vendor/laravel/framework/src/Illuminate/Pipeline/Pipeline.php(125): App\Http\Middleware\CheckForMaintenanceMode->handle(Object(Illuminate\Http\Request), Object(Closure))
#12 [internal function]: Illuminate\Pipeline\Pipeline->Illuminate\Pipeline\{closure}(Object(Illuminate\Http\Request))
#13 /home1/kmalith2/eonepisode/vendor/laravel/framework/src/Illuminate/Pipeline/Pipeline.php(100): call_user_func(Object(Closure), Object(Illuminate\Http\Request))
#14 /home1/kmalith2/eonepisode/vendor/laravel/framework/src/Illuminate/Foundation/Http/Kernel.php(111): Illuminate\Pipeline\Pipeline->then(Object(Closure))
#15 /home1/kmalith2/eonepisode/vendor/laravel/framework/src/Illuminate/Foundation/Http/Kernel.php(84): Illuminate\Foundation\Http\Kernel->sendRequestThroughRouter(Object(Illuminate\Http\Request))
#16 /home1/kmalith2/public_html/index.php(53): Illuminate\Foundation\Http\Kernel->handle(Object(Illuminate\Http\Request))
#17 {main}  
[2026-09-07 03:10:27] local.ERROR: Illuminate\Session\TokenMismatchException in /home1/kmalith2/eonepisode/vendor/laravel/framework/src/Illuminate/Foundation/Http/Middleware/VerifyCsrfToken.php:46
Stack trace:
#0 /home1/kmalith2/eonepisode/app/Http/Middleware/VerifyCsrfToken.php(17): Illuminate\Foundation\Http\Middleware\VerifyCsrfToken->handle(Object(Illuminate\Http\Request), Object(Closure))
#1 /home1/kmalith2/eonepisode/vendor/laravel/framework/src/Illuminate/Pipeline/Pipeline.php(125): App\Http\Middleware\VerifyCsrfToken->handle(Object(Illuminate\Http\Request), Object(Closure))
#2 /home1/kmalith2/eonepisode/vendor/laravel/framework/src/Illuminate/View/Middleware/ShareErrorsFromSession.php(55): Illuminate\Pipeline\Pipeline->Illuminate\Pipeline\{closure}(Object(Illuminate\Http\Request))
#3 /home1/kmalith2/eonepisode/vendor/laravel/framework/src/Illuminate/Pipeline/Pipeline.php(125): Illuminate\View\Middleware\ShareErrorsFromSession->handle(Object(Illuminate\Http\Request), Object(Closure))
#4 /home1/kmalith2/eonepisode/vendor/laravel/framework/src/Illuminate/Session/Middleware/StartSession.php(61): Illuminate\Pipeline\Pipeline->Illuminate\Pipeline\{closure}(Object(Illuminate\Http\Request))
#5 /home1/kmalith2/eonepisode/vendor/laravel/framework/src/Illuminate/Pipeline/Pipeline.php(125): Illuminate\Session\Middleware\StartSession->handle(Object(Illuminate\Http\Request), Object(Closure))
#6 /home1/kmalith2/eonepisode/vendor/laravel/framework/src/Illuminate/Cookie/Middleware/AddQueuedCookiesToResponse.php(36): Illuminate\Pipeline\Pipeline->Illuminate\Pipeline\{closure}(Object(Illuminate\Http\Request))
#7 /home1/kmalith2/eonepisode/vendor/laravel/framework/src/Illuminate/Pipeline/Pipeline.php(125): Illuminate\Cookie\Middleware\AddQueuedCookiesToResponse->handle(Object(Illuminate\Http\Request), Object(Closure))
#8 /home1/kmalith2/eonepisode/vendor/laravel/framework/src/Illuminate/Cookie/Middleware/EncryptCookies.php(40): Illuminate\Pipeline\Pipeline->Illuminate\Pipeline\{closure}(Object(Illuminate\Http\Request))
#9 /home1/kmalith2/eonepisode/vendor/laravel/framework/src/Illuminate/Pipeline/Pipeline.php(125): Illuminate\Cookie\Middleware\EncryptCookies->handle(Object(Illuminate\Http\Request), Object(Closure))
#10 /home1/kmalith2/eonepisode/app/Http/Middleware/CheckForMaintenanceMode.php(26): Illuminate\Pipeline\Pipeline->Illuminate\Pipeline\{closure}(Object(Illuminate\Http\Request))
#11 /home1/kmalith2/eonepisode/vendor/laravel/framework/src/Illuminate/Pipeline/Pipeline.php(125): App\Http\Middleware\CheckForMaintenanceMode->handle(Object(Illuminate\Http\Request), Object(Closure))
#12 [internal function]: Illuminate\Pipeline\Pipeline->Illuminate\Pipeline\{closure}(Object(Illuminate\Http\Request))
#13 /home1/kmalith2/eonepisode/vendor/laravel/framework/src/Illuminate/Pipeline/Pipeline.php(100): call_user_func(Object(Closure), Object(Illuminate\Http\Request))
#14 /home1/kmalith2/eonepisode/vendor/laravel/framework/src/Illuminate/Foundation/Http/Kernel.php(111): Illuminate\Pipeline\Pipeline->then(Object(Closure))
#15 /home1/kmalith2/eonepisode/vendor/laravel/framework/src/Illuminate/Foundation/Http/Kernel.php(84): Illuminate\Foundation\Http\Kernel->sendRequestThroughRouter(Object(Illuminate\Http\Request))
#16 /home1/kmalith2/public_html/index.php(53): Illuminate\Foundation\Http\Kernel->handle(Object(Illuminate\Http\Request))
#17 {main}  
[2026-09-07 03:10:36] local.ERROR: Illuminate\Session\TokenMismatchException in /home1/kmalith2/eonepisode/vendor/laravel/framework/src/Illuminate/Foundation/Http/Middleware/VerifyCsrfToken.php:46
Stack trace:
#0 /home1/kmalith2/eonepisode/app/Http/Middleware/VerifyCsrfToken.php(17): Illuminate\Foundation\Http\Middleware\VerifyCsrfToken->handle(Object(Illuminate\Http\Request), Object(Closure))
#1 /home1/kmalith2/eonepisode/vendor/laravel/framework/src/Illuminate/Pipeline/Pipeline.php(125): App\Http\Middleware\VerifyCsrfToken->handle(Object(Illuminate\Http\Request), Object(Closure))
#2 /home1/kmalith2/eonepisode/vendor/laravel/framework/src/Illuminate/View/Middleware/ShareErrorsFromSession.php(55): Illuminate\Pipeline\Pipeline->Illuminate\Pipeline\{closure}(Object(Illuminate\Http\Request))
#3 /home1/kmalith2/eonepisode/vendor/laravel/framework/src/Illuminate/Pipeline/Pipeline.php(125): Illuminate\View\Middleware\ShareErrorsFromSession->handle(Object(Illuminate\Http\Request), Object(Closure))
#4 /home1/kmalith2/eonepisode/vendor/laravel/framework/src/Illuminate/Session/Middleware/StartSession.php(61): Illuminate\Pipeline\Pipeline->Illuminate\Pipeline\{closure}(Object(Illuminate\Http\Request))
#5 /home1/kmalith2/eonepisode/vendor/laravel/framework/src/Illuminate/Pipeline/Pipeline.php(125): Illuminate\Session\Middleware\StartSession->handle(Object(Illuminate\Http\Request), Object(Closure))
#6 /home1/kmalith2/eonepisode/vendor/laravel/framework/src/Illuminate/Cookie/Middleware/AddQueuedCookiesToResponse.php(36): Illuminate\Pipeline\Pipeline->Illuminate\Pipeline\{closure}(Object(Illuminate\Http\Request))
#7 /home1/kmalith2/eonepisode/vendor/laravel/framework/src/Illuminate/Pipeline/Pipeline.php(125): Illuminate\Cookie\Middleware\AddQueuedCookiesToResponse->handle(Object(Illuminate\Http\Request), Object(Closure))
#8 /home1/kmalith2/eonepisode/vendor/laravel/framework/src/Illuminate/Cookie/Middleware/EncryptCookies.php(40): Illuminate\Pipeline\Pipeline->Illuminate\Pipeline\{closure}(Object(Illuminate\Http\Request))
#9 /home1/kmalith2/eonepisode/vendor/laravel/framework/src/Illuminate/Pipeline/Pipeline.php(125): Illuminate\Cookie\Middleware\EncryptCookies->handle(Object(Illuminate\Http\Request), Object(Closure))
#10 /home1/kmalith2/eonepisode/app/Http/Middleware/CheckForMaintenanceMode.php(26): Illuminate\Pipeline\Pipeline->Illuminate\Pipeline\{closure}(Object(Illuminate\Http\Request))
#11 /home1/kmalith2/eonepisode/vendor/laravel/framework/src/Illuminate/Pipeline/Pipeline.php(125): App\Http\Middleware\CheckForMaintenanceMode->handle(Object(Illuminate\Http\Request), Object(Closure))
#12 [internal function]: Illuminate\Pipeline\Pipeline->Illuminate\Pipeline\{closure}(Object(Illuminate\Http\Request))
#13 /home1/kmalith2/eonepisode/vendor/laravel/framework/src/Illuminate/Pipeline/Pipeline.php(100): call_user_func(Object(Closure), Object(Illuminate\Http\Request))
#14 /home1/kmalith2/eonepisode/vendor/laravel/framework/src/Illuminate/Foundation/Http/Kernel.php(111): Illuminate\Pipeline\Pipeline->then(Object(Closure))
#15 /home1/kmalith2/eonepisode/vendor/laravel/framework/src/Illuminate/Foundation/Http/Kernel.php(84): Illuminate\Foundation\Http\Kernel->sendRequestThroughRouter(Object(Illuminate\Http\Request))
#16 /home1/kmalith2/public_html/index.php(53): Illuminate\Foundation\Http\Kernel->handle(Object(Illuminate\Http\Request))
#17 {main}  
[2026-09-07 03:10:37] local.ERROR: Illuminate\Session\TokenMismatchException in /home1/kmalith2/eonepisode/vendor/laravel/framework/src/Illuminate/Foundation/Http/Middleware/VerifyCsrfToken.php:46
Stack trace:
#0 /home1/kmalith2/eonepisode/app/Http/Middleware/VerifyCsrfToken.php(17): Illuminate\Foundation\Http\Middleware\VerifyCsrfToken->handle(Object(Illuminate\Http\Request), Object(Closure))
#1 /home1/kmalith2/eonepisode/vendor/laravel/framework/src/Illuminate/Pipeline/Pipeline.php(125): App\Http\Middleware\VerifyCsrfToken->handle(Object(Illuminate\Http\Request), Object(Closure))
#2 /home1/kmalith2/eonepisode/vendor/laravel/framework/src/Illuminate/View/Middleware/ShareErrorsFromSession.php(55): Illuminate\Pipeline\Pipeline->Illuminate\Pipeline\{closure}(Object(Illuminate\Http\Request))
#3 /home1/kmalith2/eonepisode/vendor/laravel/framework/src/Illuminate/Pipeline/Pipeline.php(125): Illuminate\View\Middleware\ShareErrorsFromSession->handle(Object(Illuminate\Http\Request), Object(Closure))
#4 /home1/kmalith2/eonepisode/vendor/laravel/framework/src/Illuminate/Session/Middleware/StartSession.php(61): Illuminate\Pipeline\Pipeline->Illuminate\Pipeline\{closure}(Object(Illuminate\Http\Request))
#5 /home1/kmalith2/eonepisode/vendor/laravel/framework/src/Illuminate/Pipeline/Pipeline.php(125): Illuminate\Session\Middleware\StartSession->handle(Object(Illuminate\Http\Request), Object(Closure))
#6 /home1/kmalith2/eonepisode/vendor/laravel/framework/src/Illuminate/Cookie/Middleware/AddQueuedCookiesToResponse.php(36): Illuminate\Pipeline\Pipeline->Illuminate\Pipeline\{closure}(Object(Illuminate\Http\Request))
#7 /home1/kmalith2/eonepisode/vendor/laravel/framework/src/Illuminate/Pipeline/Pipeline.php(125): Illuminate\Cookie\Middleware\AddQueuedCookiesToResponse->handle(Object(Illuminate\Http\Request), Object(Closure))
#8 /home1/kmalith2/eonepisode/vendor/laravel/framework/src/Illuminate/Cookie/Middleware/EncryptCookies.php(40): Illuminate\Pipeline\Pipeline->Illuminate\Pipeline\{closure}(Object(Illuminate\Http\Request))
#9 /home1/kmalith2/eonepisode/vendor/laravel/framework/src/Illuminate/Pipeline/Pipeline.php(125): Illuminate\Cookie\Middleware\EncryptCookies->handle(Object(Illuminate\Http\Request), Object(Closure))
#10 /home1/kmalith2/eonepisode/app/Http/Middleware/CheckForMaintenanceMode.php(26): Illuminate\Pipeline\Pipeline->Illuminate\Pipeline\{closure}(Object(Illuminate\Http\Request))
#11 /home1/kmalith2/eonepisode/vendor/laravel/framework/src/Illuminate/Pipeline/Pipeline.php(125): App\Http\Middleware\CheckForMaintenanceMode->handle(Object(Illuminate\Http\Request), Object(Closure))
#12 [internal function]: Illuminate\Pipeline\Pipeline->Illuminate\Pipeline\{closure}(Object(Illuminate\Http\Request))
#13 /home1/kmalith2/eonepisode/vendor/laravel/framework/src/Illuminate/Pipeline/Pipeline.php(100): call_user_func(Object(Closure), Object(Illuminate\Http\Request))
#14 /home1/kmalith2/eonepisode/vendor/laravel/framework/src/Illuminate/Foundation/Http/Kernel.php(111): Illuminate\Pipeline\Pipeline->then(Object(Closure))
#15 /home1/kmalith2/eonepisode/vendor/laravel/framework/src/Illuminate/Foundation/Http/Kernel.php(84): Illuminate\Foundation\Http\Kernel->sendRequestThroughRouter(Object(Illuminate\Http\Request))
#16 /home1/kmalith2/public_html/index.php(53): Illuminate\Foundation\Http\Kernel->handle(Object(Illuminate\Http\Request))
#17 {main}  
[2026-09-07 03:10:37] local.ERROR: Illuminate\Session\TokenMismatchException in /home1/kmalith2/eonepisode/vendor/laravel/framework/src/Illuminate/Foundation/Http/Middleware/VerifyCsrfToken.php:46
Stack trace:
#0 /home1/kmalith2/eonepisode/app/Http/Middleware/VerifyCsrfToken.php(17): Illuminate\Foundation\Http\Middleware\VerifyCsrfToken->handle(Object(Illuminate\Http\Request), Object(Closure))
#1 /home1/kmalith2/eonepisode/vendor/laravel/framework/src/Illuminate/Pipeline/Pipeline.php(125): App\Http\Middleware\VerifyCsrfToken->handle(Object(Illuminate\Http\Request), Object(Closure))
#2 /home1/kmalith2/eonepisode/vendor/laravel/framework/src/Illuminate/View/Middleware/ShareErrorsFromSession.php(55): Illuminate\Pipeline\Pipeline->Illuminate\Pipeline\{closure}(Object(Illuminate\Http\Request))
#3 /home1/kmalith2/eonepisode/vendor/laravel/framework/src/Illuminate/Pipeline/Pipeline.php(125): Illuminate\View\Middleware\ShareErrorsFromSession->handle(Object(Illuminate\Http\Request), Object(Closure))
#4 /home1/kmalith2/eonepisode/vendor/laravel/framework/src/Illuminate/Session/Middleware/StartSession.php(61): Illuminate\Pipeline\Pipeline->Illuminate\Pipeline\{closure}(Object(Illuminate\Http\Request))
#5 /home1/kmalith2/eonepisode/vendor/laravel/framework/src/Illuminate/Pipeline/Pipeline.php(125): Illuminate\Session\Middleware\StartSession->handle(Object(Illuminate\Http\Request), Object(Closure))
#6 /home1/kmalith2/eonepisode/vendor/laravel/framework/src/Illuminate/Cookie/Middleware/AddQueuedCookiesToResponse.php(36): Illuminate\Pipeline\Pipeline->Illuminate\Pipeline\{closure}(Object(Illuminate\Http\Request))
#7 /home1/kmalith2/eonepisode/vendor/laravel/framework/src/Illuminate/Pipeline/Pipeline.php(125): Illuminate\Cookie\Middleware\AddQueuedCookiesToResponse->handle(Object(Illuminate\Http\Request), Object(Closure))
#8 /home1/kmalith2/eonepisode/vendor/laravel/framework/src/Illuminate/Cookie/Middleware/EncryptCookies.php(40): Illuminate\Pipeline\Pipeline->Illuminate\Pipeline\{closure}(Object(Illuminate\Http\Request))
#9 /home1/kmalith2/eonepisode/vendor/laravel/framework/src/Illuminate/Pipeline/Pipeline.php(125): Illuminate\Cookie\Middleware\EncryptCookies->handle(Object(Illuminate\Http\Request), Object(Closure))
#10 /home1/kmalith2/eonepisode/app/Http/Middleware/CheckForMaintenanceMode.php(26): Illuminate\Pipeline\Pipeline->Illuminate\Pipeline\{closure}(Object(Illuminate\Http\Request))
#11 /home1/kmalith2/eonepisode/vendor/laravel/framework/src/Illuminate/Pipeline/Pipeline.php(125): App\Http\Middleware\CheckForMaintenanceMode->handle(Object(Illuminate\Http\Request), Object(Closure))
#12 [internal function]: Illuminate\Pipeline\Pipeline->Illuminate\Pipeline\{closure}(Object(Illuminate\Http\Request))
#13 /home1/kmalith2/eonepisode/vendor/laravel/framework/src/Illuminate/Pipeline/Pipeline.php(100): call_user_func(Object(Closure), Object(Illuminate\Http\Request))
#14 /home1/kmalith2/eonepisode/vendor/laravel/framework/src/Illuminate/Foundation/Http/Kernel.php(111): Illuminate\Pipeline\Pipeline->then(Object(Closure))
#15 /home1/kmalith2/eonepisode/vendor/laravel/framework/src/Illuminate/Foundation/Http/Kernel.php(84): Illuminate\Foundation\Http\Kernel->sendRequestThroughRouter(Object(Illuminate\Http\Request))
#16 /home1/kmalith2/public_html/index.php(53): Illuminate\Foundation\Http\Kernel->handle(Object(Illuminate\Http\Request))
#17 {main}  
[2026-09-07 03:10:38] local.ERROR: Illuminate\Session\TokenMismatchException in /home1/kmalith2/eonepisode/vendor/laravel/framework/src/Illuminate/Foundation/Http/Middleware/VerifyCsrfToken.php:46
Stack trace:
#0 /home1/kmalith2/eonepisode/app/Http/Middleware/VerifyCsrfToken.php(17): Illuminate\Foundation\Http\Middleware\VerifyCsrfToken->handle(Object(Illuminate\Http\Request), Object(Closure))
#1 /home1/kmalith2/eonepisode/vendor/laravel/framework/src/Illuminate/Pipeline/Pipeline.php(125): App\Http\Middleware\VerifyCsrfToken->handle(Object(Illuminate\Http\Request), Object(Closure))
#2 /home1/kmalith2/eonepisode/vendor/laravel/framework/src/Illuminate/View/Middleware/ShareErrorsFromSession.php(55): Illuminate\Pipeline\Pipeline->Illuminate\Pipeline\{closure}(Object(Illuminate\Http\Request))
#3 /home1/kmalith2/eonepisode/vendor/laravel/framework/src/Illuminate/Pipeline/Pipeline.php(125): Illuminate\View\Middleware\ShareErrorsFromSession->handle(Object(Illuminate\Http\Request), Object(Closure))
#4 /home1/kmalith2/eonepisode/vendor/laravel/framework/src/Illuminate/Session/Middleware/StartSession.php(61): Illuminate\Pipeline\Pipeline->Illuminate\Pipeline\{closure}(Object(Illuminate\Http\Request))
#5 /home1/kmalith2/eonepisode/vendor/laravel/framework/src/Illuminate/Pipeline/Pipeline.php(125): Illuminate\Session\Middleware\StartSession->handle(Object(Illuminate\Http\Request), Object(Closure))
#6 /home1/kmalith2/eonepisode/vendor/laravel/framework/src/Illuminate/Cookie/Middleware/AddQueuedCookiesToResponse.php(36): Illuminate\Pipeline\Pipeline->Illuminate\Pipeline\{closure}(Object(Illuminate\Http\Request))
#7 /home1/kmalith2/eonepisode/vendor/laravel/framework/src/Illuminate/Pipeline/Pipeline.php(125): Illuminate\Cookie\Middleware\AddQueuedCookiesToResponse->handle(Object(Illuminate\Http\Request), Object(Closure))
#8 /home1/kmalith2/eonepisode/vendor/laravel/framework/src/Illuminate/Cookie/Middleware/EncryptCookies.php(40): Illuminate\Pipeline\Pipeline->Illuminate\Pipeline\{closure}(Object(Illuminate\Http\Request))
#9 /home1/kmalith2/eonepisode/vendor/laravel/framework/src/Illuminate/Pipeline/Pipeline.php(125): Illuminate\Cookie\Middleware\EncryptCookies->handle(Object(Illuminate\Http\Request), Object(Closure))
#10 /home1/kmalith2/eonepisode/app/Http/Middleware/CheckForMaintenanceMode.php(26): Illuminate\Pipeline\Pipeline->Illuminate\Pipeline\{closure}(Object(Illuminate\Http\Request))
#11 /home1/kmalith2/eonepisode/vendor/laravel/framework/src/Illuminate/Pipeline/Pipeline.php(125): App\Http\Middleware\CheckForMaintenanceMode->handle(Object(Illuminate\Http\Request), Object(Closure))
#12 [internal function]: Illuminate\Pipeline\Pipeline->Illuminate\Pipeline\{closure}(Object(Illuminate\Http\Request))
#13 /home1/kmalith2/eonepisode/vendor/laravel/framework/src/Illuminate/Pipeline/Pipeline.php(100): call_user_func(Object(Closure), Object(Illuminate\Http\Request))
#14 /home1/kmalith2/eonepisode/vendor/laravel/framework/src/Illuminate/Foundation/Http/Kernel.php(111): Illuminate\Pipeline\Pipeline->then(Object(Closure))
#15 /home1/kmalith2/eonepisode/vendor/laravel/framework/src/Illuminate/Foundation/Http/Kernel.php(84): Illuminate\Foundation\Http\Kernel->sendRequestThroughRouter(Object(Illuminate\Http\Request))
#16 /home1/kmalith2/public_html/index.php(53): Illuminate\Foundation\Http\Kernel->handle(Object(Illuminate\Http\Request))
#17 {main}  
[2026-09-07 03:10:39] local.ERROR: Illuminate\Session\TokenMismatchException in /home1/kmalith2/eonepisode/vendor/laravel/framework/src/Illuminate/Foundation/Http/Middleware/VerifyCsrfToken.php:46
Stack trace:
#0 /home1/kmalith2/eonepisode/app/Http/Middleware/VerifyCsrfToken.php(17): Illuminate\Foundation\Http\Middleware\VerifyCsrfToken->handle(Object(Illuminate\Http\Request), Object(Closure))
#1 /home1/kmalith2/eonepisode/vendor/laravel/framework/src/Illuminate/Pipeline/Pipeline.php(125): App\Http\Middleware\VerifyCsrfToken->handle(Object(Illuminate\Http\Request), Object(Closure))
#2 /home1/kmalith2/eonepisode/vendor/laravel/framework/src/Illuminate/View/Middleware/ShareErrorsFromSession.php(55): Illuminate\Pipeline\Pipeline->Illuminate\Pipeline\{closure}(Object(Illuminate\Http\Request))
#3 /home1/kmalith2/eonepisode/vendor/laravel/framework/src/Illuminate/Pipeline/Pipeline.php(125): Illuminate\View\Middleware\ShareErrorsFromSession->handle(Object(Illuminate\Http\Request), Object(Closure))
#4 /home1/kmalith2/eonepisode/vendor/laravel/framework/src/Illuminate/Session/Middleware/StartSession.php(61): Illuminate\Pipeline\Pipeline->Illuminate\Pipeline\{closure}(Object(Illuminate\Http\Request))
#5 /home1/kmalith2/eonepisode/vendor/laravel/framework/src/Illuminate/Pipeline/Pipeline.php(125): Illuminate\Session\Middleware\StartSession->handle(Object(Illuminate\Http\Request), Object(Closure))
#6 /home1/kmalith2/eonepisode/vendor/laravel/framework/src/Illuminate/Cookie/Middleware/AddQueuedCookiesToResponse.php(36): Illuminate\Pipeline\Pipeline->Illuminate\Pipeline\{closure}(Object(Illuminate\Http\Request))
#7 /home1/kmalith2/eonepisode/vendor/laravel/framework/src/Illuminate/Pipeline/Pipeline.php(125): Illuminate\Cookie\Middleware\AddQueuedCookiesToResponse->handle(Object(Illuminate\Http\Request), Object(Closure))
#8 /home1/kmalith2/eonepisode/vendor/laravel/framework/src/Illuminate/Cookie/Middleware/EncryptCookies.php(40): Illuminate\Pipeline\Pipeline->Illuminate\Pipeline\{closure}(Object(Illuminate\Http\Request))
#9 /home1/kmalith2/eonepisode/vendor/laravel/framework/src/Illuminate/Pipeline/Pipeline.php(125): Illuminate\Cookie\Middleware\EncryptCookies->handle(Object(Illuminate\Http\Request), Object(Closure))
#10 /home1/kmalith2/eonepisode/app/Http/Middleware/CheckForMaintenanceMode.php(26): Illuminate\Pipeline\Pipeline->Illuminate\Pipeline\{closure}(Object(Illuminate\Http\Request))
#11 /home1/kmalith2/eonepisode/vendor/laravel/framework/src/Illuminate/Pipeline/Pipeline.php(125): App\Http\Middleware\CheckForMaintenanceMode->handle(Object(Illuminate\Http\Request), Object(Closure))
#12 [internal function]: Illuminate\Pipeline\Pipeline->Illuminate\Pipeline\{closure}(Object(Illuminate\Http\Request))
#13 /home1/kmalith2/eonepisode/vendor/laravel/framework/src/Illuminate/Pipeline/Pipeline.php(100): call_user_func(Object(Closure), Object(Illuminate\Http\Request))
#14 /home1/kmalith2/eonepisode/vendor/laravel/framework/src/Illuminate/Foundation/Http/Kernel.php(111): Illuminate\Pipeline\Pipeline->then(Object(Closure))
#15 /home1/kmalith2/eonepisode/vendor/laravel/framework/src/Illuminate/Foundation/Http/Kernel.php(84): Illuminate\Foundation\Http\Kernel->sendRequestThroughRouter(Object(Illuminate\Http\Request))
#16 /home1/kmalith2/public_html/index.php(53): Illuminate\Foundation\Http\Kernel->handle(Object(Illuminate\Http\Request))
#17 {main}  
[2026-09-07 03:10:40] local.ERROR: Illuminate\Session\TokenMismatchException in /home1/kmalith2/eonepisode/vendor/laravel/framework/src/Illuminate/Foundation/Http/Middleware/VerifyCsrfToken.php:46
Stack trace:
#0 /home1/kmalith2/eonepisode/app/Http/Middleware/VerifyCsrfToken.php(17): Illuminate\Foundation\Http\Middleware\VerifyCsrfToken->handle(Object(Illuminate\Http\Request), Object(Closure))
#1 /home1/kmalith2/eonepisode/vendor/laravel/framework/src/Illuminate/Pipeline/Pipeline.php(125): App\Http\Middleware\VerifyCsrfToken->handle(Object(Illuminate\Http\Request), Object(Closure))
#2 /home1/kmalith2/eonepisode/vendor/laravel/framework/src/Illuminate/View/Middleware/ShareErrorsFromSession.php(55): Illuminate\Pipeline\Pipeline->Illuminate\Pipeline\{closure}(Object(Illuminate\Http\Request))
#3 /home1/kmalith2/eonepisode/vendor/laravel/framework/src/Illuminate/Pipeline/Pipeline.php(125): Illuminate\View\Middleware\ShareErrorsFromSession->handle(Object(Illuminate\Http\Request), Object(Closure))
#4 /home1/kmalith2/eonepisode/vendor/laravel/framework/src/Illuminate/Session/Middleware/StartSession.php(61): Illuminate\Pipeline\Pipeline->Illuminate\Pipeline\{closure}(Object(Illuminate\Http\Request))
#5 /home1/kmalith2/eonepisode/vendor/laravel/framework/src/Illuminate/Pipeline/Pipeline.php(125): Illuminate\Session\Middleware\StartSession->handle(Object(Illuminate\Http\Request), Object(Closure))
#6 /home1/kmalith2/eonepisode/vendor/laravel/framework/src/Illuminate/Cookie/Middleware/AddQueuedCookiesToResponse.php(36): Illuminate\Pipeline\Pipeline->Illuminate\Pipeline\{closure}(Object(Illuminate\Http\Request))
#7 /home1/kmalith2/eonepisode/vendor/laravel/framework/src/Illuminate/Pipeline/Pipeline.php(125): Illuminate\Cookie\Middleware\AddQueuedCookiesToResponse->handle(Object(Illuminate\Http\Request), Object(Closure))
#8 /home1/kmalith2/eonepisode/vendor/laravel/framework/src/Illuminate/Cookie/Middleware/EncryptCookies.php(40): Illuminate\Pipeline\Pipeline->Illuminate\Pipeline\{closure}(Object(Illuminate\Http\Request))
#9 /home1/kmalith2/eonepisode/vendor/laravel/framework/src/Illuminate/Pipeline/Pipeline.php(125): Illuminate\Cookie\Middleware\EncryptCookies->handle(Object(Illuminate\Http\Request), Object(Closure))
#10 /home1/kmalith2/eonepisode/app/Http/Middleware/CheckForMaintenanceMode.php(26): Illuminate\Pipeline\Pipeline->Illuminate\Pipeline\{closure}(Object(Illuminate\Http\Request))
#11 /home1/kmalith2/eonepisode/vendor/laravel/framework/src/Illuminate/Pipeline/Pipeline.php(125): App\Http\Middleware\CheckForMaintenanceMode->handle(Object(Illuminate\Http\Request), Object(Closure))
#12 [internal function]: Illuminate\Pipeline\Pipeline->Illuminate\Pipeline\{closure}(Object(Illuminate\Http\Request))
#13 /home1/kmalith2/eonepisode/vendor/laravel/framework/src/Illuminate/Pipeline/Pipeline.php(100): call_user_func(Object(Closure), Object(Illuminate\Http\Request))
#14 /home1/kmalith2/eonepisode/vendor/laravel/framework/src/Illuminate/Foundation/Http/Kernel.php(111): Illuminate\Pipeline\Pipeline->then(Object(Closure))
#15 /home1/kmalith2/eonepisode/vendor/laravel/framework/src/Illuminate/Foundation/Http/Kernel.php(84): Illuminate\Foundation\Http\Kernel->sendRequestThroughRouter(Object(Illuminate\Http\Request))
#16 /home1/kmalith2/public_html/index.php(53): Illuminate\Foundation\Http\Kernel->handle(Object(Illuminate\Http\Request))
#17 {main}  
[2026-09-07 03:10:41] local.ERROR: Illuminate\Session\TokenMismatchException in /home1/kmalith2/eonepisode/vendor/laravel/framework/src/Illuminate/Foundation/Http/Middleware/VerifyCsrfToken.php:46
Stack trace:
#0 /home1/kmalith2/eonepisode/app/Http/Middleware/VerifyCsrfToken.php(17): Illuminate\Foundation\Http\Middleware\VerifyCsrfToken->handle(Object(Illuminate\Http\Request), Object(Closure))
#1 /home1/kmalith2/eonepisode/vendor/laravel/framework/src/Illuminate/Pipeline/Pipeline.php(125): App\Http\Middleware\VerifyCsrfToken->handle(Object(Illuminate\Http\Request), Object(Closure))
#2 /home1/kmalith2/eonepisode/vendor/laravel/framework/src/Illuminate/View/Middleware/ShareErrorsFromSession.php(55): Illuminate\Pipeline\Pipeline->Illuminate\Pipeline\{closure}(Object(Illuminate\Http\Request))
#3 /home1/kmalith2/eonepisode/vendor/laravel/framework/src/Illuminate/Pipeline/Pipeline.php(125): Illuminate\View\Middleware\ShareErrorsFromSession->handle(Object(Illuminate\Http\Request), Object(Closure))
#4 /home1/kmalith2/eonepisode/vendor/laravel/framework/src/Illuminate/Session/Middleware/StartSession.php(61): Illuminate\Pipeline\Pipeline->Illuminate\Pipeline\{closure}(Object(Illuminate\Http\Request))
#5 /home1/kmalith2/eonepisode/vendor/laravel/framework/src/Illuminate/Pipeline/Pipeline.php(125): Illuminate\Session\Middleware\StartSession->handle(Object(Illuminate\Http\Request), Object(Closure))
#6 /home1/kmalith2/eonepisode/vendor/laravel/framework/src/Illuminate/Cookie/Middleware/AddQueuedCookiesToResponse.php(36): Illuminate\Pipeline\Pipeline->Illuminate\Pipeline\{closure}(Object(Illuminate\Http\Request))
#7 /home1/kmalith2/eonepisode/vendor/laravel/framework/src/Illuminate/Pipeline/Pipeline.php(125): Illuminate\Cookie\Middleware\AddQueuedCookiesToResponse->handle(Object(Illuminate\Http\Request), Object(Closure))
#8 /home1/kmalith2/eonepisode/vendor/laravel/framework/src/Illuminate/Cookie/Middleware/EncryptCookies.php(40): Illuminate\Pipeline\Pipeline->Illuminate\Pipeline\{closure}(Object(Illuminate\Http\Request))
#9 /home1/kmalith2/eonepisode/vendor/laravel/framework/src/Illuminate/Pipeline/Pipeline.php(125): Illuminate\Cookie\Middleware\EncryptCookies->handle(Object(Illuminate\Http\Request), Object(Closure))
#10 /home1/kmalith2/eonepisode/app/Http/Middleware/CheckForMaintenanceMode.php(26): Illuminate\Pipeline\Pipeline->Illuminate\Pipeline\{closure}(Object(Illuminate\Http\Request))
#11 /home1/kmalith2/eonepisode/vendor/laravel/framework/src/Illuminate/Pipeline/Pipeline.php(125): App\Http\Middleware\CheckForMaintenanceMode->handle(Object(Illuminate\Http\Request), Object(Closure))
#12 [internal function]: Illuminate\Pipeline\Pipeline->Illuminate\Pipeline\{closure}(Object(Illuminate\Http\Request))
#13 /home1/kmalith2/eonepisode/vendor/laravel/framework/src/Illuminate/Pipeline/Pipeline.php(100): call_user_func(Object(Closure), Object(Illuminate\Http\Request))
#14 /home1/kmalith2/eonepisode/vendor/laravel/framework/src/Illuminate/Foundation/Http/Kernel.php(111): Illuminate\Pipeline\Pipeline->then(Object(Closure))
#15 /home1/kmalith2/eonepisode/vendor/laravel/framework/src/Illuminate/Foundation/Http/Kernel.php(84): Illuminate\Foundation\Http\Kernel->sendRequestThroughRouter(Object(Illuminate\Http\Request))
#16 /home1/kmalith2/public_html/index.php(53): Illuminate\Foundation\Http\Kernel->handle(Object(Illuminate\Http\Request))
#17 {main}  
[2026-09-07 03:10:42] local.ERROR: Illuminate\Session\TokenMismatchException in /home1/kmalith2/eonepisode/vendor/laravel/framework/src/Illuminate/Foundation/Http/Middleware/VerifyCsrfToken.php:46
Stack trace:
#0 /home1/kmalith2/eonepisode/app/Http/Middleware/VerifyCsrfToken.php(17): Illuminate\Foundation\Http\Middleware\VerifyCsrfToken->handle(Object(Illuminate\Http\Request), Object(Closure))
#1 /home1/kmalith2/eonepisode/vendor/laravel/framework/src/Illuminate/Pipeline/Pipeline.php(125): App\Http\Middleware\VerifyCsrfToken->handle(Object(Illuminate\Http\Request), Object(Closure))
#2 /home1/kmalith2/eonepisode/vendor/laravel/framework/src/Illuminate/View/Middleware/ShareErrorsFromSession.php(55): Illuminate\Pipeline\Pipeline->Illuminate\Pipeline\{closure}(Object(Illuminate\Http\Request))
#3 /home1/kmalith2/eonepisode/vendor/laravel/framework/src/Illuminate/Pipeline/Pipeline.php(125): Illuminate\View\Middleware\ShareErrorsFromSession->handle(Object(Illuminate\Http\Request), Object(Closure))
#4 /home1/kmalith2/eonepisode/vendor/laravel/framework/src/Illuminate/Session/Middleware/StartSession.php(61): Illuminate\Pipeline\Pipeline->Illuminate\Pipeline\{closure}(Object(Illuminate\Http\Request))
#5 /home1/kmalith2/eonepisode/vendor/laravel/framework/src/Illuminate/Pipeline/Pipeline.php(125): Illuminate\Session\Middleware\StartSession->handle(Object(Illuminate\Http\Request), Object(Closure))
#6 /home1/kmalith2/eonepisode/vendor/laravel/framework/src/Illuminate/Cookie/Middleware/AddQueuedCookiesToResponse.php(36): Illuminate\Pipeline\Pipeline->Illuminate\Pipeline\{closure}(Object(Illuminate\Http\Request))
#7 /home1/kmalith2/eonepisode/vendor/laravel/framework/src/Illuminate/Pipeline/Pipeline.php(125): Illuminate\Cookie\Middleware\AddQueuedCookiesToResponse->handle(Object(Illuminate\Http\Request), Object(Closure))
#8 /home1/kmalith2/eonepisode/vendor/laravel/framework/src/Illuminate/Cookie/Middleware/EncryptCookies.php(40): Illuminate\Pipeline\Pipeline->Illuminate\Pipeline\{closure}(Object(Illuminate\Http\Request))
#9 /home1/kmalith2/eonepisode/vendor/laravel/framework/src/Illuminate/Pipeline/Pipeline.php(125): Illuminate\Cookie\Middleware\EncryptCookies->handle(Object(Illuminate\Http\Request), Object(Closure))
#10 /home1/kmalith2/eonepisode/app/Http/Middleware/CheckForMaintenanceMode.php(26): Illuminate\Pipeline\Pipeline->Illuminate\Pipeline\{closure}(Object(Illuminate\Http\Request))
#11 /home1/kmalith2/eonepisode/vendor/laravel/framework/src/Illuminate/Pipeline/Pipeline.php(125): App\Http\Middleware\CheckForMaintenanceMode->handle(Object(Illuminate\Http\Request), Object(Closure))
#12 [internal function]: Illuminate\Pipeline\Pipeline->Illuminate\Pipeline\{closure}(Object(Illuminate\Http\Request))
#13 /home1/kmalith2/eonepisode/vendor/laravel/framework/src/Illuminate/Pipeline/Pipeline.php(100): call_user_func(Object(Closure), Object(Illuminate\Http\Request))
#14 /home1/kmalith2/eonepisode/vendor/laravel/framework/src/Illuminate/Foundation/Http/Kernel.php(111): Illuminate\Pipeline\Pipeline->then(Object(Closure))
#15 /home1/kmalith2/eonepisode/vendor/laravel/framework/src/Illuminate/Foundation/Http/Kernel.php(84): Illuminate\Foundation\Http\Kernel->sendRequestThroughRouter(Object(Illuminate\Http\Request))
#16 /home1/kmalith2/public_html/index.php(53): Illuminate\Foundation\Http\Kernel->handle(Object(Illuminate\Http\Request))
#17 {main}  
[2026-09-07 03:10:42] local.ERROR: Illuminate\Session\TokenMismatchException in /home1/kmalith2/eonepisode/vendor/laravel/framework/src/Illuminate/Foundation/Http/Middleware/VerifyCsrfToken.php:46
Stack trace:
#0 /home1/kmalith2/eonepisode/app/Http/Middleware/VerifyCsrfToken.php(17): Illuminate\Foundation\Http\Middleware\VerifyCsrfToken->handle(Object(Illuminate\Http\Request), Object(Closure))
#1 /home1/kmalith2/eonepisode/vendor/laravel/framework/src/Illuminate/Pipeline/Pipeline.php(125): App\Http\Middleware\VerifyCsrfToken->handle(Object(Illuminate\Http\Request), Object(Closure))
#2 /home1/kmalith2/eonepisode/vendor/laravel/framework/src/Illuminate/View/Middleware/ShareErrorsFromSession.php(55): Illuminate\Pipeline\Pipeline->Illuminate\Pipeline\{closure}(Object(Illuminate\Http\Request))
#3 /home1/kmalith2/eonepisode/vendor/laravel/framework/src/Illuminate/Pipeline/Pipeline.php(125): Illuminate\View\Middleware\ShareErrorsFromSession->handle(Object(Illuminate\Http\Request), Object(Closure))
#4 /home1/kmalith2/eonepisode/vendor/laravel/framework/src/Illuminate/Session/Middleware/StartSession.php(61): Illuminate\Pipeline\Pipeline->Illuminate\Pipeline\{closure}(Object(Illuminate\Http\Request))
#5 /home1/kmalith2/eonepisode/vendor/laravel/framework/src/Illuminate/Pipeline/Pipeline.php(125): Illuminate\Session\Middleware\StartSession->handle(Object(Illuminate\Http\Request), Object(Closure))
#6 /home1/kmalith2/eonepisode/vendor/laravel/framework/src/Illuminate/Cookie/Middleware/AddQueuedCookiesToResponse.php(36): Illuminate\Pipeline\Pipeline->Illuminate\Pipeline\{closure}(Object(Illuminate\Http\Request))
#7 /home1/kmalith2/eonepisode/vendor/laravel/framework/src/Illuminate/Pipeline/Pipeline.php(125): Illuminate\Cookie\Middleware\AddQueuedCookiesToResponse->handle(Object(Illuminate\Http\Request), Object(Closure))
#8 /home1/kmalith2/eonepisode/vendor/laravel/framework/src/Illuminate/Cookie/Middleware/EncryptCookies.php(40): Illuminate\Pipeline\Pipeline->Illuminate\Pipeline\{closure}(Object(Illuminate\Http\Request))
#9 /home1/kmalith2/eonepisode/vendor/laravel/framework/src/Illuminate/Pipeline/Pipeline.php(125): Illuminate\Cookie\Middleware\EncryptCookies->handle(Object(Illuminate\Http\Request), Object(Closure))
#10 /home1/kmalith2/eonepisode/app/Http/Middleware/CheckForMaintenanceMode.php(26): Illuminate\Pipeline\Pipeline->Illuminate\Pipeline\{closure}(Object(Illuminate\Http\Request))
#11 /home1/kmalith2/eonepisode/vendor/laravel/framework/src/Illuminate/Pipeline/Pipeline.php(125): App\Http\Middleware\CheckForMaintenanceMode->handle(Object(Illuminate\Http\Request), Object(Closure))
#12 [internal function]: Illuminate\Pipeline\Pipeline->Illuminate\Pipeline\{closure}(Object(Illuminate\Http\Request))
#13 /home1/kmalith2/eonepisode/vendor/laravel/framework/src/Illuminate/Pipeline/Pipeline.php(100): call_user_func(Object(Closure), Object(Illuminate\Http\Request))
#14 /home1/kmalith2/eonepisode/vendor/laravel/framework/src/Illuminate/Foundation/Http/Kernel.php(111): Illuminate\Pipeline\Pipeline->then(Object(Closure))
#15 /home1/kmalith2/eonepisode/vendor/laravel/framework/src/Illuminate/Foundation/Http/Kernel.php(84): Illuminate\Foundation\Http\Kernel->sendRequestThroughRouter(Object(Illuminate\Http\Request))
#16 /home1/kmalith2/public_html/index.php(53): Illuminate\Foundation\Http\Kernel->handle(Object(Illuminate\Http\Request))
#17 {main}  
[2026-09-07 03:10:43] local.ERROR: Illuminate\Session\TokenMismatchException in /home1/kmalith2/eonepisode/vendor/laravel/framework/src/Illuminate/Foundation/Http/Middleware/VerifyCsrfToken.php:46
Stack trace:
#0 /home1/kmalith2/eonepisode/app/Http/Middleware/VerifyCsrfToken.php(17): Illuminate\Foundation\Http\Middleware\VerifyCsrfToken->handle(Object(Illuminate\Http\Request), Object(Closure))
#1 /home1/kmalith2/eonepisode/vendor/laravel/framework/src/Illuminate/Pipeline/Pipeline.php(125): App\Http\Middleware\VerifyCsrfToken->handle(Object(Illuminate\Http\Request), Object(Closure))
#2 /home1/kmalith2/eonepisode/vendor/laravel/framework/src/Illuminate/View/Middleware/ShareErrorsFromSession.php(55): Illuminate\Pipeline\Pipeline->Illuminate\Pipeline\{closure}(Object(Illuminate\Http\Request))
#3 /home1/kmalith2/eonepisode/vendor/laravel/framework/src/Illuminate/Pipeline/Pipeline.php(125): Illuminate\View\Middleware\ShareErrorsFromSession->handle(Object(Illuminate\Http\Request), Object(Closure))
#4 /home1/kmalith2/eonepisode/vendor/laravel/framework/src/Illuminate/Session/Middleware/StartSession.php(61): Illuminate\Pipeline\Pipeline->Illuminate\Pipeline\{closure}(Object(Illuminate\Http\Request))
#5 /home1/kmalith2/eonepisode/vendor/laravel/framework/src/Illuminate/Pipeline/Pipeline.php(125): Illuminate\Session\Middleware\StartSession->handle(Object(Illuminate\Http\Request), Object(Closure))
#6 /home1/kmalith2/eonepisode/vendor/laravel/framework/src/Illuminate/Cookie/Middleware/AddQueuedCookiesToResponse.php(36): Illuminate\Pipeline\Pipeline->Illuminate\Pipeline\{closure}(Object(Illuminate\Http\Request))
#7 /home1/kmalith2/eonepisode/vendor/laravel/framework/src/Illuminate/Pipeline/Pipeline.php(125): Illuminate\Cookie\Middleware\AddQueuedCookiesToResponse->handle(Object(Illuminate\Http\Request), Object(Closure))
#8 /home1/kmalith2/eonepisode/vendor/laravel/framework/src/Illuminate/Cookie/Middleware/EncryptCookies.php(40): Illuminate\Pipeline\Pipeline->Illuminate\Pipeline\{closure}(Object(Illuminate\Http\Request))
#9 /home1/kmalith2/eonepisode/vendor/laravel/framework/src/Illuminate/Pipeline/Pipeline.php(125): Illuminate\Cookie\Middleware\EncryptCookies->handle(Object(Illuminate\Http\Request), Object(Closure))
#10 /home1/kmalith2/eonepisode/app/Http/Middleware/CheckForMaintenanceMode.php(26): Illuminate\Pipeline\Pipeline->Illuminate\Pipeline\{closure}(Object(Illuminate\Http\Request))
#11 /home1/kmalith2/eonepisode/vendor/laravel/framework/src/Illuminate/Pipeline/Pipeline.php(125): App\Http\Middleware\CheckForMaintenanceMode->handle(Object(Illuminate\Http\Request), Object(Closure))
#12 [internal function]: Illuminate\Pipeline\Pipeline->Illuminate\Pipeline\{closure}(Object(Illuminate\Http\Request))
#13 /home1/kmalith2/eonepisode/vendor/laravel/framework/src/Illuminate/Pipeline/Pipeline.php(100): call_user_func(Object(Closure), Object(Illuminate\Http\Request))
#14 /home1/kmalith2/eonepisode/vendor/laravel/framework/src/Illuminate/Foundation/Http/Kernel.php(111): Illuminate\Pipeline\Pipeline->then(Object(Closure))
#15 /home1/kmalith2/eonepisode/vendor/laravel/framework/src/Illuminate/Foundation/Http/Kernel.php(84): Illuminate\Foundation\Http\Kernel->sendRequestThroughRouter(Object(Illuminate\Http\Request))
#16 /home1/kmalith2/public_html/index.php(53): Illuminate\Foundation\Http\Kernel->handle(Object(Illuminate\Http\Request))
#17 {main}  
[2026-09-07 03:10:43] local.ERROR: Illuminate\Session\TokenMismatchException in /home1/kmalith2/eonepisode/vendor/laravel/framework/src/Illuminate/Foundation/Http/Middleware/VerifyCsrfToken.php:46
Stack trace:
#0 /home1/kmalith2/eonepisode/app/Http/Middleware/VerifyCsrfToken.php(17): Illuminate\Foundation\Http\Middleware\VerifyCsrfToken->handle(Object(Illuminate\Http\Request), Object(Closure))
#1 /home1/kmalith2/eonepisode/vendor/laravel/framework/src/Illuminate/Pipeline/Pipeline.php(125): App\Http\Middleware\VerifyCsrfToken->handle(Object(Illuminate\Http\Request), Object(Closure))
#2 /home1/kmalith2/eonepisode/vendor/laravel/framework/src/Illuminate/View/Middleware/ShareErrorsFromSession.php(55): Illuminate\Pipeline\Pipeline->Illuminate\Pipeline\{closure}(Object(Illuminate\Http\Request))
#3 /home1/kmalith2/eonepisode/vendor/laravel/framework/src/Illuminate/Pipeline/Pipeline.php(125): Illuminate\View\Middleware\ShareErrorsFromSession->handle(Object(Illuminate\Http\Request), Object(Closure))
#4 /home1/kmalith2/eonepisode/vendor/laravel/framework/src/Illuminate/Session/Middleware/StartSession.php(61): Illuminate\Pipeline\Pipeline->Illuminate\Pipeline\{closure}(Object(Illuminate\Http\Request))
#5 /home1/kmalith2/eonepisode/vendor/laravel/framework/src/Illuminate/Pipeline/Pipeline.php(125): Illuminate\Session\Middleware\StartSession->handle(Object(Illuminate\Http\Request), Object(Closure))
#6 /home1/kmalith2/eonepisode/vendor/laravel/framework/src/Illuminate/Cookie/Middleware/AddQueuedCookiesToResponse.php(36): Illuminate\Pipeline\Pipeline->Illuminate\Pipeline\{closure}(Object(Illuminate\Http\Request))
#7 /home1/kmalith2/eonepisode/vendor/laravel/framework/src/Illuminate/Pipeline/Pipeline.php(125): Illuminate\Cookie\Middleware\AddQueuedCookiesToResponse->handle(Object(Illuminate\Http\Request), Object(Closure))
#8 /home1/kmalith2/eonepisode/vendor/laravel/framework/src/Illuminate/Cookie/Middleware/EncryptCookies.php(40): Illuminate\Pipeline\Pipeline->Illuminate\Pipeline\{closure}(Object(Illuminate\Http\Request))
#9 /home1/kmalith2/eonepisode/vendor/laravel/framework/src/Illuminate/Pipeline/Pipeline.php(125): Illuminate\Cookie\Middleware\EncryptCookies->handle(Object(Illuminate\Http\Request), Object(Closure))
#10 /home1/kmalith2/eonepisode/app/Http/Middleware/CheckForMaintenanceMode.php(26): Illuminate\Pipeline\Pipeline->Illuminate\Pipeline\{closure}(Object(Illuminate\Http\Request))
#11 /home1/kmalith2/eonepisode/vendor/laravel/framework/src/Illuminate/Pipeline/Pipeline.php(125): App\Http\Middleware\CheckForMaintenanceMode->handle(Object(Illuminate\Http\Request), Object(Closure))
#12 [internal function]: Illuminate\Pipeline\Pipeline->Illuminate\Pipeline\{closure}(Object(Illuminate\Http\Request))
#13 /home1/kmalith2/eonepisode/vendor/laravel/framework/src/Illuminate/Pipeline/Pipeline.php(100): call_user_func(Object(Closure), Object(Illuminate\Http\Request))
#14 /home1/kmalith2/eonepisode/vendor/laravel/framework/src/Illuminate/Foundation/Http/Kernel.php(111): Illuminate\Pipeline\Pipeline->then(Object(Closure))
#15 /home1/kmalith2/eonepisode/vendor/laravel/framework/src/Illuminate/Foundation/Http/Kernel.php(84): Illuminate\Foundation\Http\Kernel->sendRequestThroughRouter(Object(Illuminate\Http\Request))
#16 /home1/kmalith2/public_html/index.php(53): Illuminate\Foundation\Http\Kernel->handle(Object(Illuminate\Http\Request))
#17 {main}  
[2026-09-07 03:10:44] local.ERROR: Illuminate\Session\TokenMismatchException in /home1/kmalith2/eonepisode/vendor/laravel/framework/src/Illuminate/Foundation/Http/Middleware/VerifyCsrfToken.php:46
Stack trace:
#0 /home1/kmalith2/eonepisode/app/Http/Middleware/VerifyCsrfToken.php(17): Illuminate\Foundation\Http\Middleware\VerifyCsrfToken->handle(Object(Illuminate\Http\Request), Object(Closure))
#1 /home1/kmalith2/eonepisode/vendor/laravel/framework/src/Illuminate/Pipeline/Pipeline.php(125): App\Http\Middleware\VerifyCsrfToken->handle(Object(Illuminate\Http\Request), Object(Closure))
#2 /home1/kmalith2/eonepisode/vendor/laravel/framework/src/Illuminate/View/Middleware/ShareErrorsFromSession.php(55): Illuminate\Pipeline\Pipeline->Illuminate\Pipeline\{closure}(Object(Illuminate\Http\Request))
#3 /home1/kmalith2/eonepisode/vendor/laravel/framework/src/Illuminate/Pipeline/Pipeline.php(125): Illuminate\View\Middleware\ShareErrorsFromSession->handle(Object(Illuminate\Http\Request), Object(Closure))
#4 /home1/kmalith2/eonepisode/vendor/laravel/framework/src/Illuminate/Session/Middleware/StartSession.php(61): Illuminate\Pipeline\Pipeline->Illuminate\Pipeline\{closure}(Object(Illuminate\Http\Request))
#5 /home1/kmalith2/eonepisode/vendor/laravel/framework/src/Illuminate/Pipeline/Pipeline.php(125): Illuminate\Session\Middleware\StartSession->handle(Object(Illuminate\Http\Request), Object(Closure))
#6 /home1/kmalith2/eonepisode/vendor/laravel/framework/src/Illuminate/Cookie/Middleware/AddQueuedCookiesToResponse.php(36): Illuminate\Pipeline\Pipeline->Illuminate\Pipeline\{closure}(Object(Illuminate\Http\Request))
#7 /home1/kmalith2/eonepisode/vendor/laravel/framework/src/Illuminate/Pipeline/Pipeline.php(125): Illuminate\Cookie\Middleware\AddQueuedCookiesToResponse->handle(Object(Illuminate\Http\Request), Object(Closure))
#8 /home1/kmalith2/eonepisode/vendor/laravel/framework/src/Illuminate/Cookie/Middleware/EncryptCookies.php(40): Illuminate\Pipeline\Pipeline->Illuminate\Pipeline\{closure}(Object(Illuminate\Http\Request))
#9 /home1/kmalith2/eonepisode/vendor/laravel/framework/src/Illuminate/Pipeline/Pipeline.php(125): Illuminate\Cookie\Middleware\EncryptCookies->handle(Object(Illuminate\Http\Request), Object(Closure))
#10 /home1/kmalith2/eonepisode/app/Http/Middleware/CheckForMaintenanceMode.php(26): Illuminate\Pipeline\Pipeline->Illuminate\Pipeline\{closure}(Object(Illuminate\Http\Request))
#11 /home1/kmalith2/eonepisode/vendor/laravel/framework/src/Illuminate/Pipeline/Pipeline.php(125): App\Http\Middleware\CheckForMaintenanceMode->handle(Object(Illuminate\Http\Request), Object(Closure))
#12 [internal function]: Illuminate\Pipeline\Pipeline->Illuminate\Pipeline\{closure}(Object(Illuminate\Http\Request))
#13 /home1/kmalith2/eonepisode/vendor/laravel/framework/src/Illuminate/Pipeline/Pipeline.php(100): call_user_func(Object(Closure), Object(Illuminate\Http\Request))
#14 /home1/kmalith2/eonepisode/vendor/laravel/framework/src/Illuminate/Foundation/Http/Kernel.php(111): Illuminate\Pipeline\Pipeline->then(Object(Closure))
#15 /home1/kmalith2/eonepisode/vendor/laravel/framework/src/Illuminate/Foundation/Http/Kernel.php(84): Illuminate\Foundation\Http\Kernel->sendRequestThroughRouter(Object(Illuminate\Http\Request))
#16 /home1/kmalith2/public_html/index.php(53): Illuminate\Foundation\Http\Kernel->handle(Object(Illuminate\Http\Request))
#17 {main}  
[2026-09-07 03:10:45] local.ERROR: Illuminate\Session\TokenMismatchException in /home1/kmalith2/eonepisode/vendor/laravel/framework/src/Illuminate/Foundation/Http/Middleware/VerifyCsrfToken.php:46
Stack trace:
#0 /home1/kmalith2/eonepisode/app/Http/Middleware/VerifyCsrfToken.php(17): Illuminate\Foundation\Http\Middleware\VerifyCsrfToken->handle(Object(Illuminate\Http\Request), Object(Closure))
#1 /home1/kmalith2/eonepisode/vendor/laravel/framework/src/Illuminate/Pipeline/Pipeline.php(125): App\Http\Middleware\VerifyCsrfToken->handle(Object(Illuminate\Http\Request), Object(Closure))
#2 /home1/kmalith2/eonepisode/vendor/laravel/framework/src/Illuminate/View/Middleware/ShareErrorsFromSession.php(55): Illuminate\Pipeline\Pipeline->Illuminate\Pipeline\{closure}(Object(Illuminate\Http\Request))
#3 /home1/kmalith2/eonepisode/vendor/laravel/framework/src/Illuminate/Pipeline/Pipeline.php(125): Illuminate\View\Middleware\ShareErrorsFromSession->handle(Object(Illuminate\Http\Request), Object(Closure))
#4 /home1/kmalith2/eonepisode/vendor/laravel/framework/src/Illuminate/Session/Middleware/StartSession.php(61): Illuminate\Pipeline\Pipeline->Illuminate\Pipeline\{closure}(Object(Illuminate\Http\Request))
#5 /home1/kmalith2/eonepisode/vendor/laravel/framework/src/Illuminate/Pipeline/Pipeline.php(125): Illuminate\Session\Middleware\StartSession->handle(Object(Illuminate\Http\Request), Object(Closure))
#6 /home1/kmalith2/eonepisode/vendor/laravel/framework/src/Illuminate/Cookie/Middleware/AddQueuedCookiesToResponse.php(36): Illuminate\Pipeline\Pipeline->Illuminate\Pipeline\{closure}(Object(Illuminate\Http\Request))
#7 /home1/kmalith2/eonepisode/vendor/laravel/framework/src/Illuminate/Pipeline/Pipeline.php(125): Illuminate\Cookie\Middleware\AddQueuedCookiesToResponse->handle(Object(Illuminate\Http\Request), Object(Closure))
#8 /home1/kmalith2/eonepisode/vendor/laravel/framework/src/Illuminate/Cookie/Middleware/EncryptCookies.php(40): Illuminate\Pipeline\Pipeline->Illuminate\Pipeline\{closure}(Object(Illuminate\Http\Request))
#9 /home1/kmalith2/eonepisode/vendor/laravel/framework/src/Illuminate/Pipeline/Pipeline.php(125): Illuminate\Cookie\Middleware\EncryptCookies->handle(Object(Illuminate\Http\Request), Object(Closure))
#10 /home1/kmalith2/eonepisode/app/Http/Middleware/CheckForMaintenanceMode.php(26): Illuminate\Pipeline\Pipeline->Illuminate\Pipeline\{closure}(Object(Illuminate\Http\Request))
#11 /home1/kmalith2/eonepisode/vendor/laravel/framework/src/Illuminate/Pipeline/Pipeline.php(125): App\Http\Middleware\CheckForMaintenanceMode->handle(Object(Illuminate\Http\Request), Object(Closure))
#12 [internal function]: Illuminate\Pipeline\Pipeline->Illuminate\Pipeline\{closure}(Object(Illuminate\Http\Request))
#13 /home1/kmalith2/eonepisode/vendor/laravel/framework/src/Illuminate/Pipeline/Pipeline.php(100): call_user_func(Object(Closure), Object(Illuminate\Http\Request))
#14 /home1/kmalith2/eonepisode/vendor/laravel/framework/src/Illuminate/Foundation/Http/Kernel.php(111): Illuminate\Pipeline\Pipeline->then(Object(Closure))
#15 /home1/kmalith2/eonepisode/vendor/laravel/framework/src/Illuminate/Foundation/Http/Kernel.php(84): Illuminate\Foundation\Http\Kernel->sendRequestThroughRouter(Object(Illuminate\Http\Request))
#16 /home1/kmalith2/public_html/index.php(53): Illuminate\Foundation\Http\Kernel->handle(Object(Illuminate\Http\Request))
#17 {main}  
[2026-09-07 03:10:49] local.ERROR: Illuminate\Session\TokenMismatchException in /home1/kmalith2/eonepisode/vendor/laravel/framework/src/Illuminate/Foundation/Http/Middleware/VerifyCsrfToken.php:46
Stack trace:
#0 /home1/kmalith2/eonepisode/app/Http/Middleware/VerifyCsrfToken.php(17): Illuminate\Foundation\Http\Middleware\VerifyCsrfToken->handle(Object(Illuminate\Http\Request), Object(Closure))
#1 /home1/kmalith2/eonepisode/vendor/laravel/framework/src/Illuminate/Pipeline/Pipeline.php(125): App\Http\Middleware\VerifyCsrfToken->handle(Object(Illuminate\Http\Request), Object(Closure))
#2 /home1/kmalith2/eonepisode/vendor/laravel/framework/src/Illuminate/View/Middleware/ShareErrorsFromSession.php(55): Illuminate\Pipeline\Pipeline->Illuminate\Pipeline\{closure}(Object(Illuminate\Http\Request))
#3 /home1/kmalith2/eonepisode/vendor/laravel/framework/src/Illuminate/Pipeline/Pipeline.php(125): Illuminate\View\Middleware\ShareErrorsFromSession->handle(Object(Illuminate\Http\Request), Object(Closure))
#4 /home1/kmalith2/eonepisode/vendor/laravel/framework/src/Illuminate/Session/Middleware/StartSession.php(61): Illuminate\Pipeline\Pipeline->Illuminate\Pipeline\{closure}(Object(Illuminate\Http\Request))
#5 /home1/kmalith2/eonepisode/vendor/laravel/framework/src/Illuminate/Pipeline/Pipeline.php(125): Illuminate\Session\Middleware\StartSession->handle(Object(Illuminate\Http\Request), Object(Closure))
#6 /home1/kmalith2/eonepisode/vendor/laravel/framework/src/Illuminate/Cookie/Middleware/AddQueuedCookiesToResponse.php(36): Illuminate\Pipeline\Pipeline->Illuminate\Pipeline\{closure}(Object(Illuminate\Http\Request))
#7 /home1/kmalith2/eonepisode/vendor/laravel/framework/src/Illuminate/Pipeline/Pipeline.php(125): Illuminate\Cookie\Middleware\AddQueuedCookiesToResponse->handle(Object(Illuminate\Http\Request), Object(Closure))
#8 /home1/kmalith2/eonepisode/vendor/laravel/framework/src/Illuminate/Cookie/Middleware/EncryptCookies.php(40): Illuminate\Pipeline\Pipeline->Illuminate\Pipeline\{closure}(Object(Illuminate\Http\Request))
#9 /home1/kmalith2/eonepisode/vendor/laravel/framework/src/Illuminate/Pipeline/Pipeline.php(125): Illuminate\Cookie\Middleware\EncryptCookies->handle(Object(Illuminate\Http\Request), Object(Closure))
#10 /home1/kmalith2/eonepisode/app/Http/Middleware/CheckForMaintenanceMode.php(26): Illuminate\Pipeline\Pipeline->Illuminate\Pipeline\{closure}(Object(Illuminate\Http\Request))
#11 /home1/kmalith2/eonepisode/vendor/laravel/framework/src/Illuminate/Pipeline/Pipeline.php(125): App\Http\Middleware\CheckForMaintenanceMode->handle(Object(Illuminate\Http\Request), Object(Closure))
#12 [internal function]: Illuminate\Pipeline\Pipeline->Illuminate\Pipeline\{closure}(Object(Illuminate\Http\Request))
#13 /home1/kmalith2/eonepisode/vendor/laravel/framework/src/Illuminate/Pipeline/Pipeline.php(100): call_user_func(Object(Closure), Object(Illuminate\Http\Request))
#14 /home1/kmalith2/eonepisode/vendor/laravel/framework/src/Illuminate/Foundation/Http/Kernel.php(111): Illuminate\Pipeline\Pipeline->then(Object(Closure))
#15 /home1/kmalith2/eonepisode/vendor/laravel/framework/src/Illuminate/Foundation/Http/Kernel.php(84): Illuminate\Foundation\Http\Kernel->sendRequestThroughRouter(Object(Illuminate\Http\Request))
#16 /home1/kmalith2/public_html/index.php(53): Illuminate\Foundation\Http\Kernel->handle(Object(Illuminate\Http\Request))
#17 {main}  
[2026-09-07 03:10:50] local.ERROR: Illuminate\Session\TokenMismatchException in /home1/kmalith2/eonepisode/vendor/laravel/framework/src/Illuminate/Foundation/Http/Middleware/VerifyCsrfToken.php:46
Stack trace:
#0 /home1/kmalith2/eonepisode/app/Http/Middleware/VerifyCsrfToken.php(17): Illuminate\Foundation\Http\Middleware\VerifyCsrfToken->handle(Object(Illuminate\Http\Request), Object(Closure))
#1 /home1/kmalith2/eonepisode/vendor/laravel/framework/src/Illuminate/Pipeline/Pipeline.php(125): App\Http\Middleware\VerifyCsrfToken->handle(Object(Illuminate\Http\Request), Object(Closure))
#2 /home1/kmalith2/eonepisode/vendor/laravel/framework/src/Illuminate/View/Middleware/ShareErrorsFromSession.php(55): Illuminate\Pipeline\Pipeline->Illuminate\Pipeline\{closure}(Object(Illuminate\Http\Request))
#3 /home1/kmalith2/eonepisode/vendor/laravel/framework/src/Illuminate/Pipeline/Pipeline.php(125): Illuminate\View\Middleware\ShareErrorsFromSession->handle(Object(Illuminate\Http\Request), Object(Closure))
#4 /home1/kmalith2/eonepisode/vendor/laravel/framework/src/Illuminate/Session/Middleware/StartSession.php(61): Illuminate\Pipeline\Pipeline->Illuminate\Pipeline\{closure}(Object(Illuminate\Http\Request))
#5 /home1/kmalith2/eonepisode/vendor/laravel/framework/src/Illuminate/Pipeline/Pipeline.php(125): Illuminate\Session\Middleware\StartSession->handle(Object(Illuminate\Http\Request), Object(Closure))
#6 /home1/kmalith2/eonepisode/vendor/laravel/framework/src/Illuminate/Cookie/Middleware/AddQueuedCookiesToResponse.php(36): Illuminate\Pipeline\Pipeline->Illuminate\Pipeline\{closure}(Object(Illuminate\Http\Request))
#7 /home1/kmalith2/eonepisode/vendor/laravel/framework/src/Illuminate/Pipeline/Pipeline.php(125): Illuminate\Cookie\Middleware\AddQueuedCookiesToResponse->handle(Object(Illuminate\Http\Request), Object(Closure))
#8 /home1/kmalith2/eonepisode/vendor/laravel/framework/src/Illuminate/Cookie/Middleware/EncryptCookies.php(40): Illuminate\Pipeline\Pipeline->Illuminate\Pipeline\{closure}(Object(Illuminate\Http\Request))
#9 /home1/kmalith2/eonepisode/vendor/laravel/framework/src/Illuminate/Pipeline/Pipeline.php(125): Illuminate\Cookie\Middleware\EncryptCookies->handle(Object(Illuminate\Http\Request), Object(Closure))
#10 /home1/kmalith2/eonepisode/app/Http/Middleware/CheckForMaintenanceMode.php(26): Illuminate\Pipeline\Pipeline->Illuminate\Pipeline\{closure}(Object(Illuminate\Http\Request))
#11 /home1/kmalith2/eonepisode/vendor/laravel/framework/src/Illuminate/Pipeline/Pipeline.php(125): App\Http\Middleware\CheckForMaintenanceMode->handle(Object(Illuminate\Http\Request), Object(Closure))
#12 [internal function]: Illuminate\Pipeline\Pipeline->Illuminate\Pipeline\{closure}(Object(Illuminate\Http\Request))
#13 /home1/kmalith2/eonepisode/vendor/laravel/framework/src/Illuminate/Pipeline/Pipeline.php(100): call_user_func(Object(Closure), Object(Illuminate\Http\Request))
#14 /home1/kmalith2/eonepisode/vendor/laravel/framework/src/Illuminate/Foundation/Http/Kernel.php(111): Illuminate\Pipeline\Pipeline->then(Object(Closure))
#15 /home1/kmalith2/eonepisode/vendor/laravel/framework/src/Illuminate/Foundation/Http/Kernel.php(84): Illuminate\Foundation\Http\Kernel->sendRequestThroughRouter(Object(Illuminate\Http\Request))
#16 /home1/kmalith2/public_html/index.php(53): Illuminate\Foundation\Http\Kernel->handle(Object(Illuminate\Http\Request))
#17 {main}  
[2026-09-07 03:10:56] local.ERROR: Illuminate\Session\TokenMismatchException in /home1/kmalith2/eonepisode/vendor/laravel/framework/src/Illuminate/Foundation/Http/Middleware/VerifyCsrfToken.php:46
Stack trace:
#0 /home1/kmalith2/eonepisode/app/Http/Middleware/VerifyCsrfToken.php(17): Illuminate\Foundation\Http\Middleware\VerifyCsrfToken->handle(Object(Illuminate\Http\Request), Object(Closure))
#1 /home1/kmalith2/eonepisode/vendor/laravel/framework/src/Illuminate/Pipeline/Pipeline.php(125): App\Http\Middleware\VerifyCsrfToken->handle(Object(Illuminate\Http\Request), Object(Closure))
#2 /home1/kmalith2/eonepisode/vendor/laravel/framework/src/Illuminate/View/Middleware/ShareErrorsFromSession.php(55): Illuminate\Pipeline\Pipeline->Illuminate\Pipeline\{closure}(Object(Illuminate\Http\Request))
#3 /home1/kmalith2/eonepisode/vendor/laravel/framework/src/Illuminate/Pipeline/Pipeline.php(125): Illuminate\View\Middleware\ShareErrorsFromSession->handle(Object(Illuminate\Http\Request), Object(Closure))
#4 /home1/kmalith2/eonepisode/vendor/laravel/framework/src/Illuminate/Session/Middleware/StartSession.php(61): Illuminate\Pipeline\Pipeline->Illuminate\Pipeline\{closure}(Object(Illuminate\Http\Request))
#5 /home1/kmalith2/eonepisode/vendor/laravel/framework/src/Illuminate/Pipeline/Pipeline.php(125): Illuminate\Session\Middleware\StartSession->handle(Object(Illuminate\Http\Request), Object(Closure))
#6 /home1/kmalith2/eonepisode/vendor/laravel/framework/src/Illuminate/Cookie/Middleware/AddQueuedCookiesToResponse.php(36): Illuminate\Pipeline\Pipeline->Illuminate\Pipeline\{closure}(Object(Illuminate\Http\Request))
#7 /home1/kmalith2/eonepisode/vendor/laravel/framework/src/Illuminate/Pipeline/Pipeline.php(125): Illuminate\Cookie\Middleware\AddQueuedCookiesToResponse->handle(Object(Illuminate\Http\Request), Object(Closure))
#8 /home1/kmalith2/eonepisode/vendor/laravel/framework/src/Illuminate/Cookie/Middleware/EncryptCookies.php(40): Illuminate\Pipeline\Pipeline->Illuminate\Pipeline\{closure}(Object(Illuminate\Http\Request))
#9 /home1/kmalith2/eonepisode/vendor/laravel/framework/src/Illuminate/Pipeline/Pipeline.php(125): Illuminate\Cookie\Middleware\EncryptCookies->handle(Object(Illuminate\Http\Request), Object(Closure))
#10 /home1/kmalith2/eonepisode/app/Http/Middleware/CheckForMaintenanceMode.php(26): Illuminate\Pipeline\Pipeline->Illuminate\Pipeline\{closure}(Object(Illuminate\Http\Request))
#11 /home1/kmalith2/eonepisode/vendor/laravel/framework/src/Illuminate/Pipeline/Pipeline.php(125): App\Http\Middleware\CheckForMaintenanceMode->handle(Object(Illuminate\Http\Request), Object(Closure))
#12 [internal function]: Illuminate\Pipeline\Pipeline->Illuminate\Pipeline\{closure}(Object(Illuminate\Http\Request))
#13 /home1/kmalith2/eonepisode/vendor/laravel/framework/src/Illuminate/Pipeline/Pipeline.php(100): call_user_func(Object(Closure), Object(Illuminate\Http\Request))
#14 /home1/kmalith2/eonepisode/vendor/laravel/framework/src/Illuminate/Foundation/Http/Kernel.php(111): Illuminate\Pipeline\Pipeline->then(Object(Closure))
#15 /home1/kmalith2/eonepisode/vendor/laravel/framework/src/Illuminate/Foundation/Http/Kernel.php(84): Illuminate\Foundation\Http\Kernel->sendRequestThroughRouter(Object(Illuminate\Http\Request))
#16 /home1/kmalith2/public_html/index.php(53): Illuminate\Foundation\Http\Kernel->handle(Object(Illuminate\Http\Request))
#17 {main}  
[2026-09-07 03:10:56] local.ERROR: Illuminate\Session\TokenMismatchException in /home1/kmalith2/eonepisode/vendor/laravel/framework/src/Illuminate/Foundation/Http/Middleware/VerifyCsrfToken.php:46
Stack trace:
#0 /home1/kmalith2/eonepisode/app/Http/Middleware/VerifyCsrfToken.php(17): Illuminate\Foundation\Http\Middleware\VerifyCsrfToken->handle(Object(Illuminate\Http\Request), Object(Closure))
#1 /home1/kmalith2/eonepisode/vendor/laravel/framework/src/Illuminate/Pipeline/Pipeline.php(125): App\Http\Middleware\VerifyCsrfToken->handle(Object(Illuminate\Http\Request), Object(Closure))
#2 /home1/kmalith2/eonepisode/vendor/laravel/framework/src/Illuminate/View/Middleware/ShareErrorsFromSession.php(55): Illuminate\Pipeline\Pipeline->Illuminate\Pipeline\{closure}(Object(Illuminate\Http\Request))
#3 /home1/kmalith2/eonepisode/vendor/laravel/framework/src/Illuminate/Pipeline/Pipeline.php(125): Illuminate\View\Middleware\ShareErrorsFromSession->handle(Object(Illuminate\Http\Request), Object(Closure))
#4 /home1/kmalith2/eonepisode/vendor/laravel/framework/src/Illuminate/Session/Middleware/StartSession.php(61): Illuminate\Pipeline\Pipeline->Illuminate\Pipeline\{closure}(Object(Illuminate\Http\Request))
#5 /home1/kmalith2/eonepisode/vendor/laravel/framework/src/Illuminate/Pipeline/Pipeline.php(125): Illuminate\Session\Middleware\StartSession->handle(Object(Illuminate\Http\Request), Object(Closure))
#6 /home1/kmalith2/eonepisode/vendor/laravel/framework/src/Illuminate/Cookie/Middleware/AddQueuedCookiesToResponse.php(36): Illuminate\Pipeline\Pipeline->Illuminate\Pipeline\{closure}(Object(Illuminate\Http\Request))
#7 /home1/kmalith2/eonepisode/vendor/laravel/framework/src/Illuminate/Pipeline/Pipeline.php(125): Illuminate\Cookie\Middleware\AddQueuedCookiesToResponse->handle(Object(Illuminate\Http\Request), Object(Closure))
#8 /home1/kmalith2/eonepisode/vendor/laravel/framework/src/Illuminate/Cookie/Middleware/EncryptCookies.php(40): Illuminate\Pipeline\Pipeline->Illuminate\Pipeline\{closure}(Object(Illuminate\Http\Request))
#9 /home1/kmalith2/eonepisode/vendor/laravel/framework/src/Illuminate/Pipeline/Pipeline.php(125): Illuminate\Cookie\Middleware\EncryptCookies->handle(Object(Illuminate\Http\Request), Object(Closure))
#10 /home1/kmalith2/eonepisode/app/Http/Middleware/CheckForMaintenanceMode.php(26): Illuminate\Pipeline\Pipeline->Illuminate\Pipeline\{closure}(Object(Illuminate\Http\Request))
#11 /home1/kmalith2/eonepisode/vendor/laravel/framework/src/Illuminate/Pipeline/Pipeline.php(125): App\Http\Middleware\CheckForMaintenanceMode->handle(Object(Illuminate\Http\Request), Object(Closure))
#12 [internal function]: Illuminate\Pipeline\Pipeline->Illuminate\Pipeline\{closure}(Object(Illuminate\Http\Request))
#13 /home1/kmalith2/eonepisode/vendor/laravel/framework/src/Illuminate/Pipeline/Pipeline.php(100): call_user_func(Object(Closure), Object(Illuminate\Http\Request))
#14 /home1/kmalith2/eonepisode/vendor/laravel/framework/src/Illuminate/Foundation/Http/Kernel.php(111): Illuminate\Pipeline\Pipeline->then(Object(Closure))
#15 /home1/kmalith2/eonepisode/vendor/laravel/framework/src/Illuminate/Foundation/Http/Kernel.php(84): Illuminate\Foundation\Http\Kernel->sendRequestThroughRouter(Object(Illuminate\Http\Request))
#16 /home1/kmalith2/public_html/index.php(53): Illuminate\Foundation\Http\Kernel->handle(Object(Illuminate\Http\Request))
#17 {main}  
[2026-09-07 03:10:58] local.ERROR: Illuminate\Session\TokenMismatchException in /home1/kmalith2/eonepisode/vendor/laravel/framework/src/Illuminate/Foundation/Http/Middleware/VerifyCsrfToken.php:46
Stack trace:
#0 /home1/kmalith2/eonepisode/app/Http/Middleware/VerifyCsrfToken.php(17): Illuminate\Foundation\Http\Middleware\VerifyCsrfToken->handle(Object(Illuminate\Http\Request), Object(Closure))
#1 /home1/kmalith2/eonepisode/vendor/laravel/framework/src/Illuminate/Pipeline/Pipeline.php(125): App\Http\Middleware\VerifyCsrfToken->handle(Object(Illuminate\Http\Request), Object(Closure))
#2 /home1/kmalith2/eonepisode/vendor/laravel/framework/src/Illuminate/View/Middleware/ShareErrorsFromSession.php(55): Illuminate\Pipeline\Pipeline->Illuminate\Pipeline\{closure}(Object(Illuminate\Http\Request))
#3 /home1/kmalith2/eonepisode/vendor/laravel/framework/src/Illuminate/Pipeline/Pipeline.php(125): Illuminate\View\Middleware\ShareErrorsFromSession->handle(Object(Illuminate\Http\Request), Object(Closure))
#4 /home1/kmalith2/eonepisode/vendor/laravel/framework/src/Illuminate/Session/Middleware/StartSession.php(61): Illuminate\Pipeline\Pipeline->Illuminate\Pipeline\{closure}(Object(Illuminate\Http\Request))
#5 /home1/kmalith2/eonepisode/vendor/laravel/framework/src/Illuminate/Pipeline/Pipeline.php(125): Illuminate\Session\Middleware\StartSession->handle(Object(Illuminate\Http\Request), Object(Closure))
#6 /home1/kmalith2/eonepisode/vendor/laravel/framework/src/Illuminate/Cookie/Middleware/AddQueuedCookiesToResponse.php(36): Illuminate\Pipeline\Pipeline->Illuminate\Pipeline\{closure}(Object(Illuminate\Http\Request))
#7 /home1/kmalith2/eonepisode/vendor/laravel/framework/src/Illuminate/Pipeline/Pipeline.php(125): Illuminate\Cookie\Middleware\AddQueuedCookiesToResponse->handle(Object(Illuminate\Http\Request), Object(Closure))
#8 /home1/kmalith2/eonepisode/vendor/laravel/framework/src/Illuminate/Cookie/Middleware/EncryptCookies.php(40): Illuminate\Pipeline\Pipeline->Illuminate\Pipeline\{closure}(Object(Illuminate\Http\Request))
#9 /home1/kmalith2/eonepisode/vendor/laravel/framework/src/Illuminate/Pipeline/Pipeline.php(125): Illuminate\Cookie\Middleware\EncryptCookies->handle(Object(Illuminate\Http\Request), Object(Closure))
#10 /home1/kmalith2/eonepisode/app/Http/Middleware/CheckForMaintenanceMode.php(26): Illuminate\Pipeline\Pipeline->Illuminate\Pipeline\{closure}(Object(Illuminate\Http\Request))
#11 /home1/kmalith2/eonepisode/vendor/laravel/framework/src/Illuminate/Pipeline/Pipeline.php(125): App\Http\Middleware\CheckForMaintenanceMode->handle(Object(Illuminate\Http\Request), Object(Closure))
#12 [internal function]: Illuminate\Pipeline\Pipeline->Illuminate\Pipeline\{closure}(Object(Illuminate\Http\Request))
#13 /home1/kmalith2/eonepisode/vendor/laravel/framework/src/Illuminate/Pipeline/Pipeline.php(100): call_user_func(Object(Closure), Object(Illuminate\Http\Request))
#14 /home1/kmalith2/eonepisode/vendor/laravel/framework/src/Illuminate/Foundation/Http/Kernel.php(111): Illuminate\Pipeline\Pipeline->then(Object(Closure))
#15 /home1/kmalith2/eonepisode/vendor/laravel/framework/src/Illuminate/Foundation/Http/Kernel.php(84): Illuminate\Foundation\Http\Kernel->sendRequestThroughRouter(Object(Illuminate\Http\Request))
#16 /home1/kmalith2/public_html/index.php(53): Illuminate\Foundation\Http\Kernel->handle(Object(Illuminate\Http\Request))
#17 {main}  
[2026-09-07 03:11:26] local.ERROR: Illuminate\Session\TokenMismatchException in /home1/kmalith2/eonepisode/vendor/laravel/framework/src/Illuminate/Foundation/Http/Middleware/VerifyCsrfToken.php:46
Stack trace:
#0 /home1/kmalith2/eonepisode/app/Http/Middleware/VerifyCsrfToken.php(17): Illuminate\Foundation\Http\Middleware\VerifyCsrfToken->handle(Object(Illuminate\Http\Request), Object(Closure))
#1 /home1/kmalith2/eonepisode/vendor/laravel/framework/src/Illuminate/Pipeline/Pipeline.php(125): App\Http\Middleware\VerifyCsrfToken->handle(Object(Illuminate\Http\Request), Object(Closure))
#2 /home1/kmalith2/eonepisode/vendor/laravel/framework/src/Illuminate/View/Middleware/ShareErrorsFromSession.php(55): Illuminate\Pipeline\Pipeline->Illuminate\Pipeline\{closure}(Object(Illuminate\Http\Request))
#3 /home1/kmalith2/eonepisode/vendor/laravel/framework/src/Illuminate/Pipeline/Pipeline.php(125): Illuminate\View\Middleware\ShareErrorsFromSession->handle(Object(Illuminate\Http\Request), Object(Closure))
#4 /home1/kmalith2/eonepisode/vendor/laravel/framework/src/Illuminate/Session/Middleware/StartSession.php(61): Illuminate\Pipeline\Pipeline->Illuminate\Pipeline\{closure}(Object(Illuminate\Http\Request))
#5 /home1/kmalith2/eonepisode/vendor/laravel/framework/src/Illuminate/Pipeline/Pipeline.php(125): Illuminate\Session\Middleware\StartSession->handle(Object(Illuminate\Http\Request), Object(Closure))
#6 /home1/kmalith2/eonepisode/vendor/laravel/framework/src/Illuminate/Cookie/Middleware/AddQueuedCookiesToResponse.php(36): Illuminate\Pipeline\Pipeline->Illuminate\Pipeline\{closure}(Object(Illuminate\Http\Request))
#7 /home1/kmalith2/eonepisode/vendor/laravel/framework/src/Illuminate/Pipeline/Pipeline.php(125): Illuminate\Cookie\Middleware\AddQueuedCookiesToResponse->handle(Object(Illuminate\Http\Request), Object(Closure))
#8 /home1/kmalith2/eonepisode/vendor/laravel/framework/src/Illuminate/Cookie/Middleware/EncryptCookies.php(40): Illuminate\Pipeline\Pipeline->Illuminate\Pipeline\{closure}(Object(Illuminate\Http\Request))
#9 /home1/kmalith2/eonepisode/vendor/laravel/framework/src/Illuminate/Pipeline/Pipeline.php(125): Illuminate\Cookie\Middleware\EncryptCookies->handle(Object(Illuminate\Http\Request), Object(Closure))
#10 /home1/kmalith2/eonepisode/app/Http/Middleware/CheckForMaintenanceMode.php(26): Illuminate\Pipeline\Pipeline->Illuminate\Pipeline\{closure}(Object(Illuminate\Http\Request))
#11 /home1/kmalith2/eonepisode/vendor/laravel/framework/src/Illuminate/Pipeline/Pipeline.php(125): App\Http\Middleware\CheckForMaintenanceMode->handle(Object(Illuminate\Http\Request), Object(Closure))
#12 [internal function]: Illuminate\Pipeline\Pipeline->Illuminate\Pipeline\{closure}(Object(Illuminate\Http\Request))
#13 /home1/kmalith2/eonepisode/vendor/laravel/framework/src/Illuminate/Pipeline/Pipeline.php(100): call_user_func(Object(Closure), Object(Illuminate\Http\Request))
#14 /home1/kmalith2/eonepisode/vendor/laravel/framework/src/Illuminate/Foundation/Http/Kernel.php(111): Illuminate\Pipeline\Pipeline->then(Object(Closure))
#15 /home1/kmalith2/eonepisode/vendor/laravel/framework/src/Illuminate/Foundation/Http/Kernel.php(84): Illuminate\Foundation\Http\Kernel->sendRequestThroughRouter(Object(Illuminate\Http\Request))
#16 /home1/kmalith2/public_html/index.php(53): Illuminate\Foundation\Http\Kernel->handle(Object(Illuminate\Http\Request))
#17 {main}  
[2026-09-07 03:11:27] local.ERROR: Illuminate\Session\TokenMismatchException in /home1/kmalith2/eonepisode/vendor/laravel/framework/src/Illuminate/Foundation/Http/Middleware/VerifyCsrfToken.php:46
Stack trace:
#0 /home1/kmalith2/eonepisode/app/Http/Middleware/VerifyCsrfToken.php(17): Illuminate\Foundation\Http\Middleware\VerifyCsrfToken->handle(Object(Illuminate\Http\Request), Object(Closure))
#1 /home1/kmalith2/eonepisode/vendor/laravel/framework/src/Illuminate/Pipeline/Pipeline.php(125): App\Http\Middleware\VerifyCsrfToken->handle(Object(Illuminate\Http\Request), Object(Closure))
#2 /home1/kmalith2/eonepisode/vendor/laravel/framework/src/Illuminate/View/Middleware/ShareErrorsFromSession.php(55): Illuminate\Pipeline\Pipeline->Illuminate\Pipeline\{closure}(Object(Illuminate\Http\Request))
#3 /home1/kmalith2/eonepisode/vendor/laravel/framework/src/Illuminate/Pipeline/Pipeline.php(125): Illuminate\View\Middleware\ShareErrorsFromSession->handle(Object(Illuminate\Http\Request), Object(Closure))
#4 /home1/kmalith2/eonepisode/vendor/laravel/framework/src/Illuminate/Session/Middleware/StartSession.php(61): Illuminate\Pipeline\Pipeline->Illuminate\Pipeline\{closure}(Object(Illuminate\Http\Request))
#5 /home1/kmalith2/eonepisode/vendor/laravel/framework/src/Illuminate/Pipeline/Pipeline.php(125): Illuminate\Session\Middleware\StartSession->handle(Object(Illuminate\Http\Request), Object(Closure))
#6 /home1/kmalith2/eonepisode/vendor/laravel/framework/src/Illuminate/Cookie/Middleware/AddQueuedCookiesToResponse.php(36): Illuminate\Pipeline\Pipeline->Illuminate\Pipeline\{closure}(Object(Illuminate\Http\Request))
#7 /home1/kmalith2/eonepisode/vendor/laravel/framework/src/Illuminate/Pipeline/Pipeline.php(125): Illuminate\Cookie\Middleware\AddQueuedCookiesToResponse->handle(Object(Illuminate\Http\Request), Object(Closure))
#8 /home1/kmalith2/eonepisode/vendor/laravel/framework/src/Illuminate/Cookie/Middleware/EncryptCookies.php(40): Illuminate\Pipeline\Pipeline->Illuminate\Pipeline\{closure}(Object(Illuminate\Http\Request))
#9 /home1/kmalith2/eonepisode/vendor/laravel/framework/src/Illuminate/Pipeline/Pipeline.php(125): Illuminate\Cookie\Middleware\EncryptCookies->handle(Object(Illuminate\Http\Request), Object(Closure))
#10 /home1/kmalith2/eonepisode/app/Http/Middleware/CheckForMaintenanceMode.php(26): Illuminate\Pipeline\Pipeline->Illuminate\Pipeline\{closure}(Object(Illuminate\Http\Request))
#11 /home1/kmalith2/eonepisode/vendor/laravel/framework/src/Illuminate/Pipeline/Pipeline.php(125): App\Http\Middleware\CheckForMaintenanceMode->handle(Object(Illuminate\Http\Request), Object(Closure))
#12 [internal function]: Illuminate\Pipeline\Pipeline->Illuminate\Pipeline\{closure}(Object(Illuminate\Http\Request))
#13 /home1/kmalith2/eonepisode/vendor/laravel/framework/src/Illuminate/Pipeline/Pipeline.php(100): call_user_func(Object(Closure), Object(Illuminate\Http\Request))
#14 /home1/kmalith2/eonepisode/vendor/laravel/framework/src/Illuminate/Foundation/Http/Kernel.php(111): Illuminate\Pipeline\Pipeline->then(Object(Closure))
#15 /home1/kmalith2/eonepisode/vendor/laravel/framework/src/Illuminate/Foundation/Http/Kernel.php(84): Illuminate\Foundation\Http\Kernel->sendRequestThroughRouter(Object(Illuminate\Http\Request))
#16 /home1/kmalith2/public_html/index.php(53): Illuminate\Foundation\Http\Kernel->handle(Object(Illuminate\Http\Request))
#17 {main}  
[2026-09-07 03:11:28] local.ERROR: Illuminate\Session\TokenMismatchException in /home1/kmalith2/eonepisode/vendor/laravel/framework/src/Illuminate/Foundation/Http/Middleware/VerifyCsrfToken.php:46
Stack trace:
#0 /home1/kmalith2/eonepisode/app/Http/Middleware/VerifyCsrfToken.php(17): Illuminate\Foundation\Http\Middleware\VerifyCsrfToken->handle(Object(Illuminate\Http\Request), Object(Closure))
#1 /home1/kmalith2/eonepisode/vendor/laravel/framework/src/Illuminate/Pipeline/Pipeline.php(125): App\Http\Middleware\VerifyCsrfToken->handle(Object(Illuminate\Http\Request), Object(Closure))
#2 /home1/kmalith2/eonepisode/vendor/laravel/framework/src/Illuminate/View/Middleware/ShareErrorsFromSession.php(55): Illuminate\Pipeline\Pipeline->Illuminate\Pipeline\{closure}(Object(Illuminate\Http\Request))
#3 /home1/kmalith2/eonepisode/vendor/laravel/framework/src/Illuminate/Pipeline/Pipeline.php(125): Illuminate\View\Middleware\ShareErrorsFromSession->handle(Object(Illuminate\Http\Request), Object(Closure))
#4 /home1/kmalith2/eonepisode/vendor/laravel/framework/src/Illuminate/Session/Middleware/StartSession.php(61): Illuminate\Pipeline\Pipeline->Illuminate\Pipeline\{closure}(Object(Illuminate\Http\Request))
#5 /home1/kmalith2/eonepisode/vendor/laravel/framework/src/Illuminate/Pipeline/Pipeline.php(125): Illuminate\Session\Middleware\StartSession->handle(Object(Illuminate\Http\Request), Object(Closure))
#6 /home1/kmalith2/eonepisode/vendor/laravel/framework/src/Illuminate/Cookie/Middleware/AddQueuedCookiesToResponse.php(36): Illuminate\Pipeline\Pipeline->Illuminate\Pipeline\{closure}(Object(Illuminate\Http\Request))
#7 /home1/kmalith2/eonepisode/vendor/laravel/framework/src/Illuminate/Pipeline/Pipeline.php(125): Illuminate\Cookie\Middleware\AddQueuedCookiesToResponse->handle(Object(Illuminate\Http\Request), Object(Closure))
#8 /home1/kmalith2/eonepisode/vendor/laravel/framework/src/Illuminate/Cookie/Middleware/EncryptCookies.php(40): Illuminate\Pipeline\Pipeline->Illuminate\Pipeline\{closure}(Object(Illuminate\Http\Request))
#9 /home1/kmalith2/eonepisode/vendor/laravel/framework/src/Illuminate/Pipeline/Pipeline.php(125): Illuminate\Cookie\Middleware\EncryptCookies->handle(Object(Illuminate\Http\Request), Object(Closure))
#10 /home1/kmalith2/eonepisode/app/Http/Middleware/CheckForMaintenanceMode.php(26): Illuminate\Pipeline\Pipeline->Illuminate\Pipeline\{closure}(Object(Illuminate\Http\Request))
#11 /home1/kmalith2/eonepisode/vendor/laravel/framework/src/Illuminate/Pipeline/Pipeline.php(125): App\Http\Middleware\CheckForMaintenanceMode->handle(Object(Illuminate\Http\Request), Object(Closure))
#12 [internal function]: Illuminate\Pipeline\Pipeline->Illuminate\Pipeline\{closure}(Object(Illuminate\Http\Request))
#13 /home1/kmalith2/eonepisode/vendor/laravel/framework/src/Illuminate/Pipeline/Pipeline.php(100): call_user_func(Object(Closure), Object(Illuminate\Http\Request))
#14 /home1/kmalith2/eonepisode/vendor/laravel/framework/src/Illuminate/Foundation/Http/Kernel.php(111): Illuminate\Pipeline\Pipeline->then(Object(Closure))
#15 /home1/kmalith2/eonepisode/vendor/laravel/framework/src/Illuminate/Foundation/Http/Kernel.php(84): Illuminate\Foundation\Http\Kernel->sendRequestThroughRouter(Object(Illuminate\Http\Request))
#16 /home1/kmalith2/public_html/index.php(53): Illuminate\Foundation\Http\Kernel->handle(Object(Illuminate\Http\Request))
#17 {main}  
[2026-09-07 03:11:28] local.ERROR: Illuminate\Session\TokenMismatchException in /home1/kmalith2/eonepisode/vendor/laravel/framework/src/Illuminate/Foundation/Http/Middleware/VerifyCsrfToken.php:46
Stack trace:
#0 /home1/kmalith2/eonepisode/app/Http/Middleware/VerifyCsrfToken.php(17): Illuminate\Foundation\Http\Middleware\VerifyCsrfToken->handle(Object(Illuminate\Http\Request), Object(Closure))
#1 /home1/kmalith2/eonepisode/vendor/laravel/framework/src/Illuminate/Pipeline/Pipeline.php(125): App\Http\Middleware\VerifyCsrfToken->handle(Object(Illuminate\Http\Request), Object(Closure))
#2 /home1/kmalith2/eonepisode/vendor/laravel/framework/src/Illuminate/View/Middleware/ShareErrorsFromSession.php(55): Illuminate\Pipeline\Pipeline->Illuminate\Pipeline\{closure}(Object(Illuminate\Http\Request))
#3 /home1/kmalith2/eonepisode/vendor/laravel/framework/src/Illuminate/Pipeline/Pipeline.php(125): Illuminate\View\Middleware\ShareErrorsFromSession->handle(Object(Illuminate\Http\Request), Object(Closure))
#4 /home1/kmalith2/eonepisode/vendor/laravel/framework/src/Illuminate/Session/Middleware/StartSession.php(61): Illuminate\Pipeline\Pipeline->Illuminate\Pipeline\{closure}(Object(Illuminate\Http\Request))
#5 /home1/kmalith2/eonepisode/vendor/laravel/framework/src/Illuminate/Pipeline/Pipeline.php(125): Illuminate\Session\Middleware\StartSession->handle(Object(Illuminate\Http\Request), Object(Closure))
#6 /home1/kmalith2/eonepisode/vendor/laravel/framework/src/Illuminate/Cookie/Middleware/AddQueuedCookiesToResponse.php(36): Illuminate\Pipeline\Pipeline->Illuminate\Pipeline\{closure}(Object(Illuminate\Http\Request))
#7 /home1/kmalith2/eonepisode/vendor/laravel/framework/src/Illuminate/Pipeline/Pipeline.php(125): Illuminate\Cookie\Middleware\AddQueuedCookiesToResponse->handle(Object(Illuminate\Http\Request), Object(Closure))
#8 /home1/kmalith2/eonepisode/vendor/laravel/framework/src/Illuminate/Cookie/Middleware/EncryptCookies.php(40): Illuminate\Pipeline\Pipeline->Illuminate\Pipeline\{closure}(Object(Illuminate\Http\Request))
#9 /home1/kmalith2/eonepisode/vendor/laravel/framework/src/Illuminate/Pipeline/Pipeline.php(125): Illuminate\Cookie\Middleware\EncryptCookies->handle(Object(Illuminate\Http\Request), Object(Closure))
#10 /home1/kmalith2/eonepisode/app/Http/Middleware/CheckForMaintenanceMode.php(26): Illuminate\Pipeline\Pipeline->Illuminate\Pipeline\{closure}(Object(Illuminate\Http\Request))
#11 /home1/kmalith2/eonepisode/vendor/laravel/framework/src/Illuminate/Pipeline/Pipeline.php(125): App\Http\Middleware\CheckForMaintenanceMode->handle(Object(Illuminate\Http\Request), Object(Closure))
#12 [internal function]: Illuminate\Pipeline\Pipeline->Illuminate\Pipeline\{closure}(Object(Illuminate\Http\Request))
#13 /home1/kmalith2/eonepisode/vendor/laravel/framework/src/Illuminate/Pipeline/Pipeline.php(100): call_user_func(Object(Closure), Object(Illuminate\Http\Request))
#14 /home1/kmalith2/eonepisode/vendor/laravel/framework/src/Illuminate/Foundation/Http/Kernel.php(111): Illuminate\Pipeline\Pipeline->then(Object(Closure))
#15 /home1/kmalith2/eonepisode/vendor/laravel/framework/src/Illuminate/Foundation/Http/Kernel.php(84): Illuminate\Foundation\Http\Kernel->sendRequestThroughRouter(Object(Illuminate\Http\Request))
#16 /home1/kmalith2/public_html/index.php(53): Illuminate\Foundation\Http\Kernel->handle(Object(Illuminate\Http\Request))
#17 {main}  
[2026-09-07 03:11:29] local.ERROR: Illuminate\Session\TokenMismatchException in /home1/kmalith2/eonepisode/vendor/laravel/framework/src/Illuminate/Foundation/Http/Middleware/VerifyCsrfToken.php:46
Stack trace:
#0 /home1/kmalith2/eonepisode/app/Http/Middleware/VerifyCsrfToken.php(17): Illuminate\Foundation\Http\Middleware\VerifyCsrfToken->handle(Object(Illuminate\Http\Request), Object(Closure))
#1 /home1/kmalith2/eonepisode/vendor/laravel/framework/src/Illuminate/Pipeline/Pipeline.php(125): App\Http\Middleware\VerifyCsrfToken->handle(Object(Illuminate\Http\Request), Object(Closure))
#2 /home1/kmalith2/eonepisode/vendor/laravel/framework/src/Illuminate/View/Middleware/ShareErrorsFromSession.php(55): Illuminate\Pipeline\Pipeline->Illuminate\Pipeline\{closure}(Object(Illuminate\Http\Request))
#3 /home1/kmalith2/eonepisode/vendor/laravel/framework/src/Illuminate/Pipeline/Pipeline.php(125): Illuminate\View\Middleware\ShareErrorsFromSession->handle(Object(Illuminate\Http\Request), Object(Closure))
#4 /home1/kmalith2/eonepisode/vendor/laravel/framework/src/Illuminate/Session/Middleware/StartSession.php(61): Illuminate\Pipeline\Pipeline->Illuminate\Pipeline\{closure}(Object(Illuminate\Http\Request))
#5 /home1/kmalith2/eonepisode/vendor/laravel/framework/src/Illuminate/Pipeline/Pipeline.php(125): Illuminate\Session\Middleware\StartSession->handle(Object(Illuminate\Http\Request), Object(Closure))
#6 /home1/kmalith2/eonepisode/vendor/laravel/framework/src/Illuminate/Cookie/Middleware/AddQueuedCookiesToResponse.php(36): Illuminate\Pipeline\Pipeline->Illuminate\Pipeline\{closure}(Object(Illuminate\Http\Request))
#7 /home1/kmalith2/eonepisode/vendor/laravel/framework/src/Illuminate/Pipeline/Pipeline.php(125): Illuminate\Cookie\Middleware\AddQueuedCookiesToResponse->handle(Object(Illuminate\Http\Request), Object(Closure))
#8 /home1/kmalith2/eonepisode/vendor/laravel/framework/src/Illuminate/Cookie/Middleware/EncryptCookies.php(40): Illuminate\Pipeline\Pipeline->Illuminate\Pipeline\{closure}(Object(Illuminate\Http\Request))
#9 /home1/kmalith2/eonepisode/vendor/laravel/framework/src/Illuminate/Pipeline/Pipeline.php(125): Illuminate\Cookie\Middleware\EncryptCookies->handle(Object(Illuminate\Http\Request), Object(Closure))
#10 /home1/kmalith2/eonepisode/app/Http/Middleware/CheckForMaintenanceMode.php(26): Illuminate\Pipeline\Pipeline->Illuminate\Pipeline\{closure}(Object(Illuminate\Http\Request))
#11 /home1/kmalith2/eonepisode/vendor/laravel/framework/src/Illuminate/Pipeline/Pipeline.php(125): App\Http\Middleware\CheckForMaintenanceMode->handle(Object(Illuminate\Http\Request), Object(Closure))
#12 [internal function]: Illuminate\Pipeline\Pipeline->Illuminate\Pipeline\{closure}(Object(Illuminate\Http\Request))
#13 /home1/kmalith2/eonepisode/vendor/laravel/framework/src/Illuminate/Pipeline/Pipeline.php(100): call_user_func(Object(Closure), Object(Illuminate\Http\Request))
#14 /home1/kmalith2/eonepisode/vendor/laravel/framework/src/Illuminate/Foundation/Http/Kernel.php(111): Illuminate\Pipeline\Pipeline->then(Object(Closure))
#15 /home1/kmalith2/eonepisode/vendor/laravel/framework/src/Illuminate/Foundation/Http/Kernel.php(84): Illuminate\Foundation\Http\Kernel->sendRequestThroughRouter(Object(Illuminate\Http\Request))
#16 /home1/kmalith2/public_html/index.php(53): Illuminate\Foundation\Http\Kernel->handle(Object(Illuminate\Http\Request))
#17 {main}  
[2026-09-07 03:11:32] local.ERROR: Illuminate\Session\TokenMismatchException in /home1/kmalith2/eonepisode/vendor/laravel/framework/src/Illuminate/Foundation/Http/Middleware/VerifyCsrfToken.php:46
Stack trace:
#0 /home1/kmalith2/eonepisode/app/Http/Middleware/VerifyCsrfToken.php(17): Illuminate\Foundation\Http\Middleware\VerifyCsrfToken->handle(Object(Illuminate\Http\Request), Object(Closure))
#1 /home1/kmalith2/eonepisode/vendor/laravel/framework/src/Illuminate/Pipeline/Pipeline.php(125): App\Http\Middleware\VerifyCsrfToken->handle(Object(Illuminate\Http\Request), Object(Closure))
#2 /home1/kmalith2/eonepisode/vendor/laravel/framework/src/Illuminate/View/Middleware/ShareErrorsFromSession.php(55): Illuminate\Pipeline\Pipeline->Illuminate\Pipeline\{closure}(Object(Illuminate\Http\Request))
#3 /home1/kmalith2/eonepisode/vendor/laravel/framework/src/Illuminate/Pipeline/Pipeline.php(125): Illuminate\View\Middleware\ShareErrorsFromSession->handle(Object(Illuminate\Http\Request), Object(Closure))
#4 /home1/kmalith2/eonepisode/vendor/laravel/framework/src/Illuminate/Session/Middleware/StartSession.php(61): Illuminate\Pipeline\Pipeline->Illuminate\Pipeline\{closure}(Object(Illuminate\Http\Request))
#5 /home1/kmalith2/eonepisode/vendor/laravel/framework/src/Illuminate/Pipeline/Pipeline.php(125): Illuminate\Session\Middleware\StartSession->handle(Object(Illuminate\Http\Request), Object(Closure))
#6 /home1/kmalith2/eonepisode/vendor/laravel/framework/src/Illuminate/Cookie/Middleware/AddQueuedCookiesToResponse.php(36): Illuminate\Pipeline\Pipeline->Illuminate\Pipeline\{closure}(Object(Illuminate\Http\Request))
#7 /home1/kmalith2/eonepisode/vendor/laravel/framework/src/Illuminate/Pipeline/Pipeline.php(125): Illuminate\Cookie\Middleware\AddQueuedCookiesToResponse->handle(Object(Illuminate\Http\Request), Object(Closure))
#8 /home1/kmalith2/eonepisode/vendor/laravel/framework/src/Illuminate/Cookie/Middleware/EncryptCookies.php(40): Illuminate\Pipeline\Pipeline->Illuminate\Pipeline\{closure}(Object(Illuminate\Http\Request))
#9 /home1/kmalith2/eonepisode/vendor/laravel/framework/src/Illuminate/Pipeline/Pipeline.php(125): Illuminate\Cookie\Middleware\EncryptCookies->handle(Object(Illuminate\Http\Request), Object(Closure))
#10 /home1/kmalith2/eonepisode/app/Http/Middleware/CheckForMaintenanceMode.php(26): Illuminate\Pipeline\Pipeline->Illuminate\Pipeline\{closure}(Object(Illuminate\Http\Request))
#11 /home1/kmalith2/eonepisode/vendor/laravel/framework/src/Illuminate/Pipeline/Pipeline.php(125): App\Http\Middleware\CheckForMaintenanceMode->handle(Object(Illuminate\Http\Request), Object(Closure))
#12 [internal function]: Illuminate\Pipeline\Pipeline->Illuminate\Pipeline\{closure}(Object(Illuminate\Http\Request))
#13 /home1/kmalith2/eonepisode/vendor/laravel/framework/src/Illuminate/Pipeline/Pipeline.php(100): call_user_func(Object(Closure), Object(Illuminate\Http\Request))
#14 /home1/kmalith2/eonepisode/vendor/laravel/framework/src/Illuminate/Foundation/Http/Kernel.php(111): Illuminate\Pipeline\Pipeline->then(Object(Closure))
#15 /home1/kmalith2/eonepisode/vendor/laravel/framework/src/Illuminate/Foundation/Http/Kernel.php(84): Illuminate\Foundation\Http\Kernel->sendRequestThroughRouter(Object(Illuminate\Http\Request))
#16 /home1/kmalith2/public_html/index.php(53): Illuminate\Foundation\Http\Kernel->handle(Object(Illuminate\Http\Request))
#17 {main}  
[2026-09-07 03:11:35] local.ERROR: Illuminate\Session\TokenMismatchException in /home1/kmalith2/eonepisode/vendor/laravel/framework/src/Illuminate/Foundation/Http/Middleware/VerifyCsrfToken.php:46
Stack trace:
#0 /home1/kmalith2/eonepisode/app/Http/Middleware/VerifyCsrfToken.php(17): Illuminate\Foundation\Http\Middleware\VerifyCsrfToken->handle(Object(Illuminate\Http\Request), Object(Closure))
#1 /home1/kmalith2/eonepisode/vendor/laravel/framework/src/Illuminate/Pipeline/Pipeline.php(125): App\Http\Middleware\VerifyCsrfToken->handle(Object(Illuminate\Http\Request), Object(Closure))
#2 /home1/kmalith2/eonepisode/vendor/laravel/framework/src/Illuminate/View/Middleware/ShareErrorsFromSession.php(55): Illuminate\Pipeline\Pipeline->Illuminate\Pipeline\{closure}(Object(Illuminate\Http\Request))
#3 /home1/kmalith2/eonepisode/vendor/laravel/framework/src/Illuminate/Pipeline/Pipeline.php(125): Illuminate\View\Middleware\ShareErrorsFromSession->handle(Object(Illuminate\Http\Request), Object(Closure))
#4 /home1/kmalith2/eonepisode/vendor/laravel/framework/src/Illuminate/Session/Middleware/StartSession.php(61): Illuminate\Pipeline\Pipeline->Illuminate\Pipeline\{closure}(Object(Illuminate\Http\Request))
#5 /home1/kmalith2/eonepisode/vendor/laravel/framework/src/Illuminate/Pipeline/Pipeline.php(125): Illuminate\Session\Middleware\StartSession->handle(Object(Illuminate\Http\Request), Object(Closure))
#6 /home1/kmalith2/eonepisode/vendor/laravel/framework/src/Illuminate/Cookie/Middleware/AddQueuedCookiesToResponse.php(36): Illuminate\Pipeline\Pipeline->Illuminate\Pipeline\{closure}(Object(Illuminate\Http\Request))
#7 /home1/kmalith2/eonepisode/vendor/laravel/framework/src/Illuminate/Pipeline/Pipeline.php(125): Illuminate\Cookie\Middleware\AddQueuedCookiesToResponse->handle(Object(Illuminate\Http\Request), Object(Closure))
#8 /home1/kmalith2/eonepisode/vendor/laravel/framework/src/Illuminate/Cookie/Middleware/EncryptCookies.php(40): Illuminate\Pipeline\Pipeline->Illuminate\Pipeline\{closure}(Object(Illuminate\Http\Request))
#9 /home1/kmalith2/eonepisode/vendor/laravel/framework/src/Illuminate/Pipeline/Pipeline.php(125): Illuminate\Cookie\Middleware\EncryptCookies->handle(Object(Illuminate\Http\Request), Object(Closure))
#10 /home1/kmalith2/eonepisode/app/Http/Middleware/CheckForMaintenanceMode.php(26): Illuminate\Pipeline\Pipeline->Illuminate\Pipeline\{closure}(Object(Illuminate\Http\Request))
#11 /home1/kmalith2/eonepisode/vendor/laravel/framework/src/Illuminate/Pipeline/Pipeline.php(125): App\Http\Middleware\CheckForMaintenanceMode->handle(Object(Illuminate\Http\Request), Object(Closure))
#12 [internal function]: Illuminate\Pipeline\Pipeline->Illuminate\Pipeline\{closure}(Object(Illuminate\Http\Request))
#13 /home1/kmalith2/eonepisode/vendor/laravel/framework/src/Illuminate/Pipeline/Pipeline.php(100): call_user_func(Object(Closure), Object(Illuminate\Http\Request))
#14 /home1/kmalith2/eonepisode/vendor/laravel/framework/src/Illuminate/Foundation/Http/Kernel.php(111): Illuminate\Pipeline\Pipeline->then(Object(Closure))
#15 /home1/kmalith2/eonepisode/vendor/laravel/framework/src/Illuminate/Foundation/Http/Kernel.php(84): Illuminate\Foundation\Http\Kernel->sendRequestThroughRouter(Object(Illuminate\Http\Request))
#16 /home1/kmalith2/public_html/index.php(53): Illuminate\Foundation\Http\Kernel->handle(Object(Illuminate\Http\Request))
#17 {main}  
[2026-09-07 03:11:35] local.ERROR: Illuminate\Session\TokenMismatchException in /home1/kmalith2/eonepisode/vendor/laravel/framework/src/Illuminate/Foundation/Http/Middleware/VerifyCsrfToken.php:46
Stack trace:
#0 /home1/kmalith2/eonepisode/app/Http/Middleware/VerifyCsrfToken.php(17): Illuminate\Foundation\Http\Middleware\VerifyCsrfToken->handle(Object(Illuminate\Http\Request), Object(Closure))
#1 /home1/kmalith2/eonepisode/vendor/laravel/framework/src/Illuminate/Pipeline/Pipeline.php(125): App\Http\Middleware\VerifyCsrfToken->handle(Object(Illuminate\Http\Request), Object(Closure))
#2 /home1/kmalith2/eonepisode/vendor/laravel/framework/src/Illuminate/View/Middleware/ShareErrorsFromSession.php(55): Illuminate\Pipeline\Pipeline->Illuminate\Pipeline\{closure}(Object(Illuminate\Http\Request))
#3 /home1/kmalith2/eonepisode/vendor/laravel/framework/src/Illuminate/Pipeline/Pipeline.php(125): Illuminate\View\Middleware\ShareErrorsFromSession->handle(Object(Illuminate\Http\Request), Object(Closure))
#4 /home1/kmalith2/eonepisode/vendor/laravel/framework/src/Illuminate/Session/Middleware/StartSession.php(61): Illuminate\Pipeline\Pipeline->Illuminate\Pipeline\{closure}(Object(Illuminate\Http\Request))
#5 /home1/kmalith2/eonepisode/vendor/laravel/framework/src/Illuminate/Pipeline/Pipeline.php(125): Illuminate\Session\Middleware\StartSession->handle(Object(Illuminate\Http\Request), Object(Closure))
#6 /home1/kmalith2/eonepisode/vendor/laravel/framework/src/Illuminate/Cookie/Middleware/AddQueuedCookiesToResponse.php(36): Illuminate\Pipeline\Pipeline->Illuminate\Pipeline\{closure}(Object(Illuminate\Http\Request))
#7 /home1/kmalith2/eonepisode/vendor/laravel/framework/src/Illuminate/Pipeline/Pipeline.php(125): Illuminate\Cookie\Middleware\AddQueuedCookiesToResponse->handle(Object(Illuminate\Http\Request), Object(Closure))
#8 /home1/kmalith2/eonepisode/vendor/laravel/framework/src/Illuminate/Cookie/Middleware/EncryptCookies.php(40): Illuminate\Pipeline\Pipeline->Illuminate\Pipeline\{closure}(Object(Illuminate\Http\Request))
#9 /home1/kmalith2/eonepisode/vendor/laravel/framework/src/Illuminate/Pipeline/Pipeline.php(125): Illuminate\Cookie\Middleware\EncryptCookies->handle(Object(Illuminate\Http\Request), Object(Closure))
#10 /home1/kmalith2/eonepisode/app/Http/Middleware/CheckForMaintenanceMode.php(26): Illuminate\Pipeline\Pipeline->Illuminate\Pipeline\{closure}(Object(Illuminate\Http\Request))
#11 /home1/kmalith2/eonepisode/vendor/laravel/framework/src/Illuminate/Pipeline/Pipeline.php(125): App\Http\Middleware\CheckForMaintenanceMode->handle(Object(Illuminate\Http\Request), Object(Closure))
#12 [internal function]: Illuminate\Pipeline\Pipeline->Illuminate\Pipeline\{closure}(Object(Illuminate\Http\Request))
#13 /home1/kmalith2/eonepisode/vendor/laravel/framework/src/Illuminate/Pipeline/Pipeline.php(100): call_user_func(Object(Closure), Object(Illuminate\Http\Request))
#14 /home1/kmalith2/eonepisode/vendor/laravel/framework/src/Illuminate/Foundation/Http/Kernel.php(111): Illuminate\Pipeline\Pipeline->then(Object(Closure))
#15 /home1/kmalith2/eonepisode/vendor/laravel/framework/src/Illuminate/Foundation/Http/Kernel.php(84): Illuminate\Foundation\Http\Kernel->sendRequestThroughRouter(Object(Illuminate\Http\Request))
#16 /home1/kmalith2/public_html/index.php(53): Illuminate\Foundation\Http\Kernel->handle(Object(Illuminate\Http\Request))
#17 {main}  
[2026-09-07 03:11:36] local.ERROR: Illuminate\Session\TokenMismatchException in /home1/kmalith2/eonepisode/vendor/laravel/framework/src/Illuminate/Foundation/Http/Middleware/VerifyCsrfToken.php:46
Stack trace:
#0 /home1/kmalith2/eonepisode/app/Http/Middleware/VerifyCsrfToken.php(17): Illuminate\Foundation\Http\Middleware\VerifyCsrfToken->handle(Object(Illuminate\Http\Request), Object(Closure))
#1 /home1/kmalith2/eonepisode/vendor/laravel/framework/src/Illuminate/Pipeline/Pipeline.php(125): App\Http\Middleware\VerifyCsrfToken->handle(Object(Illuminate\Http\Request), Object(Closure))
#2 /home1/kmalith2/eonepisode/vendor/laravel/framework/src/Illuminate/View/Middleware/ShareErrorsFromSession.php(55): Illuminate\Pipeline\Pipeline->Illuminate\Pipeline\{closure}(Object(Illuminate\Http\Request))
#3 /home1/kmalith2/eonepisode/vendor/laravel/framework/src/Illuminate/Pipeline/Pipeline.php(125): Illuminate\View\Middleware\ShareErrorsFromSession->handle(Object(Illuminate\Http\Request), Object(Closure))
#4 /home1/kmalith2/eonepisode/vendor/laravel/framework/src/Illuminate/Session/Middleware/StartSession.php(61): Illuminate\Pipeline\Pipeline->Illuminate\Pipeline\{closure}(Object(Illuminate\Http\Request))
#5 /home1/kmalith2/eonepisode/vendor/laravel/framework/src/Illuminate/Pipeline/Pipeline.php(125): Illuminate\Session\Middleware\StartSession->handle(Object(Illuminate\Http\Request), Object(Closure))
#6 /home1/kmalith2/eonepisode/vendor/laravel/framework/src/Illuminate/Cookie/Middleware/AddQueuedCookiesToResponse.php(36): Illuminate\Pipeline\Pipeline->Illuminate\Pipeline\{closure}(Object(Illuminate\Http\Request))
#7 /home1/kmalith2/eonepisode/vendor/laravel/framework/src/Illuminate/Pipeline/Pipeline.php(125): Illuminate\Cookie\Middleware\AddQueuedCookiesToResponse->handle(Object(Illuminate\Http\Request), Object(Closure))
#8 /home1/kmalith2/eonepisode/vendor/laravel/framework/src/Illuminate/Cookie/Middleware/EncryptCookies.php(40): Illuminate\Pipeline\Pipeline->Illuminate\Pipeline\{closure}(Object(Illuminate\Http\Request))
#9 /home1/kmalith2/eonepisode/vendor/laravel/framework/src/Illuminate/Pipeline/Pipeline.php(125): Illuminate\Cookie\Middleware\EncryptCookies->handle(Object(Illuminate\Http\Request), Object(Closure))
#10 /home1/kmalith2/eonepisode/app/Http/Middleware/CheckForMaintenanceMode.php(26): Illuminate\Pipeline\Pipeline->Illuminate\Pipeline\{closure}(Object(Illuminate\Http\Request))
#11 /home1/kmalith2/eonepisode/vendor/laravel/framework/src/Illuminate/Pipeline/Pipeline.php(125): App\Http\Middleware\CheckForMaintenanceMode->handle(Object(Illuminate\Http\Request), Object(Closure))
#12 [internal function]: Illuminate\Pipeline\Pipeline->Illuminate\Pipeline\{closure}(Object(Illuminate\Http\Request))
#13 /home1/kmalith2/eonepisode/vendor/laravel/framework/src/Illuminate/Pipeline/Pipeline.php(100): call_user_func(Object(Closure), Object(Illuminate\Http\Request))
#14 /home1/kmalith2/eonepisode/vendor/laravel/framework/src/Illuminate/Foundation/Http/Kernel.php(111): Illuminate\Pipeline\Pipeline->then(Object(Closure))
#15 /home1/kmalith2/eonepisode/vendor/laravel/framework/src/Illuminate/Foundation/Http/Kernel.php(84): Illuminate\Foundation\Http\Kernel->sendRequestThroughRouter(Object(Illuminate\Http\Request))
#16 /home1/kmalith2/public_html/index.php(53): Illuminate\Foundation\Http\Kernel->handle(Object(Illuminate\Http\Request))
#17 {main}  
[2026-09-07 03:11:37] local.ERROR: Illuminate\Session\TokenMismatchException in /home1/kmalith2/eonepisode/vendor/laravel/framework/src/Illuminate/Foundation/Http/Middleware/VerifyCsrfToken.php:46
Stack trace:
#0 /home1/kmalith2/eonepisode/app/Http/Middleware/VerifyCsrfToken.php(17): Illuminate\Foundation\Http\Middleware\VerifyCsrfToken->handle(Object(Illuminate\Http\Request), Object(Closure))
#1 /home1/kmalith2/eonepisode/vendor/laravel/framework/src/Illuminate/Pipeline/Pipeline.php(125): App\Http\Middleware\VerifyCsrfToken->handle(Object(Illuminate\Http\Request), Object(Closure))
#2 /home1/kmalith2/eonepisode/vendor/laravel/framework/src/Illuminate/View/Middleware/ShareErrorsFromSession.php(55): Illuminate\Pipeline\Pipeline->Illuminate\Pipeline\{closure}(Object(Illuminate\Http\Request))
#3 /home1/kmalith2/eonepisode/vendor/laravel/framework/src/Illuminate/Pipeline/Pipeline.php(125): Illuminate\View\Middleware\ShareErrorsFromSession->handle(Object(Illuminate\Http\Request), Object(Closure))
#4 /home1/kmalith2/eonepisode/vendor/laravel/framework/src/Illuminate/Session/Middleware/StartSession.php(61): Illuminate\Pipeline\Pipeline->Illuminate\Pipeline\{closure}(Object(Illuminate\Http\Request))
#5 /home1/kmalith2/eonepisode/vendor/laravel/framework/src/Illuminate/Pipeline/Pipeline.php(125): Illuminate\Session\Middleware\StartSession->handle(Object(Illuminate\Http\Request), Object(Closure))
#6 /home1/kmalith2/eonepisode/vendor/laravel/framework/src/Illuminate/Cookie/Middleware/AddQueuedCookiesToResponse.php(36): Illuminate\Pipeline\Pipeline->Illuminate\Pipeline\{closure}(Object(Illuminate\Http\Request))
#7 /home1/kmalith2/eonepisode/vendor/laravel/framework/src/Illuminate/Pipeline/Pipeline.php(125): Illuminate\Cookie\Middleware\AddQueuedCookiesToResponse->handle(Object(Illuminate\Http\Request), Object(Closure))
#8 /home1/kmalith2/eonepisode/vendor/laravel/framework/src/Illuminate/Cookie/Middleware/EncryptCookies.php(40): Illuminate\Pipeline\Pipeline->Illuminate\Pipeline\{closure}(Object(Illuminate\Http\Request))
#9 /home1/kmalith2/eonepisode/vendor/laravel/framework/src/Illuminate/Pipeline/Pipeline.php(125): Illuminate\Cookie\Middleware\EncryptCookies->handle(Object(Illuminate\Http\Request), Object(Closure))
#10 /home1/kmalith2/eonepisode/app/Http/Middleware/CheckForMaintenanceMode.php(26): Illuminate\Pipeline\Pipeline->Illuminate\Pipeline\{closure}(Object(Illuminate\Http\Request))
#11 /home1/kmalith2/eonepisode/vendor/laravel/framework/src/Illuminate/Pipeline/Pipeline.php(125): App\Http\Middleware\CheckForMaintenanceMode->handle(Object(Illuminate\Http\Request), Object(Closure))
#12 [internal function]: Illuminate\Pipeline\Pipeline->Illuminate\Pipeline\{closure}(Object(Illuminate\Http\Request))
#13 /home1/kmalith2/eonepisode/vendor/laravel/framework/src/Illuminate/Pipeline/Pipeline.php(100): call_user_func(Object(Closure), Object(Illuminate\Http\Request))
#14 /home1/kmalith2/eonepisode/vendor/laravel/framework/src/Illuminate/Foundation/Http/Kernel.php(111): Illuminate\Pipeline\Pipeline->then(Object(Closure))
#15 /home1/kmalith2/eonepisode/vendor/laravel/framework/src/Illuminate/Foundation/Http/Kernel.php(84): Illuminate\Foundation\Http\Kernel->sendRequestThroughRouter(Object(Illuminate\Http\Request))
#16 /home1/kmalith2/public_html/index.php(53): Illuminate\Foundation\Http\Kernel->handle(Object(Illuminate\Http\Request))
#17 {main}  
[2026-09-07 03:11:40] local.ERROR: Illuminate\Session\TokenMismatchException in /home1/kmalith2/eonepisode/vendor/laravel/framework/src/Illuminate/Foundation/Http/Middleware/VerifyCsrfToken.php:46
Stack trace:
#0 /home1/kmalith2/eonepisode/app/Http/Middleware/VerifyCsrfToken.php(17): Illuminate\Foundation\Http\Middleware\VerifyCsrfToken->handle(Object(Illuminate\Http\Request), Object(Closure))
#1 /home1/kmalith2/eonepisode/vendor/laravel/framework/src/Illuminate/Pipeline/Pipeline.php(125): App\Http\Middleware\VerifyCsrfToken->handle(Object(Illuminate\Http\Request), Object(Closure))
#2 /home1/kmalith2/eonepisode/vendor/laravel/framework/src/Illuminate/View/Middleware/ShareErrorsFromSession.php(55): Illuminate\Pipeline\Pipeline->Illuminate\Pipeline\{closure}(Object(Illuminate\Http\Request))
#3 /home1/kmalith2/eonepisode/vendor/laravel/framework/src/Illuminate/Pipeline/Pipeline.php(125): Illuminate\View\Middleware\ShareErrorsFromSession->handle(Object(Illuminate\Http\Request), Object(Closure))
#4 /home1/kmalith2/eonepisode/vendor/laravel/framework/src/Illuminate/Session/Middleware/StartSession.php(61): Illuminate\Pipeline\Pipeline->Illuminate\Pipeline\{closure}(Object(Illuminate\Http\Request))
#5 /home1/kmalith2/eonepisode/vendor/laravel/framework/src/Illuminate/Pipeline/Pipeline.php(125): Illuminate\Session\Middleware\StartSession->handle(Object(Illuminate\Http\Request), Object(Closure))
#6 /home1/kmalith2/eonepisode/vendor/laravel/framework/src/Illuminate/Cookie/Middleware/AddQueuedCookiesToResponse.php(36): Illuminate\Pipeline\Pipeline->Illuminate\Pipeline\{closure}(Object(Illuminate\Http\Request))
#7 /home1/kmalith2/eonepisode/vendor/laravel/framework/src/Illuminate/Pipeline/Pipeline.php(125): Illuminate\Cookie\Middleware\AddQueuedCookiesToResponse->handle(Object(Illuminate\Http\Request), Object(Closure))
#8 /home1/kmalith2/eonepisode/vendor/laravel/framework/src/Illuminate/Cookie/Middleware/EncryptCookies.php(40): Illuminate\Pipeline\Pipeline->Illuminate\Pipeline\{closure}(Object(Illuminate\Http\Request))
#9 /home1/kmalith2/eonepisode/vendor/laravel/framework/src/Illuminate/Pipeline/Pipeline.php(125): Illuminate\Cookie\Middleware\EncryptCookies->handle(Object(Illuminate\Http\Request), Object(Closure))
#10 /home1/kmalith2/eonepisode/app/Http/Middleware/CheckForMaintenanceMode.php(26): Illuminate\Pipeline\Pipeline->Illuminate\Pipeline\{closure}(Object(Illuminate\Http\Request))
#11 /home1/kmalith2/eonepisode/vendor/laravel/framework/src/Illuminate/Pipeline/Pipeline.php(125): App\Http\Middleware\CheckForMaintenanceMode->handle(Object(Illuminate\Http\Request), Object(Closure))
#12 [internal function]: Illuminate\Pipeline\Pipeline->Illuminate\Pipeline\{closure}(Object(Illuminate\Http\Request))
#13 /home1/kmalith2/eonepisode/vendor/laravel/framework/src/Illuminate/Pipeline/Pipeline.php(100): call_user_func(Object(Closure), Object(Illuminate\Http\Request))
#14 /home1/kmalith2/eonepisode/vendor/laravel/framework/src/Illuminate/Foundation/Http/Kernel.php(111): Illuminate\Pipeline\Pipeline->then(Object(Closure))
#15 /home1/kmalith2/eonepisode/vendor/laravel/framework/src/Illuminate/Foundation/Http/Kernel.php(84): Illuminate\Foundation\Http\Kernel->sendRequestThroughRouter(Object(Illuminate\Http\Request))
#16 /home1/kmalith2/public_html/index.php(53): Illuminate\Foundation\Http\Kernel->handle(Object(Illuminate\Http\Request))
#17 {main}  
[2026-09-07 03:11:40] local.ERROR: Illuminate\Session\TokenMismatchException in /home1/kmalith2/eonepisode/vendor/laravel/framework/src/Illuminate/Foundation/Http/Middleware/VerifyCsrfToken.php:46
Stack trace:
#0 /home1/kmalith2/eonepisode/app/Http/Middleware/VerifyCsrfToken.php(17): Illuminate\Foundation\Http\Middleware\VerifyCsrfToken->handle(Object(Illuminate\Http\Request), Object(Closure))
#1 /home1/kmalith2/eonepisode/vendor/laravel/framework/src/Illuminate/Pipeline/Pipeline.php(125): App\Http\Middleware\VerifyCsrfToken->handle(Object(Illuminate\Http\Request), Object(Closure))
#2 /home1/kmalith2/eonepisode/vendor/laravel/framework/src/Illuminate/View/Middleware/ShareErrorsFromSession.php(55): Illuminate\Pipeline\Pipeline->Illuminate\Pipeline\{closure}(Object(Illuminate\Http\Request))
#3 /home1/kmalith2/eonepisode/vendor/laravel/framework/src/Illuminate/Pipeline/Pipeline.php(125): Illuminate\View\Middleware\ShareErrorsFromSession->handle(Object(Illuminate\Http\Request), Object(Closure))
#4 /home1/kmalith2/eonepisode/vendor/laravel/framework/src/Illuminate/Session/Middleware/StartSession.php(61): Illuminate\Pipeline\Pipeline->Illuminate\Pipeline\{closure}(Object(Illuminate\Http\Request))
#5 /home1/kmalith2/eonepisode/vendor/laravel/framework/src/Illuminate/Pipeline/Pipeline.php(125): Illuminate\Session\Middleware\StartSession->handle(Object(Illuminate\Http\Request), Object(Closure))
#6 /home1/kmalith2/eonepisode/vendor/laravel/framework/src/Illuminate/Cookie/Middleware/AddQueuedCookiesToResponse.php(36): Illuminate\Pipeline\Pipeline->Illuminate\Pipeline\{closure}(Object(Illuminate\Http\Request))
#7 /home1/kmalith2/eonepisode/vendor/laravel/framework/src/Illuminate/Pipeline/Pipeline.php(125): Illuminate\Cookie\Middleware\AddQueuedCookiesToResponse->handle(Object(Illuminate\Http\Request), Object(Closure))
#8 /home1/kmalith2/eonepisode/vendor/laravel/framework/src/Illuminate/Cookie/Middleware/EncryptCookies.php(40): Illuminate\Pipeline\Pipeline->Illuminate\Pipeline\{closure}(Object(Illuminate\Http\Request))
#9 /home1/kmalith2/eonepisode/vendor/laravel/framework/src/Illuminate/Pipeline/Pipeline.php(125): Illuminate\Cookie\Middleware\EncryptCookies->handle(Object(Illuminate\Http\Request), Object(Closure))
#10 /home1/kmalith2/eonepisode/app/Http/Middleware/CheckForMaintenanceMode.php(26): Illuminate\Pipeline\Pipeline->Illuminate\Pipeline\{closure}(Object(Illuminate\Http\Request))
#11 /home1/kmalith2/eonepisode/vendor/laravel/framework/src/Illuminate/Pipeline/Pipeline.php(125): App\Http\Middleware\CheckForMaintenanceMode->handle(Object(Illuminate\Http\Request), Object(Closure))
#12 [internal function]: Illuminate\Pipeline\Pipeline->Illuminate\Pipeline\{closure}(Object(Illuminate\Http\Request))
#13 /home1/kmalith2/eonepisode/vendor/laravel/framework/src/Illuminate/Pipeline/Pipeline.php(100): call_user_func(Object(Closure), Object(Illuminate\Http\Request))
#14 /home1/kmalith2/eonepisode/vendor/laravel/framework/src/Illuminate/Foundation/Http/Kernel.php(111): Illuminate\Pipeline\Pipeline->then(Object(Closure))
#15 /home1/kmalith2/eonepisode/vendor/laravel/framework/src/Illuminate/Foundation/Http/Kernel.php(84): Illuminate\Foundation\Http\Kernel->sendRequestThroughRouter(Object(Illuminate\Http\Request))
#16 /home1/kmalith2/public_html/index.php(53): Illuminate\Foundation\Http\Kernel->handle(Object(Illuminate\Http\Request))
#17 {main}  
[2026-09-07 03:11:41] local.ERROR: Illuminate\Session\TokenMismatchException in /home1/kmalith2/eonepisode/vendor/laravel/framework/src/Illuminate/Foundation/Http/Middleware/VerifyCsrfToken.php:46
Stack trace:
#0 /home1/kmalith2/eonepisode/app/Http/Middleware/VerifyCsrfToken.php(17): Illuminate\Foundation\Http\Middleware\VerifyCsrfToken->handle(Object(Illuminate\Http\Request), Object(Closure))
#1 /home1/kmalith2/eonepisode/vendor/laravel/framework/src/Illuminate/Pipeline/Pipeline.php(125): App\Http\Middleware\VerifyCsrfToken->handle(Object(Illuminate\Http\Request), Object(Closure))
#2 /home1/kmalith2/eonepisode/vendor/laravel/framework/src/Illuminate/View/Middleware/ShareErrorsFromSession.php(55): Illuminate\Pipeline\Pipeline->Illuminate\Pipeline\{closure}(Object(Illuminate\Http\Request))
#3 /home1/kmalith2/eonepisode/vendor/laravel/framework/src/Illuminate/Pipeline/Pipeline.php(125): Illuminate\View\Middleware\ShareErrorsFromSession->handle(Object(Illuminate\Http\Request), Object(Closure))
#4 /home1/kmalith2/eonepisode/vendor/laravel/framework/src/Illuminate/Session/Middleware/StartSession.php(61): Illuminate\Pipeline\Pipeline->Illuminate\Pipeline\{closure}(Object(Illuminate\Http\Request))
#5 /home1/kmalith2/eonepisode/vendor/laravel/framework/src/Illuminate/Pipeline/Pipeline.php(125): Illuminate\Session\Middleware\StartSession->handle(Object(Illuminate\Http\Request), Object(Closure))
#6 /home1/kmalith2/eonepisode/vendor/laravel/framework/src/Illuminate/Cookie/Middleware/AddQueuedCookiesToResponse.php(36): Illuminate\Pipeline\Pipeline->Illuminate\Pipeline\{closure}(Object(Illuminate\Http\Request))
#7 /home1/kmalith2/eonepisode/vendor/laravel/framework/src/Illuminate/Pipeline/Pipeline.php(125): Illuminate\Cookie\Middleware\AddQueuedCookiesToResponse->handle(Object(Illuminate\Http\Request), Object(Closure))
#8 /home1/kmalith2/eonepisode/vendor/laravel/framework/src/Illuminate/Cookie/Middleware/EncryptCookies.php(40): Illuminate\Pipeline\Pipeline->Illuminate\Pipeline\{closure}(Object(Illuminate\Http\Request))
#9 /home1/kmalith2/eonepisode/vendor/laravel/framework/src/Illuminate/Pipeline/Pipeline.php(125): Illuminate\Cookie\Middleware\EncryptCookies->handle(Object(Illuminate\Http\Request), Object(Closure))
#10 /home1/kmalith2/eonepisode/app/Http/Middleware/CheckForMaintenanceMode.php(26): Illuminate\Pipeline\Pipeline->Illuminate\Pipeline\{closure}(Object(Illuminate\Http\Request))
#11 /home1/kmalith2/eonepisode/vendor/laravel/framework/src/Illuminate/Pipeline/Pipeline.php(125): App\Http\Middleware\CheckForMaintenanceMode->handle(Object(Illuminate\Http\Request), Object(Closure))
#12 [internal function]: Illuminate\Pipeline\Pipeline->Illuminate\Pipeline\{closure}(Object(Illuminate\Http\Request))
#13 /home1/kmalith2/eonepisode/vendor/laravel/framework/src/Illuminate/Pipeline/Pipeline.php(100): call_user_func(Object(Closure), Object(Illuminate\Http\Request))
#14 /home1/kmalith2/eonepisode/vendor/laravel/framework/src/Illuminate/Foundation/Http/Kernel.php(111): Illuminate\Pipeline\Pipeline->then(Object(Closure))
#15 /home1/kmalith2/eonepisode/vendor/laravel/framework/src/Illuminate/Foundation/Http/Kernel.php(84): Illuminate\Foundation\Http\Kernel->sendRequestThroughRouter(Object(Illuminate\Http\Request))
#16 /home1/kmalith2/public_html/index.php(53): Illuminate\Foundation\Http\Kernel->handle(Object(Illuminate\Http\Request))
#17 {main}  
[2026-09-07 03:11:43] local.ERROR: Illuminate\Session\TokenMismatchException in /home1/kmalith2/eonepisode/vendor/laravel/framework/src/Illuminate/Foundation/Http/Middleware/VerifyCsrfToken.php:46
Stack trace:
#0 /home1/kmalith2/eonepisode/app/Http/Middleware/VerifyCsrfToken.php(17): Illuminate\Foundation\Http\Middleware\VerifyCsrfToken->handle(Object(Illuminate\Http\Request), Object(Closure))
#1 /home1/kmalith2/eonepisode/vendor/laravel/framework/src/Illuminate/Pipeline/Pipeline.php(125): App\Http\Middleware\VerifyCsrfToken->handle(Object(Illuminate\Http\Request), Object(Closure))
#2 /home1/kmalith2/eonepisode/vendor/laravel/framework/src/Illuminate/View/Middleware/ShareErrorsFromSession.php(55): Illuminate\Pipeline\Pipeline->Illuminate\Pipeline\{closure}(Object(Illuminate\Http\Request))
#3 /home1/kmalith2/eonepisode/vendor/laravel/framework/src/Illuminate/Pipeline/Pipeline.php(125): Illuminate\View\Middleware\ShareErrorsFromSession->handle(Object(Illuminate\Http\Request), Object(Closure))
#4 /home1/kmalith2/eonepisode/vendor/laravel/framework/src/Illuminate/Session/Middleware/StartSession.php(61): Illuminate\Pipeline\Pipeline->Illuminate\Pipeline\{closure}(Object(Illuminate\Http\Request))
#5 /home1/kmalith2/eonepisode/vendor/laravel/framework/src/Illuminate/Pipeline/Pipeline.php(125): Illuminate\Session\Middleware\StartSession->handle(Object(Illuminate\Http\Request), Object(Closure))
#6 /home1/kmalith2/eonepisode/vendor/laravel/framework/src/Illuminate/Cookie/Middleware/AddQueuedCookiesToResponse.php(36): Illuminate\Pipeline\Pipeline->Illuminate\Pipeline\{closure}(Object(Illuminate\Http\Request))
#7 /home1/kmalith2/eonepisode/vendor/laravel/framework/src/Illuminate/Pipeline/Pipeline.php(125): Illuminate\Cookie\Middleware\AddQueuedCookiesToResponse->handle(Object(Illuminate\Http\Request), Object(Closure))
#8 /home1/kmalith2/eonepisode/vendor/laravel/framework/src/Illuminate/Cookie/Middleware/EncryptCookies.php(40): Illuminate\Pipeline\Pipeline->Illuminate\Pipeline\{closure}(Object(Illuminate\Http\Request))
#9 /home1/kmalith2/eonepisode/vendor/laravel/framework/src/Illuminate/Pipeline/Pipeline.php(125): Illuminate\Cookie\Middleware\EncryptCookies->handle(Object(Illuminate\Http\Request), Object(Closure))
#10 /home1/kmalith2/eonepisode/app/Http/Middleware/CheckForMaintenanceMode.php(26): Illuminate\Pipeline\Pipeline->Illuminate\Pipeline\{closure}(Object(Illuminate\Http\Request))
#11 /home1/kmalith2/eonepisode/vendor/laravel/framework/src/Illuminate/Pipeline/Pipeline.php(125): App\Http\Middleware\CheckForMaintenanceMode->handle(Object(Illuminate\Http\Request), Object(Closure))
#12 [internal function]: Illuminate\Pipeline\Pipeline->Illuminate\Pipeline\{closure}(Object(Illuminate\Http\Request))
#13 /home1/kmalith2/eonepisode/vendor/laravel/framework/src/Illuminate/Pipeline/Pipeline.php(100): call_user_func(Object(Closure), Object(Illuminate\Http\Request))
#14 /home1/kmalith2/eonepisode/vendor/laravel/framework/src/Illuminate/Foundation/Http/Kernel.php(111): Illuminate\Pipeline\Pipeline->then(Object(Closure))
#15 /home1/kmalith2/eonepisode/vendor/laravel/framework/src/Illuminate/Foundation/Http/Kernel.php(84): Illuminate\Foundation\Http\Kernel->sendRequestThroughRouter(Object(Illuminate\Http\Request))
#16 /home1/kmalith2/public_html/index.php(53): Illuminate\Foundation\Http\Kernel->handle(Object(Illuminate\Http\Request))
#17 {main}  
[2026-09-07 03:11:44] local.ERROR: Illuminate\Session\TokenMismatchException in /home1/kmalith2/eonepisode/vendor/laravel/framework/src/Illuminate/Foundation/Http/Middleware/VerifyCsrfToken.php:46
Stack trace:
#0 /home1/kmalith2/eonepisode/app/Http/Middleware/VerifyCsrfToken.php(17): Illuminate\Foundation\Http\Middleware\VerifyCsrfToken->handle(Object(Illuminate\Http\Request), Object(Closure))
#1 /home1/kmalith2/eonepisode/vendor/laravel/framework/src/Illuminate/Pipeline/Pipeline.php(125): App\Http\Middleware\VerifyCsrfToken->handle(Object(Illuminate\Http\Request), Object(Closure))
#2 /home1/kmalith2/eonepisode/vendor/laravel/framework/src/Illuminate/View/Middleware/ShareErrorsFromSession.php(55): Illuminate\Pipeline\Pipeline->Illuminate\Pipeline\{closure}(Object(Illuminate\Http\Request))
#3 /home1/kmalith2/eonepisode/vendor/laravel/framework/src/Illuminate/Pipeline/Pipeline.php(125): Illuminate\View\Middleware\ShareErrorsFromSession->handle(Object(Illuminate\Http\Request), Object(Closure))
#4 /home1/kmalith2/eonepisode/vendor/laravel/framework/src/Illuminate/Session/Middleware/StartSession.php(61): Illuminate\Pipeline\Pipeline->Illuminate\Pipeline\{closure}(Object(Illuminate\Http\Request))
#5 /home1/kmalith2/eonepisode/vendor/laravel/framework/src/Illuminate/Pipeline/Pipeline.php(125): Illuminate\Session\Middleware\StartSession->handle(Object(Illuminate\Http\Request), Object(Closure))
#6 /home1/kmalith2/eonepisode/vendor/laravel/framework/src/Illuminate/Cookie/Middleware/AddQueuedCookiesToResponse.php(36): Illuminate\Pipeline\Pipeline->Illuminate\Pipeline\{closure}(Object(Illuminate\Http\Request))
#7 /home1/kmalith2/eonepisode/vendor/laravel/framework/src/Illuminate/Pipeline/Pipeline.php(125): Illuminate\Cookie\Middleware\AddQueuedCookiesToResponse->handle(Object(Illuminate\Http\Request), Object(Closure))
#8 /home1/kmalith2/eonepisode/vendor/laravel/framework/src/Illuminate/Cookie/Middleware/EncryptCookies.php(40): Illuminate\Pipeline\Pipeline->Illuminate\Pipeline\{closure}(Object(Illuminate\Http\Request))
#9 /home1/kmalith2/eonepisode/vendor/laravel/framework/src/Illuminate/Pipeline/Pipeline.php(125): Illuminate\Cookie\Middleware\EncryptCookies->handle(Object(Illuminate\Http\Request), Object(Closure))
#10 /home1/kmalith2/eonepisode/app/Http/Middleware/CheckForMaintenanceMode.php(26): Illuminate\Pipeline\Pipeline->Illuminate\Pipeline\{closure}(Object(Illuminate\Http\Request))
#11 /home1/kmalith2/eonepisode/vendor/laravel/framework/src/Illuminate/Pipeline/Pipeline.php(125): App\Http\Middleware\CheckForMaintenanceMode->handle(Object(Illuminate\Http\Request), Object(Closure))
#12 [internal function]: Illuminate\Pipeline\Pipeline->Illuminate\Pipeline\{closure}(Object(Illuminate\Http\Request))
#13 /home1/kmalith2/eonepisode/vendor/laravel/framework/src/Illuminate/Pipeline/Pipeline.php(100): call_user_func(Object(Closure), Object(Illuminate\Http\Request))
#14 /home1/kmalith2/eonepisode/vendor/laravel/framework/src/Illuminate/Foundation/Http/Kernel.php(111): Illuminate\Pipeline\Pipeline->then(Object(Closure))
#15 /home1/kmalith2/eonepisode/vendor/laravel/framework/src/Illuminate/Foundation/Http/Kernel.php(84): Illuminate\Foundation\Http\Kernel->sendRequestThroughRouter(Object(Illuminate\Http\Request))
#16 /home1/kmalith2/public_html/index.php(53): Illuminate\Foundation\Http\Kernel->handle(Object(Illuminate\Http\Request))
#17 {main}  
[2026-09-07 03:11:47] local.ERROR: Illuminate\Session\TokenMismatchException in /home1/kmalith2/eonepisode/vendor/laravel/framework/src/Illuminate/Foundation/Http/Middleware/VerifyCsrfToken.php:46
Stack trace:
#0 /home1/kmalith2/eonepisode/app/Http/Middleware/VerifyCsrfToken.php(17): Illuminate\Foundation\Http\Middleware\VerifyCsrfToken->handle(Object(Illuminate\Http\Request), Object(Closure))
#1 /home1/kmalith2/eonepisode/vendor/laravel/framework/src/Illuminate/Pipeline/Pipeline.php(125): App\Http\Middleware\VerifyCsrfToken->handle(Object(Illuminate\Http\Request), Object(Closure))
#2 /home1/kmalith2/eonepisode/vendor/laravel/framework/src/Illuminate/View/Middleware/ShareErrorsFromSession.php(55): Illuminate\Pipeline\Pipeline->Illuminate\Pipeline\{closure}(Object(Illuminate\Http\Request))
#3 /home1/kmalith2/eonepisode/vendor/laravel/framework/src/Illuminate/Pipeline/Pipeline.php(125): Illuminate\View\Middleware\ShareErrorsFromSession->handle(Object(Illuminate\Http\Request), Object(Closure))
#4 /home1/kmalith2/eonepisode/vendor/laravel/framework/src/Illuminate/Session/Middleware/StartSession.php(61): Illuminate\Pipeline\Pipeline->Illuminate\Pipeline\{closure}(Object(Illuminate\Http\Request))
#5 /home1/kmalith2/eonepisode/vendor/laravel/framework/src/Illuminate/Pipeline/Pipeline.php(125): Illuminate\Session\Middleware\StartSession->handle(Object(Illuminate\Http\Request), Object(Closure))
#6 /home1/kmalith2/eonepisode/vendor/laravel/framework/src/Illuminate/Cookie/Middleware/AddQueuedCookiesToResponse.php(36): Illuminate\Pipeline\Pipeline->Illuminate\Pipeline\{closure}(Object(Illuminate\Http\Request))
#7 /home1/kmalith2/eonepisode/vendor/laravel/framework/src/Illuminate/Pipeline/Pipeline.php(125): Illuminate\Cookie\Middleware\AddQueuedCookiesToResponse->handle(Object(Illuminate\Http\Request), Object(Closure))
#8 /home1/kmalith2/eonepisode/vendor/laravel/framework/src/Illuminate/Cookie/Middleware/EncryptCookies.php(40): Illuminate\Pipeline\Pipeline->Illuminate\Pipeline\{closure}(Object(Illuminate\Http\Request))
#9 /home1/kmalith2/eonepisode/vendor/laravel/framework/src/Illuminate/Pipeline/Pipeline.php(125): Illuminate\Cookie\Middleware\EncryptCookies->handle(Object(Illuminate\Http\Request), Object(Closure))
#10 /home1/kmalith2/eonepisode/app/Http/Middleware/CheckForMaintenanceMode.php(26): Illuminate\Pipeline\Pipeline->Illuminate\Pipeline\{closure}(Object(Illuminate\Http\Request))
#11 /home1/kmalith2/eonepisode/vendor/laravel/framework/src/Illuminate/Pipeline/Pipeline.php(125): App\Http\Middleware\CheckForMaintenanceMode->handle(Object(Illuminate\Http\Request), Object(Closure))
#12 [internal function]: Illuminate\Pipeline\Pipeline->Illuminate\Pipeline\{closure}(Object(Illuminate\Http\Request))
#13 /home1/kmalith2/eonepisode/vendor/laravel/framework/src/Illuminate/Pipeline/Pipeline.php(100): call_user_func(Object(Closure), Object(Illuminate\Http\Request))
#14 /home1/kmalith2/eonepisode/vendor/laravel/framework/src/Illuminate/Foundation/Http/Kernel.php(111): Illuminate\Pipeline\Pipeline->then(Object(Closure))
#15 /home1/kmalith2/eonepisode/vendor/laravel/framework/src/Illuminate/Foundation/Http/Kernel.php(84): Illuminate\Foundation\Http\Kernel->sendRequestThroughRouter(Object(Illuminate\Http\Request))
#16 /home1/kmalith2/public_html/index.php(53): Illuminate\Foundation\Http\Kernel->handle(Object(Illuminate\Http\Request))
#17 {main}  
[2026-09-07 03:11:47] local.ERROR: Illuminate\Session\TokenMismatchException in /home1/kmalith2/eonepisode/vendor/laravel/framework/src/Illuminate/Foundation/Http/Middleware/VerifyCsrfToken.php:46
Stack trace:
#0 /home1/kmalith2/eonepisode/app/Http/Middleware/VerifyCsrfToken.php(17): Illuminate\Foundation\Http\Middleware\VerifyCsrfToken->handle(Object(Illuminate\Http\Request), Object(Closure))
#1 /home1/kmalith2/eonepisode/vendor/laravel/framework/src/Illuminate/Pipeline/Pipeline.php(125): App\Http\Middleware\VerifyCsrfToken->handle(Object(Illuminate\Http\Request), Object(Closure))
#2 /home1/kmalith2/eonepisode/vendor/laravel/framework/src/Illuminate/View/Middleware/ShareErrorsFromSession.php(55): Illuminate\Pipeline\Pipeline->Illuminate\Pipeline\{closure}(Object(Illuminate\Http\Request))
#3 /home1/kmalith2/eonepisode/vendor/laravel/framework/src/Illuminate/Pipeline/Pipeline.php(125): Illuminate\View\Middleware\ShareErrorsFromSession->handle(Object(Illuminate\Http\Request), Object(Closure))
#4 /home1/kmalith2/eonepisode/vendor/laravel/framework/src/Illuminate/Session/Middleware/StartSession.php(61): Illuminate\Pipeline\Pipeline->Illuminate\Pipeline\{closure}(Object(Illuminate\Http\Request))
#5 /home1/kmalith2/eonepisode/vendor/laravel/framework/src/Illuminate/Pipeline/Pipeline.php(125): Illuminate\Session\Middleware\StartSession->handle(Object(Illuminate\Http\Request), Object(Closure))
#6 /home1/kmalith2/eonepisode/vendor/laravel/framework/src/Illuminate/Cookie/Middleware/AddQueuedCookiesToResponse.php(36): Illuminate\Pipeline\Pipeline->Illuminate\Pipeline\{closure}(Object(Illuminate\Http\Request))
#7 /home1/kmalith2/eonepisode/vendor/laravel/framework/src/Illuminate/Pipeline/Pipeline.php(125): Illuminate\Cookie\Middleware\AddQueuedCookiesToResponse->handle(Object(Illuminate\Http\Request), Object(Closure))
#8 /home1/kmalith2/eonepisode/vendor/laravel/framework/src/Illuminate/Cookie/Middleware/EncryptCookies.php(40): Illuminate\Pipeline\Pipeline->Illuminate\Pipeline\{closure}(Object(Illuminate\Http\Request))
#9 /home1/kmalith2/eonepisode/vendor/laravel/framework/src/Illuminate/Pipeline/Pipeline.php(125): Illuminate\Cookie\Middleware\EncryptCookies->handle(Object(Illuminate\Http\Request), Object(Closure))
#10 /home1/kmalith2/eonepisode/app/Http/Middleware/CheckForMaintenanceMode.php(26): Illuminate\Pipeline\Pipeline->Illuminate\Pipeline\{closure}(Object(Illuminate\Http\Request))
#11 /home1/kmalith2/eonepisode/vendor/laravel/framework/src/Illuminate/Pipeline/Pipeline.php(125): App\Http\Middleware\CheckForMaintenanceMode->handle(Object(Illuminate\Http\Request), Object(Closure))
#12 [internal function]: Illuminate\Pipeline\Pipeline->Illuminate\Pipeline\{closure}(Object(Illuminate\Http\Request))
#13 /home1/kmalith2/eonepisode/vendor/laravel/framework/src/Illuminate/Pipeline/Pipeline.php(100): call_user_func(Object(Closure), Object(Illuminate\Http\Request))
#14 /home1/kmalith2/eonepisode/vendor/laravel/framework/src/Illuminate/Foundation/Http/Kernel.php(111): Illuminate\Pipeline\Pipeline->then(Object(Closure))
#15 /home1/kmalith2/eonepisode/vendor/laravel/framework/src/Illuminate/Foundation/Http/Kernel.php(84): Illuminate\Foundation\Http\Kernel->sendRequestThroughRouter(Object(Illuminate\Http\Request))
#16 /home1/kmalith2/public_html/index.php(53): Illuminate\Foundation\Http\Kernel->handle(Object(Illuminate\Http\Request))
#17 {main}  
[2026-09-07 03:11:48] local.ERROR: Illuminate\Session\TokenMismatchException in /home1/kmalith2/eonepisode/vendor/laravel/framework/src/Illuminate/Foundation/Http/Middleware/VerifyCsrfToken.php:46
Stack trace:
#0 /home1/kmalith2/eonepisode/app/Http/Middleware/VerifyCsrfToken.php(17): Illuminate\Foundation\Http\Middleware\VerifyCsrfToken->handle(Object(Illuminate\Http\Request), Object(Closure))
#1 /home1/kmalith2/eonepisode/vendor/laravel/framework/src/Illuminate/Pipeline/Pipeline.php(125): App\Http\Middleware\VerifyCsrfToken->handle(Object(Illuminate\Http\Request), Object(Closure))
#2 /home1/kmalith2/eonepisode/vendor/laravel/framework/src/Illuminate/View/Middleware/ShareErrorsFromSession.php(55): Illuminate\Pipeline\Pipeline->Illuminate\Pipeline\{closure}(Object(Illuminate\Http\Request))
#3 /home1/kmalith2/eonepisode/vendor/laravel/framework/src/Illuminate/Pipeline/Pipeline.php(125): Illuminate\View\Middleware\ShareErrorsFromSession->handle(Object(Illuminate\Http\Request), Object(Closure))
#4 /home1/kmalith2/eonepisode/vendor/laravel/framework/src/Illuminate/Session/Middleware/StartSession.php(61): Illuminate\Pipeline\Pipeline->Illuminate\Pipeline\{closure}(Object(Illuminate\Http\Request))
#5 /home1/kmalith2/eonepisode/vendor/laravel/framework/src/Illuminate/Pipeline/Pipeline.php(125): Illuminate\Session\Middleware\StartSession->handle(Object(Illuminate\Http\Request), Object(Closure))
#6 /home1/kmalith2/eonepisode/vendor/laravel/framework/src/Illuminate/Cookie/Middleware/AddQueuedCookiesToResponse.php(36): Illuminate\Pipeline\Pipeline->Illuminate\Pipeline\{closure}(Object(Illuminate\Http\Request))
#7 /home1/kmalith2/eonepisode/vendor/laravel/framework/src/Illuminate/Pipeline/Pipeline.php(125): Illuminate\Cookie\Middleware\AddQueuedCookiesToResponse->handle(Object(Illuminate\Http\Request), Object(Closure))
#8 /home1/kmalith2/eonepisode/vendor/laravel/framework/src/Illuminate/Cookie/Middleware/EncryptCookies.php(40): Illuminate\Pipeline\Pipeline->Illuminate\Pipeline\{closure}(Object(Illuminate\Http\Request))
#9 /home1/kmalith2/eonepisode/vendor/laravel/framework/src/Illuminate/Pipeline/Pipeline.php(125): Illuminate\Cookie\Middleware\EncryptCookies->handle(Object(Illuminate\Http\Request), Object(Closure))
#10 /home1/kmalith2/eonepisode/app/Http/Middleware/CheckForMaintenanceMode.php(26): Illuminate\Pipeline\Pipeline->Illuminate\Pipeline\{closure}(Object(Illuminate\Http\Request))
#11 /home1/kmalith2/eonepisode/vendor/laravel/framework/src/Illuminate/Pipeline/Pipeline.php(125): App\Http\Middleware\CheckForMaintenanceMode->handle(Object(Illuminate\Http\Request), Object(Closure))
#12 [internal function]: Illuminate\Pipeline\Pipeline->Illuminate\Pipeline\{closure}(Object(Illuminate\Http\Request))
#13 /home1/kmalith2/eonepisode/vendor/laravel/framework/src/Illuminate/Pipeline/Pipeline.php(100): call_user_func(Object(Closure), Object(Illuminate\Http\Request))
#14 /home1/kmalith2/eonepisode/vendor/laravel/framework/src/Illuminate/Foundation/Http/Kernel.php(111): Illuminate\Pipeline\Pipeline->then(Object(Closure))
#15 /home1/kmalith2/eonepisode/vendor/laravel/framework/src/Illuminate/Foundation/Http/Kernel.php(84): Illuminate\Foundation\Http\Kernel->sendRequestThroughRouter(Object(Illuminate\Http\Request))
#16 /home1/kmalith2/public_html/index.php(53): Illuminate\Foundation\Http\Kernel->handle(Object(Illuminate\Http\Request))
#17 {main}  
[2026-09-07 03:11:49] local.ERROR: Illuminate\Session\TokenMismatchException in /home1/kmalith2/eonepisode/vendor/laravel/framework/src/Illuminate/Foundation/Http/Middleware/VerifyCsrfToken.php:46
Stack trace:
#0 /home1/kmalith2/eonepisode/app/Http/Middleware/VerifyCsrfToken.php(17): Illuminate\Foundation\Http\Middleware\VerifyCsrfToken->handle(Object(Illuminate\Http\Request), Object(Closure))
#1 /home1/kmalith2/eonepisode/vendor/laravel/framework/src/Illuminate/Pipeline/Pipeline.php(125): App\Http\Middleware\VerifyCsrfToken->handle(Object(Illuminate\Http\Request), Object(Closure))
#2 /home1/kmalith2/eonepisode/vendor/laravel/framework/src/Illuminate/View/Middleware/ShareErrorsFromSession.php(55): Illuminate\Pipeline\Pipeline->Illuminate\Pipeline\{closure}(Object(Illuminate\Http\Request))
#3 /home1/kmalith2/eonepisode/vendor/laravel/framework/src/Illuminate/Pipeline/Pipeline.php(125): Illuminate\View\Middleware\ShareErrorsFromSession->handle(Object(Illuminate\Http\Request), Object(Closure))
#4 /home1/kmalith2/eonepisode/vendor/laravel/framework/src/Illuminate/Session/Middleware/StartSession.php(61): Illuminate\Pipeline\Pipeline->Illuminate\Pipeline\{closure}(Object(Illuminate\Http\Request))
#5 /home1/kmalith2/eonepisode/vendor/laravel/framework/src/Illuminate/Pipeline/Pipeline.php(125): Illuminate\Session\Middleware\StartSession->handle(Object(Illuminate\Http\Request), Object(Closure))
#6 /home1/kmalith2/eonepisode/vendor/laravel/framework/src/Illuminate/Cookie/Middleware/AddQueuedCookiesToResponse.php(36): Illuminate\Pipeline\Pipeline->Illuminate\Pipeline\{closure}(Object(Illuminate\Http\Request))
#7 /home1/kmalith2/eonepisode/vendor/laravel/framework/src/Illuminate/Pipeline/Pipeline.php(125): Illuminate\Cookie\Middleware\AddQueuedCookiesToResponse->handle(Object(Illuminate\Http\Request), Object(Closure))
#8 /home1/kmalith2/eonepisode/vendor/laravel/framework/src/Illuminate/Cookie/Middleware/EncryptCookies.php(40): Illuminate\Pipeline\Pipeline->Illuminate\Pipeline\{closure}(Object(Illuminate\Http\Request))
#9 /home1/kmalith2/eonepisode/vendor/laravel/framework/src/Illuminate/Pipeline/Pipeline.php(125): Illuminate\Cookie\Middleware\EncryptCookies->handle(Object(Illuminate\Http\Request), Object(Closure))
#10 /home1/kmalith2/eonepisode/app/Http/Middleware/CheckForMaintenanceMode.php(26): Illuminate\Pipeline\Pipeline->Illuminate\Pipeline\{closure}(Object(Illuminate\Http\Request))
#11 /home1/kmalith2/eonepisode/vendor/laravel/framework/src/Illuminate/Pipeline/Pipeline.php(125): App\Http\Middleware\CheckForMaintenanceMode->handle(Object(Illuminate\Http\Request), Object(Closure))
#12 [internal function]: Illuminate\Pipeline\Pipeline->Illuminate\Pipeline\{closure}(Object(Illuminate\Http\Request))
#13 /home1/kmalith2/eonepisode/vendor/laravel/framework/src/Illuminate/Pipeline/Pipeline.php(100): call_user_func(Object(Closure), Object(Illuminate\Http\Request))
#14 /home1/kmalith2/eonepisode/vendor/laravel/framework/src/Illuminate/Foundation/Http/Kernel.php(111): Illuminate\Pipeline\Pipeline->then(Object(Closure))
#15 /home1/kmalith2/eonepisode/vendor/laravel/framework/src/Illuminate/Foundation/Http/Kernel.php(84): Illuminate\Foundation\Http\Kernel->sendRequestThroughRouter(Object(Illuminate\Http\Request))
#16 /home1/kmalith2/public_html/index.php(53): Illuminate\Foundation\Http\Kernel->handle(Object(Illuminate\Http\Request))
#17 {main}  
[2026-09-07 03:11:49] local.ERROR: Illuminate\Session\TokenMismatchException in /home1/kmalith2/eonepisode/vendor/laravel/framework/src/Illuminate/Foundation/Http/Middleware/VerifyCsrfToken.php:46
Stack trace:
#0 /home1/kmalith2/eonepisode/app/Http/Middleware/VerifyCsrfToken.php(17): Illuminate\Foundation\Http\Middleware\VerifyCsrfToken->handle(Object(Illuminate\Http\Request), Object(Closure))
#1 /home1/kmalith2/eonepisode/vendor/laravel/framework/src/Illuminate/Pipeline/Pipeline.php(125): App\Http\Middleware\VerifyCsrfToken->handle(Object(Illuminate\Http\Request), Object(Closure))
#2 /home1/kmalith2/eonepisode/vendor/laravel/framework/src/Illuminate/View/Middleware/ShareErrorsFromSession.php(55): Illuminate\Pipeline\Pipeline->Illuminate\Pipeline\{closure}(Object(Illuminate\Http\Request))
#3 /home1/kmalith2/eonepisode/vendor/laravel/framework/src/Illuminate/Pipeline/Pipeline.php(125): Illuminate\View\Middleware\ShareErrorsFromSession->handle(Object(Illuminate\Http\Request), Object(Closure))
#4 /home1/kmalith2/eonepisode/vendor/laravel/framework/src/Illuminate/Session/Middleware/StartSession.php(61): Illuminate\Pipeline\Pipeline->Illuminate\Pipeline\{closure}(Object(Illuminate\Http\Request))
#5 /home1/kmalith2/eonepisode/vendor/laravel/framework/src/Illuminate/Pipeline/Pipeline.php(125): Illuminate\Session\Middleware\StartSession->handle(Object(Illuminate\Http\Request), Object(Closure))
#6 /home1/kmalith2/eonepisode/vendor/laravel/framework/src/Illuminate/Cookie/Middleware/AddQueuedCookiesToResponse.php(36): Illuminate\Pipeline\Pipeline->Illuminate\Pipeline\{closure}(Object(Illuminate\Http\Request))
#7 /home1/kmalith2/eonepisode/vendor/laravel/framework/src/Illuminate/Pipeline/Pipeline.php(125): Illuminate\Cookie\Middleware\AddQueuedCookiesToResponse->handle(Object(Illuminate\Http\Request), Object(Closure))
#8 /home1/kmalith2/eonepisode/vendor/laravel/framework/src/Illuminate/Cookie/Middleware/EncryptCookies.php(40): Illuminate\Pipeline\Pipeline->Illuminate\Pipeline\{closure}(Object(Illuminate\Http\Request))
#9 /home1/kmalith2/eonepisode/vendor/laravel/framework/src/Illuminate/Pipeline/Pipeline.php(125): Illuminate\Cookie\Middleware\EncryptCookies->handle(Object(Illuminate\Http\Request), Object(Closure))
#10 /home1/kmalith2/eonepisode/app/Http/Middleware/CheckForMaintenanceMode.php(26): Illuminate\Pipeline\Pipeline->Illuminate\Pipeline\{closure}(Object(Illuminate\Http\Request))
#11 /home1/kmalith2/eonepisode/vendor/laravel/framework/src/Illuminate/Pipeline/Pipeline.php(125): App\Http\Middleware\CheckForMaintenanceMode->handle(Object(Illuminate\Http\Request), Object(Closure))
#12 [internal function]: Illuminate\Pipeline\Pipeline->Illuminate\Pipeline\{closure}(Object(Illuminate\Http\Request))
#13 /home1/kmalith2/eonepisode/vendor/laravel/framework/src/Illuminate/Pipeline/Pipeline.php(100): call_user_func(Object(Closure), Object(Illuminate\Http\Request))
#14 /home1/kmalith2/eonepisode/vendor/laravel/framework/src/Illuminate/Foundation/Http/Kernel.php(111): Illuminate\Pipeline\Pipeline->then(Object(Closure))
#15 /home1/kmalith2/eonepisode/vendor/laravel/framework/src/Illuminate/Foundation/Http/Kernel.php(84): Illuminate\Foundation\Http\Kernel->sendRequestThroughRouter(Object(Illuminate\Http\Request))
#16 /home1/kmalith2/public_html/index.php(53): Illuminate\Foundation\Http\Kernel->handle(Object(Illuminate\Http\Request))
#17 {main}  
[2026-09-07 03:11:54] local.ERROR: Illuminate\Session\TokenMismatchException in /home1/kmalith2/eonepisode/vendor/laravel/framework/src/Illuminate/Foundation/Http/Middleware/VerifyCsrfToken.php:46
Stack trace:
#0 /home1/kmalith2/eonepisode/app/Http/Middleware/VerifyCsrfToken.php(17): Illuminate\Foundation\Http\Middleware\VerifyCsrfToken->handle(Object(Illuminate\Http\Request), Object(Closure))
#1 /home1/kmalith2/eonepisode/vendor/laravel/framework/src/Illuminate/Pipeline/Pipeline.php(125): App\Http\Middleware\VerifyCsrfToken->handle(Object(Illuminate\Http\Request), Object(Closure))
#2 /home1/kmalith2/eonepisode/vendor/laravel/framework/src/Illuminate/View/Middleware/ShareErrorsFromSession.php(55): Illuminate\Pipeline\Pipeline->Illuminate\Pipeline\{closure}(Object(Illuminate\Http\Request))
#3 /home1/kmalith2/eonepisode/vendor/laravel/framework/src/Illuminate/Pipeline/Pipeline.php(125): Illuminate\View\Middleware\ShareErrorsFromSession->handle(Object(Illuminate\Http\Request), Object(Closure))
#4 /home1/kmalith2/eonepisode/vendor/laravel/framework/src/Illuminate/Session/Middleware/StartSession.php(61): Illuminate\Pipeline\Pipeline->Illuminate\Pipeline\{closure}(Object(Illuminate\Http\Request))
#5 /home1/kmalith2/eonepisode/vendor/laravel/framework/src/Illuminate/Pipeline/Pipeline.php(125): Illuminate\Session\Middleware\StartSession->handle(Object(Illuminate\Http\Request), Object(Closure))
#6 /home1/kmalith2/eonepisode/vendor/laravel/framework/src/Illuminate/Cookie/Middleware/AddQueuedCookiesToResponse.php(36): Illuminate\Pipeline\Pipeline->Illuminate\Pipeline\{closure}(Object(Illuminate\Http\Request))
#7 /home1/kmalith2/eonepisode/vendor/laravel/framework/src/Illuminate/Pipeline/Pipeline.php(125): Illuminate\Cookie\Middleware\AddQueuedCookiesToResponse->handle(Object(Illuminate\Http\Request), Object(Closure))
#8 /home1/kmalith2/eonepisode/vendor/laravel/framework/src/Illuminate/Cookie/Middleware/EncryptCookies.php(40): Illuminate\Pipeline\Pipeline->Illuminate\Pipeline\{closure}(Object(Illuminate\Http\Request))
#9 /home1/kmalith2/eonepisode/vendor/laravel/framework/src/Illuminate/Pipeline/Pipeline.php(125): Illuminate\Cookie\Middleware\EncryptCookies->handle(Object(Illuminate\Http\Request), Object(Closure))
#10 /home1/kmalith2/eonepisode/app/Http/Middleware/CheckForMaintenanceMode.php(26): Illuminate\Pipeline\Pipeline->Illuminate\Pipeline\{closure}(Object(Illuminate\Http\Request))
#11 /home1/kmalith2/eonepisode/vendor/laravel/framework/src/Illuminate/Pipeline/Pipeline.php(125): App\Http\Middleware\CheckForMaintenanceMode->handle(Object(Illuminate\Http\Request), Object(Closure))
#12 [internal function]: Illuminate\Pipeline\Pipeline->Illuminate\Pipeline\{closure}(Object(Illuminate\Http\Request))
#13 /home1/kmalith2/eonepisode/vendor/laravel/framework/src/Illuminate/Pipeline/Pipeline.php(100): call_user_func(Object(Closure), Object(Illuminate\Http\Request))
#14 /home1/kmalith2/eonepisode/vendor/laravel/framework/src/Illuminate/Foundation/Http/Kernel.php(111): Illuminate\Pipeline\Pipeline->then(Object(Closure))
#15 /home1/kmalith2/eonepisode/vendor/laravel/framework/src/Illuminate/Foundation/Http/Kernel.php(84): Illuminate\Foundation\Http\Kernel->sendRequestThroughRouter(Object(Illuminate\Http\Request))
#16 /home1/kmalith2/public_html/index.php(53): Illuminate\Foundation\Http\Kernel->handle(Object(Illuminate\Http\Request))
#17 {main}  
[2026-09-07 03:11:54] local.ERROR: Illuminate\Session\TokenMismatchException in /home1/kmalith2/eonepisode/vendor/laravel/framework/src/Illuminate/Foundation/Http/Middleware/VerifyCsrfToken.php:46
Stack trace:
#0 /home1/kmalith2/eonepisode/app/Http/Middleware/VerifyCsrfToken.php(17): Illuminate\Foundation\Http\Middleware\VerifyCsrfToken->handle(Object(Illuminate\Http\Request), Object(Closure))
#1 /home1/kmalith2/eonepisode/vendor/laravel/framework/src/Illuminate/Pipeline/Pipeline.php(125): App\Http\Middleware\VerifyCsrfToken->handle(Object(Illuminate\Http\Request), Object(Closure))
#2 /home1/kmalith2/eonepisode/vendor/laravel/framework/src/Illuminate/View/Middleware/ShareErrorsFromSession.php(55): Illuminate\Pipeline\Pipeline->Illuminate\Pipeline\{closure}(Object(Illuminate\Http\Request))
#3 /home1/kmalith2/eonepisode/vendor/laravel/framework/src/Illuminate/Pipeline/Pipeline.php(125): Illuminate\View\Middleware\ShareErrorsFromSession->handle(Object(Illuminate\Http\Request), Object(Closure))
#4 /home1/kmalith2/eonepisode/vendor/laravel/framework/src/Illuminate/Session/Middleware/StartSession.php(61): Illuminate\Pipeline\Pipeline->Illuminate\Pipeline\{closure}(Object(Illuminate\Http\Request))
#5 /home1/kmalith2/eonepisode/vendor/laravel/framework/src/Illuminate/Pipeline/Pipeline.php(125): Illuminate\Session\Middleware\StartSession->handle(Object(Illuminate\Http\Request), Object(Closure))
#6 /home1/kmalith2/eonepisode/vendor/laravel/framework/src/Illuminate/Cookie/Middleware/AddQueuedCookiesToResponse.php(36): Illuminate\Pipeline\Pipeline->Illuminate\Pipeline\{closure}(Object(Illuminate\Http\Request))
#7 /home1/kmalith2/eonepisode/vendor/laravel/framework/src/Illuminate/Pipeline/Pipeline.php(125): Illuminate\Cookie\Middleware\AddQueuedCookiesToResponse->handle(Object(Illuminate\Http\Request), Object(Closure))
#8 /home1/kmalith2/eonepisode/vendor/laravel/framework/src/Illuminate/Cookie/Middleware/EncryptCookies.php(40): Illuminate\Pipeline\Pipeline->Illuminate\Pipeline\{closure}(Object(Illuminate\Http\Request))
#9 /home1/kmalith2/eonepisode/vendor/laravel/framework/src/Illuminate/Pipeline/Pipeline.php(125): Illuminate\Cookie\Middleware\EncryptCookies->handle(Object(Illuminate\Http\Request), Object(Closure))
#10 /home1/kmalith2/eonepisode/app/Http/Middleware/CheckForMaintenanceMode.php(26): Illuminate\Pipeline\Pipeline->Illuminate\Pipeline\{closure}(Object(Illuminate\Http\Request))
#11 /home1/kmalith2/eonepisode/vendor/laravel/framework/src/Illuminate/Pipeline/Pipeline.php(125): App\Http\Middleware\CheckForMaintenanceMode->handle(Object(Illuminate\Http\Request), Object(Closure))
#12 [internal function]: Illuminate\Pipeline\Pipeline->Illuminate\Pipeline\{closure}(Object(Illuminate\Http\Request))
#13 /home1/kmalith2/eonepisode/vendor/laravel/framework/src/Illuminate/Pipeline/Pipeline.php(100): call_user_func(Object(Closure), Object(Illuminate\Http\Request))
#14 /home1/kmalith2/eonepisode/vendor/laravel/framework/src/Illuminate/Foundation/Http/Kernel.php(111): Illuminate\Pipeline\Pipeline->then(Object(Closure))
#15 /home1/kmalith2/eonepisode/vendor/laravel/framework/src/Illuminate/Foundation/Http/Kernel.php(84): Illuminate\Foundation\Http\Kernel->sendRequestThroughRouter(Object(Illuminate\Http\Request))
#16 /home1/kmalith2/public_html/index.php(53): Illuminate\Foundation\Http\Kernel->handle(Object(Illuminate\Http\Request))
#17 {main}  
[2026-09-07 03:11:56] local.ERROR: Illuminate\Session\TokenMismatchException in /home1/kmalith2/eonepisode/vendor/laravel/framework/src/Illuminate/Foundation/Http/Middleware/VerifyCsrfToken.php:46
Stack trace:
#0 /home1/kmalith2/eonepisode/app/Http/Middleware/VerifyCsrfToken.php(17): Illuminate\Foundation\Http\Middleware\VerifyCsrfToken->handle(Object(Illuminate\Http\Request), Object(Closure))
#1 /home1/kmalith2/eonepisode/vendor/laravel/framework/src/Illuminate/Pipeline/Pipeline.php(125): App\Http\Middleware\VerifyCsrfToken->handle(Object(Illuminate\Http\Request), Object(Closure))
#2 /home1/kmalith2/eonepisode/vendor/laravel/framework/src/Illuminate/View/Middleware/ShareErrorsFromSession.php(55): Illuminate\Pipeline\Pipeline->Illuminate\Pipeline\{closure}(Object(Illuminate\Http\Request))
#3 /home1/kmalith2/eonepisode/vendor/laravel/framework/src/Illuminate/Pipeline/Pipeline.php(125): Illuminate\View\Middleware\ShareErrorsFromSession->handle(Object(Illuminate\Http\Request), Object(Closure))
#4 /home1/kmalith2/eonepisode/vendor/laravel/framework/src/Illuminate/Session/Middleware/StartSession.php(61): Illuminate\Pipeline\Pipeline->Illuminate\Pipeline\{closure}(Object(Illuminate\Http\Request))
#5 /home1/kmalith2/eonepisode/vendor/laravel/framework/src/Illuminate/Pipeline/Pipeline.php(125): Illuminate\Session\Middleware\StartSession->handle(Object(Illuminate\Http\Request), Object(Closure))
#6 /home1/kmalith2/eonepisode/vendor/laravel/framework/src/Illuminate/Cookie/Middleware/AddQueuedCookiesToResponse.php(36): Illuminate\Pipeline\Pipeline->Illuminate\Pipeline\{closure}(Object(Illuminate\Http\Request))
#7 /home1/kmalith2/eonepisode/vendor/laravel/framework/src/Illuminate/Pipeline/Pipeline.php(125): Illuminate\Cookie\Middleware\AddQueuedCookiesToResponse->handle(Object(Illuminate\Http\Request), Object(Closure))
#8 /home1/kmalith2/eonepisode/vendor/laravel/framework/src/Illuminate/Cookie/Middleware/EncryptCookies.php(40): Illuminate\Pipeline\Pipeline->Illuminate\Pipeline\{closure}(Object(Illuminate\Http\Request))
#9 /home1/kmalith2/eonepisode/vendor/laravel/framework/src/Illuminate/Pipeline/Pipeline.php(125): Illuminate\Cookie\Middleware\EncryptCookies->handle(Object(Illuminate\Http\Request), Object(Closure))
#10 /home1/kmalith2/eonepisode/app/Http/Middleware/CheckForMaintenanceMode.php(26): Illuminate\Pipeline\Pipeline->Illuminate\Pipeline\{closure}(Object(Illuminate\Http\Request))
#11 /home1/kmalith2/eonepisode/vendor/laravel/framework/src/Illuminate/Pipeline/Pipeline.php(125): App\Http\Middleware\CheckForMaintenanceMode->handle(Object(Illuminate\Http\Request), Object(Closure))
#12 [internal function]: Illuminate\Pipeline\Pipeline->Illuminate\Pipeline\{closure}(Object(Illuminate\Http\Request))
#13 /home1/kmalith2/eonepisode/vendor/laravel/framework/src/Illuminate/Pipeline/Pipeline.php(100): call_user_func(Object(Closure), Object(Illuminate\Http\Request))
#14 /home1/kmalith2/eonepisode/vendor/laravel/framework/src/Illuminate/Foundation/Http/Kernel.php(111): Illuminate\Pipeline\Pipeline->then(Object(Closure))
#15 /home1/kmalith2/eonepisode/vendor/laravel/framework/src/Illuminate/Foundation/Http/Kernel.php(84): Illuminate\Foundation\Http\Kernel->sendRequestThroughRouter(Object(Illuminate\Http\Request))
#16 /home1/kmalith2/public_html/index.php(53): Illuminate\Foundation\Http\Kernel->handle(Object(Illuminate\Http\Request))
#17 {main}  
[2026-09-07 03:11:57] local.ERROR: Illuminate\Session\TokenMismatchException in /home1/kmalith2/eonepisode/vendor/laravel/framework/src/Illuminate/Foundation/Http/Middleware/VerifyCsrfToken.php:46
Stack trace:
#0 /home1/kmalith2/eonepisode/app/Http/Middleware/VerifyCsrfToken.php(17): Illuminate\Foundation\Http\Middleware\VerifyCsrfToken->handle(Object(Illuminate\Http\Request), Object(Closure))
#1 /home1/kmalith2/eonepisode/vendor/laravel/framework/src/Illuminate/Pipeline/Pipeline.php(125): App\Http\Middleware\VerifyCsrfToken->handle(Object(Illuminate\Http\Request), Object(Closure))
#2 /home1/kmalith2/eonepisode/vendor/laravel/framework/src/Illuminate/View/Middleware/ShareErrorsFromSession.php(55): Illuminate\Pipeline\Pipeline->Illuminate\Pipeline\{closure}(Object(Illuminate\Http\Request))
#3 /home1/kmalith2/eonepisode/vendor/laravel/framework/src/Illuminate/Pipeline/Pipeline.php(125): Illuminate\View\Middleware\ShareErrorsFromSession->handle(Object(Illuminate\Http\Request), Object(Closure))
#4 /home1/kmalith2/eonepisode/vendor/laravel/framework/src/Illuminate/Session/Middleware/StartSession.php(61): Illuminate\Pipeline\Pipeline->Illuminate\Pipeline\{closure}(Object(Illuminate\Http\Request))
#5 /home1/kmalith2/eonepisode/vendor/laravel/framework/src/Illuminate/Pipeline/Pipeline.php(125): Illuminate\Session\Middleware\StartSession->handle(Object(Illuminate\Http\Request), Object(Closure))
#6 /home1/kmalith2/eonepisode/vendor/laravel/framework/src/Illuminate/Cookie/Middleware/AddQueuedCookiesToResponse.php(36): Illuminate\Pipeline\Pipeline->Illuminate\Pipeline\{closure}(Object(Illuminate\Http\Request))
#7 /home1/kmalith2/eonepisode/vendor/laravel/framework/src/Illuminate/Pipeline/Pipeline.php(125): Illuminate\Cookie\Middleware\AddQueuedCookiesToResponse->handle(Object(Illuminate\Http\Request), Object(Closure))
#8 /home1/kmalith2/eonepisode/vendor/laravel/framework/src/Illuminate/Cookie/Middleware/EncryptCookies.php(40): Illuminate\Pipeline\Pipeline->Illuminate\Pipeline\{closure}(Object(Illuminate\Http\Request))
#9 /home1/kmalith2/eonepisode/vendor/laravel/framework/src/Illuminate/Pipeline/Pipeline.php(125): Illuminate\Cookie\Middleware\EncryptCookies->handle(Object(Illuminate\Http\Request), Object(Closure))
#10 /home1/kmalith2/eonepisode/app/Http/Middleware/CheckForMaintenanceMode.php(26): Illuminate\Pipeline\Pipeline->Illuminate\Pipeline\{closure}(Object(Illuminate\Http\Request))
#11 /home1/kmalith2/eonepisode/vendor/laravel/framework/src/Illuminate/Pipeline/Pipeline.php(125): App\Http\Middleware\CheckForMaintenanceMode->handle(Object(Illuminate\Http\Request), Object(Closure))
#12 [internal function]: Illuminate\Pipeline\Pipeline->Illuminate\Pipeline\{closure}(Object(Illuminate\Http\Request))
#13 /home1/kmalith2/eonepisode/vendor/laravel/framework/src/Illuminate/Pipeline/Pipeline.php(100): call_user_func(Object(Closure), Object(Illuminate\Http\Request))
#14 /home1/kmalith2/eonepisode/vendor/laravel/framework/src/Illuminate/Foundation/Http/Kernel.php(111): Illuminate\Pipeline\Pipeline->then(Object(Closure))
#15 /home1/kmalith2/eonepisode/vendor/laravel/framework/src/Illuminate/Foundation/Http/Kernel.php(84): Illuminate\Foundation\Http\Kernel->sendRequestThroughRouter(Object(Illuminate\Http\Request))
#16 /home1/kmalith2/public_html/index.php(53): Illuminate\Foundation\Http\Kernel->handle(Object(Illuminate\Http\Request))
#17 {main}  
[2026-09-07 03:11:57] local.ERROR: Illuminate\Session\TokenMismatchException in /home1/kmalith2/eonepisode/vendor/laravel/framework/src/Illuminate/Foundation/Http/Middleware/VerifyCsrfToken.php:46
Stack trace:
#0 /home1/kmalith2/eonepisode/app/Http/Middleware/VerifyCsrfToken.php(17): Illuminate\Foundation\Http\Middleware\VerifyCsrfToken->handle(Object(Illuminate\Http\Request), Object(Closure))
#1 /home1/kmalith2/eonepisode/vendor/laravel/framework/src/Illuminate/Pipeline/Pipeline.php(125): App\Http\Middleware\VerifyCsrfToken->handle(Object(Illuminate\Http\Request), Object(Closure))
#2 /home1/kmalith2/eonepisode/vendor/laravel/framework/src/Illuminate/View/Middleware/ShareErrorsFromSession.php(55): Illuminate\Pipeline\Pipeline->Illuminate\Pipeline\{closure}(Object(Illuminate\Http\Request))
#3 /home1/kmalith2/eonepisode/vendor/laravel/framework/src/Illuminate/Pipeline/Pipeline.php(125): Illuminate\View\Middleware\ShareErrorsFromSession->handle(Object(Illuminate\Http\Request), Object(Closure))
#4 /home1/kmalith2/eonepisode/vendor/laravel/framework/src/Illuminate/Session/Middleware/StartSession.php(61): Illuminate\Pipeline\Pipeline->Illuminate\Pipeline\{closure}(Object(Illuminate\Http\Request))
#5 /home1/kmalith2/eonepisode/vendor/laravel/framework/src/Illuminate/Pipeline/Pipeline.php(125): Illuminate\Session\Middleware\StartSession->handle(Object(Illuminate\Http\Request), Object(Closure))
#6 /home1/kmalith2/eonepisode/vendor/laravel/framework/src/Illuminate/Cookie/Middleware/AddQueuedCookiesToResponse.php(36): Illuminate\Pipeline\Pipeline->Illuminate\Pipeline\{closure}(Object(Illuminate\Http\Request))
#7 /home1/kmalith2/eonepisode/vendor/laravel/framework/src/Illuminate/Pipeline/Pipeline.php(125): Illuminate\Cookie\Middleware\AddQueuedCookiesToResponse->handle(Object(Illuminate\Http\Request), Object(Closure))
#8 /home1/kmalith2/eonepisode/vendor/laravel/framework/src/Illuminate/Cookie/Middleware/EncryptCookies.php(40): Illuminate\Pipeline\Pipeline->Illuminate\Pipeline\{closure}(Object(Illuminate\Http\Request))
#9 /home1/kmalith2/eonepisode/vendor/laravel/framework/src/Illuminate/Pipeline/Pipeline.php(125): Illuminate\Cookie\Middleware\EncryptCookies->handle(Object(Illuminate\Http\Request), Object(Closure))
#10 /home1/kmalith2/eonepisode/app/Http/Middleware/CheckForMaintenanceMode.php(26): Illuminate\Pipeline\Pipeline->Illuminate\Pipeline\{closure}(Object(Illuminate\Http\Request))
#11 /home1/kmalith2/eonepisode/vendor/laravel/framework/src/Illuminate/Pipeline/Pipeline.php(125): App\Http\Middleware\CheckForMaintenanceMode->handle(Object(Illuminate\Http\Request), Object(Closure))
#12 [internal function]: Illuminate\Pipeline\Pipeline->Illuminate\Pipeline\{closure}(Object(Illuminate\Http\Request))
#13 /home1/kmalith2/eonepisode/vendor/laravel/framework/src/Illuminate/Pipeline/Pipeline.php(100): call_user_func(Object(Closure), Object(Illuminate\Http\Request))
#14 /home1/kmalith2/eonepisode/vendor/laravel/framework/src/Illuminate/Foundation/Http/Kernel.php(111): Illuminate\Pipeline\Pipeline->then(Object(Closure))
#15 /home1/kmalith2/eonepisode/vendor/laravel/framework/src/Illuminate/Foundation/Http/Kernel.php(84): Illuminate\Foundation\Http\Kernel->sendRequestThroughRouter(Object(Illuminate\Http\Request))
#16 /home1/kmalith2/public_html/index.php(53): Illuminate\Foundation\Http\Kernel->handle(Object(Illuminate\Http\Request))
#17 {main}  
[2026-09-07 03:12:00] local.ERROR: Illuminate\Session\TokenMismatchException in /home1/kmalith2/eonepisode/vendor/laravel/framework/src/Illuminate/Foundation/Http/Middleware/VerifyCsrfToken.php:46
Stack trace:
#0 /home1/kmalith2/eonepisode/app/Http/Middleware/VerifyCsrfToken.php(17): Illuminate\Foundation\Http\Middleware\VerifyCsrfToken->handle(Object(Illuminate\Http\Request), Object(Closure))
#1 /home1/kmalith2/eonepisode/vendor/laravel/framework/src/Illuminate/Pipeline/Pipeline.php(125): App\Http\Middleware\VerifyCsrfToken->handle(Object(Illuminate\Http\Request), Object(Closure))
#2 /home1/kmalith2/eonepisode/vendor/laravel/framework/src/Illuminate/View/Middleware/ShareErrorsFromSession.php(55): Illuminate\Pipeline\Pipeline->Illuminate\Pipeline\{closure}(Object(Illuminate\Http\Request))
#3 /home1/kmalith2/eonepisode/vendor/laravel/framework/src/Illuminate/Pipeline/Pipeline.php(125): Illuminate\View\Middleware\ShareErrorsFromSession->handle(Object(Illuminate\Http\Request), Object(Closure))
#4 /home1/kmalith2/eonepisode/vendor/laravel/framework/src/Illuminate/Session/Middleware/StartSession.php(61): Illuminate\Pipeline\Pipeline->Illuminate\Pipeline\{closure}(Object(Illuminate\Http\Request))
#5 /home1/kmalith2/eonepisode/vendor/laravel/framework/src/Illuminate/Pipeline/Pipeline.php(125): Illuminate\Session\Middleware\StartSession->handle(Object(Illuminate\Http\Request), Object(Closure))
#6 /home1/kmalith2/eonepisode/vendor/laravel/framework/src/Illuminate/Cookie/Middleware/AddQueuedCookiesToResponse.php(36): Illuminate\Pipeline\Pipeline->Illuminate\Pipeline\{closure}(Object(Illuminate\Http\Request))
#7 /home1/kmalith2/eonepisode/vendor/laravel/framework/src/Illuminate/Pipeline/Pipeline.php(125): Illuminate\Cookie\Middleware\AddQueuedCookiesToResponse->handle(Object(Illuminate\Http\Request), Object(Closure))
#8 /home1/kmalith2/eonepisode/vendor/laravel/framework/src/Illuminate/Cookie/Middleware/EncryptCookies.php(40): Illuminate\Pipeline\Pipeline->Illuminate\Pipeline\{closure}(Object(Illuminate\Http\Request))
#9 /home1/kmalith2/eonepisode/vendor/laravel/framework/src/Illuminate/Pipeline/Pipeline.php(125): Illuminate\Cookie\Middleware\EncryptCookies->handle(Object(Illuminate\Http\Request), Object(Closure))
#10 /home1/kmalith2/eonepisode/app/Http/Middleware/CheckForMaintenanceMode.php(26): Illuminate\Pipeline\Pipeline->Illuminate\Pipeline\{closure}(Object(Illuminate\Http\Request))
#11 /home1/kmalith2/eonepisode/vendor/laravel/framework/src/Illuminate/Pipeline/Pipeline.php(125): App\Http\Middleware\CheckForMaintenanceMode->handle(Object(Illuminate\Http\Request), Object(Closure))
#12 [internal function]: Illuminate\Pipeline\Pipeline->Illuminate\Pipeline\{closure}(Object(Illuminate\Http\Request))
#13 /home1/kmalith2/eonepisode/vendor/laravel/framework/src/Illuminate/Pipeline/Pipeline.php(100): call_user_func(Object(Closure), Object(Illuminate\Http\Request))
#14 /home1/kmalith2/eonepisode/vendor/laravel/framework/src/Illuminate/Foundation/Http/Kernel.php(111): Illuminate\Pipeline\Pipeline->then(Object(Closure))
#15 /home1/kmalith2/eonepisode/vendor/laravel/framework/src/Illuminate/Foundation/Http/Kernel.php(84): Illuminate\Foundation\Http\Kernel->sendRequestThroughRouter(Object(Illuminate\Http\Request))
#16 /home1/kmalith2/public_html/index.php(53): Illuminate\Foundation\Http\Kernel->handle(Object(Illuminate\Http\Request))
#17 {main}  
[2026-09-07 03:12:01] local.ERROR: Illuminate\Session\TokenMismatchException in /home1/kmalith2/eonepisode/vendor/laravel/framework/src/Illuminate/Foundation/Http/Middleware/VerifyCsrfToken.php:46
Stack trace:
#0 /home1/kmalith2/eonepisode/app/Http/Middleware/VerifyCsrfToken.php(17): Illuminate\Foundation\Http\Middleware\VerifyCsrfToken->handle(Object(Illuminate\Http\Request), Object(Closure))
#1 /home1/kmalith2/eonepisode/vendor/laravel/framework/src/Illuminate/Pipeline/Pipeline.php(125): App\Http\Middleware\VerifyCsrfToken->handle(Object(Illuminate\Http\Request), Object(Closure))
#2 /home1/kmalith2/eonepisode/vendor/laravel/framework/src/Illuminate/View/Middleware/ShareErrorsFromSession.php(55): Illuminate\Pipeline\Pipeline->Illuminate\Pipeline\{closure}(Object(Illuminate\Http\Request))
#3 /home1/kmalith2/eonepisode/vendor/laravel/framework/src/Illuminate/Pipeline/Pipeline.php(125): Illuminate\View\Middleware\ShareErrorsFromSession->handle(Object(Illuminate\Http\Request), Object(Closure))
#4 /home1/kmalith2/eonepisode/vendor/laravel/framework/src/Illuminate/Session/Middleware/StartSession.php(61): Illuminate\Pipeline\Pipeline->Illuminate\Pipeline\{closure}(Object(Illuminate\Http\Request))
#5 /home1/kmalith2/eonepisode/vendor/laravel/framework/src/Illuminate/Pipeline/Pipeline.php(125): Illuminate\Session\Middleware\StartSession->handle(Object(Illuminate\Http\Request), Object(Closure))
#6 /home1/kmalith2/eonepisode/vendor/laravel/framework/src/Illuminate/Cookie/Middleware/AddQueuedCookiesToResponse.php(36): Illuminate\Pipeline\Pipeline->Illuminate\Pipeline\{closure}(Object(Illuminate\Http\Request))
#7 /home1/kmalith2/eonepisode/vendor/laravel/framework/src/Illuminate/Pipeline/Pipeline.php(125): Illuminate\Cookie\Middleware\AddQueuedCookiesToResponse->handle(Object(Illuminate\Http\Request), Object(Closure))
#8 /home1/kmalith2/eonepisode/vendor/laravel/framework/src/Illuminate/Cookie/Middleware/EncryptCookies.php(40): Illuminate\Pipeline\Pipeline->Illuminate\Pipeline\{closure}(Object(Illuminate\Http\Request))
#9 /home1/kmalith2/eonepisode/vendor/laravel/framework/src/Illuminate/Pipeline/Pipeline.php(125): Illuminate\Cookie\Middleware\EncryptCookies->handle(Object(Illuminate\Http\Request), Object(Closure))
#10 /home1/kmalith2/eonepisode/app/Http/Middleware/CheckForMaintenanceMode.php(26): Illuminate\Pipeline\Pipeline->Illuminate\Pipeline\{closure}(Object(Illuminate\Http\Request))
#11 /home1/kmalith2/eonepisode/vendor/laravel/framework/src/Illuminate/Pipeline/Pipeline.php(125): App\Http\Middleware\CheckForMaintenanceMode->handle(Object(Illuminate\Http\Request), Object(Closure))
#12 [internal function]: Illuminate\Pipeline\Pipeline->Illuminate\Pipeline\{closure}(Object(Illuminate\Http\Request))
#13 /home1/kmalith2/eonepisode/vendor/laravel/framework/src/Illuminate/Pipeline/Pipeline.php(100): call_user_func(Object(Closure), Object(Illuminate\Http\Request))
#14 /home1/kmalith2/eonepisode/vendor/laravel/framework/src/Illuminate/Foundation/Http/Kernel.php(111): Illuminate\Pipeline\Pipeline->then(Object(Closure))
#15 /home1/kmalith2/eonepisode/vendor/laravel/framework/src/Illuminate/Foundation/Http/Kernel.php(84): Illuminate\Foundation\Http\Kernel->sendRequestThroughRouter(Object(Illuminate\Http\Request))
#16 /home1/kmalith2/public_html/index.php(53): Illuminate\Foundation\Http\Kernel->handle(Object(Illuminate\Http\Request))
#17 {main}  
[2026-09-07 03:12:02] local.ERROR: Illuminate\Session\TokenMismatchException in /home1/kmalith2/eonepisode/vendor/laravel/framework/src/Illuminate/Foundation/Http/Middleware/VerifyCsrfToken.php:46
Stack trace:
#0 /home1/kmalith2/eonepisode/app/Http/Middleware/VerifyCsrfToken.php(17): Illuminate\Foundation\Http\Middleware\VerifyCsrfToken->handle(Object(Illuminate\Http\Request), Object(Closure))
#1 /home1/kmalith2/eonepisode/vendor/laravel/framework/src/Illuminate/Pipeline/Pipeline.php(125): App\Http\Middleware\VerifyCsrfToken->handle(Object(Illuminate\Http\Request), Object(Closure))
#2 /home1/kmalith2/eonepisode/vendor/laravel/framework/src/Illuminate/View/Middleware/ShareErrorsFromSession.php(55): Illuminate\Pipeline\Pipeline->Illuminate\Pipeline\{closure}(Object(Illuminate\Http\Request))
#3 /home1/kmalith2/eonepisode/vendor/laravel/framework/src/Illuminate/Pipeline/Pipeline.php(125): Illuminate\View\Middleware\ShareErrorsFromSession->handle(Object(Illuminate\Http\Request), Object(Closure))
#4 /home1/kmalith2/eonepisode/vendor/laravel/framework/src/Illuminate/Session/Middleware/StartSession.php(61): Illuminate\Pipeline\Pipeline->Illuminate\Pipeline\{closure}(Object(Illuminate\Http\Request))
#5 /home1/kmalith2/eonepisode/vendor/laravel/framework/src/Illuminate/Pipeline/Pipeline.php(125): Illuminate\Session\Middleware\StartSession->handle(Object(Illuminate\Http\Request), Object(Closure))
#6 /home1/kmalith2/eonepisode/vendor/laravel/framework/src/Illuminate/Cookie/Middleware/AddQueuedCookiesToResponse.php(36): Illuminate\Pipeline\Pipeline->Illuminate\Pipeline\{closure}(Object(Illuminate\Http\Request))
#7 /home1/kmalith2/eonepisode/vendor/laravel/framework/src/Illuminate/Pipeline/Pipeline.php(125): Illuminate\Cookie\Middleware\AddQueuedCookiesToResponse->handle(Object(Illuminate\Http\Request), Object(Closure))
#8 /home1/kmalith2/eonepisode/vendor/laravel/framework/src/Illuminate/Cookie/Middleware/EncryptCookies.php(40): Illuminate\Pipeline\Pipeline->Illuminate\Pipeline\{closure}(Object(Illuminate\Http\Request))
#9 /home1/kmalith2/eonepisode/vendor/laravel/framework/src/Illuminate/Pipeline/Pipeline.php(125): Illuminate\Cookie\Middleware\EncryptCookies->handle(Object(Illuminate\Http\Request), Object(Closure))
#10 /home1/kmalith2/eonepisode/app/Http/Middleware/CheckForMaintenanceMode.php(26): Illuminate\Pipeline\Pipeline->Illuminate\Pipeline\{closure}(Object(Illuminate\Http\Request))
#11 /home1/kmalith2/eonepisode/vendor/laravel/framework/src/Illuminate/Pipeline/Pipeline.php(125): App\Http\Middleware\CheckForMaintenanceMode->handle(Object(Illuminate\Http\Request), Object(Closure))
#12 [internal function]: Illuminate\Pipeline\Pipeline->Illuminate\Pipeline\{closure}(Object(Illuminate\Http\Request))
#13 /home1/kmalith2/eonepisode/vendor/laravel/framework/src/Illuminate/Pipeline/Pipeline.php(100): call_user_func(Object(Closure), Object(Illuminate\Http\Request))
#14 /home1/kmalith2/eonepisode/vendor/laravel/framework/src/Illuminate/Foundation/Http/Kernel.php(111): Illuminate\Pipeline\Pipeline->then(Object(Closure))
#15 /home1/kmalith2/eonepisode/vendor/laravel/framework/src/Illuminate/Foundation/Http/Kernel.php(84): Illuminate\Foundation\Http\Kernel->sendRequestThroughRouter(Object(Illuminate\Http\Request))
#16 /home1/kmalith2/public_html/index.php(53): Illuminate\Foundation\Http\Kernel->handle(Object(Illuminate\Http\Request))
#17 {main}  
[2026-09-07 03:12:02] local.ERROR: Illuminate\Session\TokenMismatchException in /home1/kmalith2/eonepisode/vendor/laravel/framework/src/Illuminate/Foundation/Http/Middleware/VerifyCsrfToken.php:46
Stack trace:
#0 /home1/kmalith2/eonepisode/app/Http/Middleware/VerifyCsrfToken.php(17): Illuminate\Foundation\Http\Middleware\VerifyCsrfToken->handle(Object(Illuminate\Http\Request), Object(Closure))
#1 /home1/kmalith2/eonepisode/vendor/laravel/framework/src/Illuminate/Pipeline/Pipeline.php(125): App\Http\Middleware\VerifyCsrfToken->handle(Object(Illuminate\Http\Request), Object(Closure))
#2 /home1/kmalith2/eonepisode/vendor/laravel/framework/src/Illuminate/View/Middleware/ShareErrorsFromSession.php(55): Illuminate\Pipeline\Pipeline->Illuminate\Pipeline\{closure}(Object(Illuminate\Http\Request))
#3 /home1/kmalith2/eonepisode/vendor/laravel/framework/src/Illuminate/Pipeline/Pipeline.php(125): Illuminate\View\Middleware\ShareErrorsFromSession->handle(Object(Illuminate\Http\Request), Object(Closure))
#4 /home1/kmalith2/eonepisode/vendor/laravel/framework/src/Illuminate/Session/Middleware/StartSession.php(61): Illuminate\Pipeline\Pipeline->Illuminate\Pipeline\{closure}(Object(Illuminate\Http\Request))
#5 /home1/kmalith2/eonepisode/vendor/laravel/framework/src/Illuminate/Pipeline/Pipeline.php(125): Illuminate\Session\Middleware\StartSession->handle(Object(Illuminate\Http\Request), Object(Closure))
#6 /home1/kmalith2/eonepisode/vendor/laravel/framework/src/Illuminate/Cookie/Middleware/AddQueuedCookiesToResponse.php(36): Illuminate\Pipeline\Pipeline->Illuminate\Pipeline\{closure}(Object(Illuminate\Http\Request))
#7 /home1/kmalith2/eonepisode/vendor/laravel/framework/src/Illuminate/Pipeline/Pipeline.php(125): Illuminate\Cookie\Middleware\AddQueuedCookiesToResponse->handle(Object(Illuminate\Http\Request), Object(Closure))
#8 /home1/kmalith2/eonepisode/vendor/laravel/framework/src/Illuminate/Cookie/Middleware/EncryptCookies.php(40): Illuminate\Pipeline\Pipeline->Illuminate\Pipeline\{closure}(Object(Illuminate\Http\Request))
#9 /home1/kmalith2/eonepisode/vendor/laravel/framework/src/Illuminate/Pipeline/Pipeline.php(125): Illuminate\Cookie\Middleware\EncryptCookies->handle(Object(Illuminate\Http\Request), Object(Closure))
#10 /home1/kmalith2/eonepisode/app/Http/Middleware/CheckForMaintenanceMode.php(26): Illuminate\Pipeline\Pipeline->Illuminate\Pipeline\{closure}(Object(Illuminate\Http\Request))
#11 /home1/kmalith2/eonepisode/vendor/laravel/framework/src/Illuminate/Pipeline/Pipeline.php(125): App\Http\Middleware\CheckForMaintenanceMode->handle(Object(Illuminate\Http\Request), Object(Closure))
#12 [internal function]: Illuminate\Pipeline\Pipeline->Illuminate\Pipeline\{closure}(Object(Illuminate\Http\Request))
#13 /home1/kmalith2/eonepisode/vendor/laravel/framework/src/Illuminate/Pipeline/Pipeline.php(100): call_user_func(Object(Closure), Object(Illuminate\Http\Request))
#14 /home1/kmalith2/eonepisode/vendor/laravel/framework/src/Illuminate/Foundation/Http/Kernel.php(111): Illuminate\Pipeline\Pipeline->then(Object(Closure))
#15 /home1/kmalith2/eonepisode/vendor/laravel/framework/src/Illuminate/Foundation/Http/Kernel.php(84): Illuminate\Foundation\Http\Kernel->sendRequestThroughRouter(Object(Illuminate\Http\Request))
#16 /home1/kmalith2/public_html/index.php(53): Illuminate\Foundation\Http\Kernel->handle(Object(Illuminate\Http\Request))
#17 {main}  
[2026-09-07 03:12:03] local.ERROR: Illuminate\Session\TokenMismatchException in /home1/kmalith2/eonepisode/vendor/laravel/framework/src/Illuminate/Foundation/Http/Middleware/VerifyCsrfToken.php:46
Stack trace:
#0 /home1/kmalith2/eonepisode/app/Http/Middleware/VerifyCsrfToken.php(17): Illuminate\Foundation\Http\Middleware\VerifyCsrfToken->handle(Object(Illuminate\Http\Request), Object(Closure))
#1 /home1/kmalith2/eonepisode/vendor/laravel/framework/src/Illuminate/Pipeline/Pipeline.php(125): App\Http\Middleware\VerifyCsrfToken->handle(Object(Illuminate\Http\Request), Object(Closure))
#2 /home1/kmalith2/eonepisode/vendor/laravel/framework/src/Illuminate/View/Middleware/ShareErrorsFromSession.php(55): Illuminate\Pipeline\Pipeline->Illuminate\Pipeline\{closure}(Object(Illuminate\Http\Request))
#3 /home1/kmalith2/eonepisode/vendor/laravel/framework/src/Illuminate/Pipeline/Pipeline.php(125): Illuminate\View\Middleware\ShareErrorsFromSession->handle(Object(Illuminate\Http\Request), Object(Closure))
#4 /home1/kmalith2/eonepisode/vendor/laravel/framework/src/Illuminate/Session/Middleware/StartSession.php(61): Illuminate\Pipeline\Pipeline->Illuminate\Pipeline\{closure}(Object(Illuminate\Http\Request))
#5 /home1/kmalith2/eonepisode/vendor/laravel/framework/src/Illuminate/Pipeline/Pipeline.php(125): Illuminate\Session\Middleware\StartSession->handle(Object(Illuminate\Http\Request), Object(Closure))
#6 /home1/kmalith2/eonepisode/vendor/laravel/framework/src/Illuminate/Cookie/Middleware/AddQueuedCookiesToResponse.php(36): Illuminate\Pipeline\Pipeline->Illuminate\Pipeline\{closure}(Object(Illuminate\Http\Request))
#7 /home1/kmalith2/eonepisode/vendor/laravel/framework/src/Illuminate/Pipeline/Pipeline.php(125): Illuminate\Cookie\Middleware\AddQueuedCookiesToResponse->handle(Object(Illuminate\Http\Request), Object(Closure))
#8 /home1/kmalith2/eonepisode/vendor/laravel/framework/src/Illuminate/Cookie/Middleware/EncryptCookies.php(40): Illuminate\Pipeline\Pipeline->Illuminate\Pipeline\{closure}(Object(Illuminate\Http\Request))
#9 /home1/kmalith2/eonepisode/vendor/laravel/framework/src/Illuminate/Pipeline/Pipeline.php(125): Illuminate\Cookie\Middleware\EncryptCookies->handle(Object(Illuminate\Http\Request), Object(Closure))
#10 /home1/kmalith2/eonepisode/app/Http/Middleware/CheckForMaintenanceMode.php(26): Illuminate\Pipeline\Pipeline->Illuminate\Pipeline\{closure}(Object(Illuminate\Http\Request))
#11 /home1/kmalith2/eonepisode/vendor/laravel/framework/src/Illuminate/Pipeline/Pipeline.php(125): App\Http\Middleware\CheckForMaintenanceMode->handle(Object(Illuminate\Http\Request), Object(Closure))
#12 [internal function]: Illuminate\Pipeline\Pipeline->Illuminate\Pipeline\{closure}(Object(Illuminate\Http\Request))
#13 /home1/kmalith2/eonepisode/vendor/laravel/framework/src/Illuminate/Pipeline/Pipeline.php(100): call_user_func(Object(Closure), Object(Illuminate\Http\Request))
#14 /home1/kmalith2/eonepisode/vendor/laravel/framework/src/Illuminate/Foundation/Http/Kernel.php(111): Illuminate\Pipeline\Pipeline->then(Object(Closure))
#15 /home1/kmalith2/eonepisode/vendor/laravel/framework/src/Illuminate/Foundation/Http/Kernel.php(84): Illuminate\Foundation\Http\Kernel->sendRequestThroughRouter(Object(Illuminate\Http\Request))
#16 /home1/kmalith2/public_html/index.php(53): Illuminate\Foundation\Http\Kernel->handle(Object(Illuminate\Http\Request))
#17 {main}  
[2026-09-07 03:12:06] local.ERROR: Illuminate\Session\TokenMismatchException in /home1/kmalith2/eonepisode/vendor/laravel/framework/src/Illuminate/Foundation/Http/Middleware/VerifyCsrfToken.php:46
Stack trace:
#0 /home1/kmalith2/eonepisode/app/Http/Middleware/VerifyCsrfToken.php(17): Illuminate\Foundation\Http\Middleware\VerifyCsrfToken->handle(Object(Illuminate\Http\Request), Object(Closure))
#1 /home1/kmalith2/eonepisode/vendor/laravel/framework/src/Illuminate/Pipeline/Pipeline.php(125): App\Http\Middleware\VerifyCsrfToken->handle(Object(Illuminate\Http\Request), Object(Closure))
#2 /home1/kmalith2/eonepisode/vendor/laravel/framework/src/Illuminate/View/Middleware/ShareErrorsFromSession.php(55): Illuminate\Pipeline\Pipeline->Illuminate\Pipeline\{closure}(Object(Illuminate\Http\Request))
#3 /home1/kmalith2/eonepisode/vendor/laravel/framework/src/Illuminate/Pipeline/Pipeline.php(125): Illuminate\View\Middleware\ShareErrorsFromSession->handle(Object(Illuminate\Http\Request), Object(Closure))
#4 /home1/kmalith2/eonepisode/vendor/laravel/framework/src/Illuminate/Session/Middleware/StartSession.php(61): Illuminate\Pipeline\Pipeline->Illuminate\Pipeline\{closure}(Object(Illuminate\Http\Request))
#5 /home1/kmalith2/eonepisode/vendor/laravel/framework/src/Illuminate/Pipeline/Pipeline.php(125): Illuminate\Session\Middleware\StartSession->handle(Object(Illuminate\Http\Request), Object(Closure))
#6 /home1/kmalith2/eonepisode/vendor/laravel/framework/src/Illuminate/Cookie/Middleware/AddQueuedCookiesToResponse.php(36): Illuminate\Pipeline\Pipeline->Illuminate\Pipeline\{closure}(Object(Illuminate\Http\Request))
#7 /home1/kmalith2/eonepisode/vendor/laravel/framework/src/Illuminate/Pipeline/Pipeline.php(125): Illuminate\Cookie\Middleware\AddQueuedCookiesToResponse->handle(Object(Illuminate\Http\Request), Object(Closure))
#8 /home1/kmalith2/eonepisode/vendor/laravel/framework/src/Illuminate/Cookie/Middleware/EncryptCookies.php(40): Illuminate\Pipeline\Pipeline->Illuminate\Pipeline\{closure}(Object(Illuminate\Http\Request))
#9 /home1/kmalith2/eonepisode/vendor/laravel/framework/src/Illuminate/Pipeline/Pipeline.php(125): Illuminate\Cookie\Middleware\EncryptCookies->handle(Object(Illuminate\Http\Request), Object(Closure))
#10 /home1/kmalith2/eonepisode/app/Http/Middleware/CheckForMaintenanceMode.php(26): Illuminate\Pipeline\Pipeline->Illuminate\Pipeline\{closure}(Object(Illuminate\Http\Request))
#11 /home1/kmalith2/eonepisode/vendor/laravel/framework/src/Illuminate/Pipeline/Pipeline.php(125): App\Http\Middleware\CheckForMaintenanceMode->handle(Object(Illuminate\Http\Request), Object(Closure))
#12 [internal function]: Illuminate\Pipeline\Pipeline->Illuminate\Pipeline\{closure}(Object(Illuminate\Http\Request))
#13 /home1/kmalith2/eonepisode/vendor/laravel/framework/src/Illuminate/Pipeline/Pipeline.php(100): call_user_func(Object(Closure), Object(Illuminate\Http\Request))
#14 /home1/kmalith2/eonepisode/vendor/laravel/framework/src/Illuminate/Foundation/Http/Kernel.php(111): Illuminate\Pipeline\Pipeline->then(Object(Closure))
#15 /home1/kmalith2/eonepisode/vendor/laravel/framework/src/Illuminate/Foundation/Http/Kernel.php(84): Illuminate\Foundation\Http\Kernel->sendRequestThroughRouter(Object(Illuminate\Http\Request))
#16 /home1/kmalith2/public_html/index.php(53): Illuminate\Foundation\Http\Kernel->handle(Object(Illuminate\Http\Request))
#17 {main}  
[2026-09-07 03:12:07] local.ERROR: Illuminate\Session\TokenMismatchException in /home1/kmalith2/eonepisode/vendor/laravel/framework/src/Illuminate/Foundation/Http/Middleware/VerifyCsrfToken.php:46
Stack trace:
#0 /home1/kmalith2/eonepisode/app/Http/Middleware/VerifyCsrfToken.php(17): Illuminate\Foundation\Http\Middleware\VerifyCsrfToken->handle(Object(Illuminate\Http\Request), Object(Closure))
#1 /home1/kmalith2/eonepisode/vendor/laravel/framework/src/Illuminate/Pipeline/Pipeline.php(125): App\Http\Middleware\VerifyCsrfToken->handle(Object(Illuminate\Http\Request), Object(Closure))
#2 /home1/kmalith2/eonepisode/vendor/laravel/framework/src/Illuminate/View/Middleware/ShareErrorsFromSession.php(55): Illuminate\Pipeline\Pipeline->Illuminate\Pipeline\{closure}(Object(Illuminate\Http\Request))
#3 /home1/kmalith2/eonepisode/vendor/laravel/framework/src/Illuminate/Pipeline/Pipeline.php(125): Illuminate\View\Middleware\ShareErrorsFromSession->handle(Object(Illuminate\Http\Request), Object(Closure))
#4 /home1/kmalith2/eonepisode/vendor/laravel/framework/src/Illuminate/Session/Middleware/StartSession.php(61): Illuminate\Pipeline\Pipeline->Illuminate\Pipeline\{closure}(Object(Illuminate\Http\Request))
#5 /home1/kmalith2/eonepisode/vendor/laravel/framework/src/Illuminate/Pipeline/Pipeline.php(125): Illuminate\Session\Middleware\StartSession->handle(Object(Illuminate\Http\Request), Object(Closure))
#6 /home1/kmalith2/eonepisode/vendor/laravel/framework/src/Illuminate/Cookie/Middleware/AddQueuedCookiesToResponse.php(36): Illuminate\Pipeline\Pipeline->Illuminate\Pipeline\{closure}(Object(Illuminate\Http\Request))
#7 /home1/kmalith2/eonepisode/vendor/laravel/framework/src/Illuminate/Pipeline/Pipeline.php(125): Illuminate\Cookie\Middleware\AddQueuedCookiesToResponse->handle(Object(Illuminate\Http\Request), Object(Closure))
#8 /home1/kmalith2/eonepisode/vendor/laravel/framework/src/Illuminate/Cookie/Middleware/EncryptCookies.php(40): Illuminate\Pipeline\Pipeline->Illuminate\Pipeline\{closure}(Object(Illuminate\Http\Request))
#9 /home1/kmalith2/eonepisode/vendor/laravel/framework/src/Illuminate/Pipeline/Pipeline.php(125): Illuminate\Cookie\Middleware\EncryptCookies->handle(Object(Illuminate\Http\Request), Object(Closure))
#10 /home1/kmalith2/eonepisode/app/Http/Middleware/CheckForMaintenanceMode.php(26): Illuminate\Pipeline\Pipeline->Illuminate\Pipeline\{closure}(Object(Illuminate\Http\Request))
#11 /home1/kmalith2/eonepisode/vendor/laravel/framework/src/Illuminate/Pipeline/Pipeline.php(125): App\Http\Middleware\CheckForMaintenanceMode->handle(Object(Illuminate\Http\Request), Object(Closure))
#12 [internal function]: Illuminate\Pipeline\Pipeline->Illuminate\Pipeline\{closure}(Object(Illuminate\Http\Request))
#13 /home1/kmalith2/eonepisode/vendor/laravel/framework/src/Illuminate/Pipeline/Pipeline.php(100): call_user_func(Object(Closure), Object(Illuminate\Http\Request))
#14 /home1/kmalith2/eonepisode/vendor/laravel/framework/src/Illuminate/Foundation/Http/Kernel.php(111): Illuminate\Pipeline\Pipeline->then(Object(Closure))
#15 /home1/kmalith2/eonepisode/vendor/laravel/framework/src/Illuminate/Foundation/Http/Kernel.php(84): Illuminate\Foundation\Http\Kernel->sendRequestThroughRouter(Object(Illuminate\Http\Request))
#16 /home1/kmalith2/public_html/index.php(53): Illuminate\Foundation\Http\Kernel->handle(Object(Illuminate\Http\Request))
#17 {main}  
[2026-09-07 03:12:07] local.ERROR: Illuminate\Session\TokenMismatchException in /home1/kmalith2/eonepisode/vendor/laravel/framework/src/Illuminate/Foundation/Http/Middleware/VerifyCsrfToken.php:46
Stack trace:
#0 /home1/kmalith2/eonepisode/app/Http/Middleware/VerifyCsrfToken.php(17): Illuminate\Foundation\Http\Middleware\VerifyCsrfToken->handle(Object(Illuminate\Http\Request), Object(Closure))
#1 /home1/kmalith2/eonepisode/vendor/laravel/framework/src/Illuminate/Pipeline/Pipeline.php(125): App\Http\Middleware\VerifyCsrfToken->handle(Object(Illuminate\Http\Request), Object(Closure))
#2 /home1/kmalith2/eonepisode/vendor/laravel/framework/src/Illuminate/View/Middleware/ShareErrorsFromSession.php(55): Illuminate\Pipeline\Pipeline->Illuminate\Pipeline\{closure}(Object(Illuminate\Http\Request))
#3 /home1/kmalith2/eonepisode/vendor/laravel/framework/src/Illuminate/Pipeline/Pipeline.php(125): Illuminate\View\Middleware\ShareErrorsFromSession->handle(Object(Illuminate\Http\Request), Object(Closure))
#4 /home1/kmalith2/eonepisode/vendor/laravel/framework/src/Illuminate/Session/Middleware/StartSession.php(61): Illuminate\Pipeline\Pipeline->Illuminate\Pipeline\{closure}(Object(Illuminate\Http\Request))
#5 /home1/kmalith2/eonepisode/vendor/laravel/framework/src/Illuminate/Pipeline/Pipeline.php(125): Illuminate\Session\Middleware\StartSession->handle(Object(Illuminate\Http\Request), Object(Closure))
#6 /home1/kmalith2/eonepisode/vendor/laravel/framework/src/Illuminate/Cookie/Middleware/AddQueuedCookiesToResponse.php(36): Illuminate\Pipeline\Pipeline->Illuminate\Pipeline\{closure}(Object(Illuminate\Http\Request))
#7 /home1/kmalith2/eonepisode/vendor/laravel/framework/src/Illuminate/Pipeline/Pipeline.php(125): Illuminate\Cookie\Middleware\AddQueuedCookiesToResponse->handle(Object(Illuminate\Http\Request), Object(Closure))
#8 /home1/kmalith2/eonepisode/vendor/laravel/framework/src/Illuminate/Cookie/Middleware/EncryptCookies.php(40): Illuminate\Pipeline\Pipeline->Illuminate\Pipeline\{closure}(Object(Illuminate\Http\Request))
#9 /home1/kmalith2/eonepisode/vendor/laravel/framework/src/Illuminate/Pipeline/Pipeline.php(125): Illuminate\Cookie\Middleware\EncryptCookies->handle(Object(Illuminate\Http\Request), Object(Closure))
#10 /home1/kmalith2/eonepisode/app/Http/Middleware/CheckForMaintenanceMode.php(26): Illuminate\Pipeline\Pipeline->Illuminate\Pipeline\{closure}(Object(Illuminate\Http\Request))
#11 /home1/kmalith2/eonepisode/vendor/laravel/framework/src/Illuminate/Pipeline/Pipeline.php(125): App\Http\Middleware\CheckForMaintenanceMode->handle(Object(Illuminate\Http\Request), Object(Closure))
#12 [internal function]: Illuminate\Pipeline\Pipeline->Illuminate\Pipeline\{closure}(Object(Illuminate\Http\Request))
#13 /home1/kmalith2/eonepisode/vendor/laravel/framework/src/Illuminate/Pipeline/Pipeline.php(100): call_user_func(Object(Closure), Object(Illuminate\Http\Request))
#14 /home1/kmalith2/eonepisode/vendor/laravel/framework/src/Illuminate/Foundation/Http/Kernel.php(111): Illuminate\Pipeline\Pipeline->then(Object(Closure))
#15 /home1/kmalith2/eonepisode/vendor/laravel/framework/src/Illuminate/Foundation/Http/Kernel.php(84): Illuminate\Foundation\Http\Kernel->sendRequestThroughRouter(Object(Illuminate\Http\Request))
#16 /home1/kmalith2/public_html/index.php(53): Illuminate\Foundation\Http\Kernel->handle(Object(Illuminate\Http\Request))
#17 {main}  
[2026-09-07 03:12:08] local.ERROR: Illuminate\Session\TokenMismatchException in /home1/kmalith2/eonepisode/vendor/laravel/framework/src/Illuminate/Foundation/Http/Middleware/VerifyCsrfToken.php:46
Stack trace:
#0 /home1/kmalith2/eonepisode/app/Http/Middleware/VerifyCsrfToken.php(17): Illuminate\Foundation\Http\Middleware\VerifyCsrfToken->handle(Object(Illuminate\Http\Request), Object(Closure))
#1 /home1/kmalith2/eonepisode/vendor/laravel/framework/src/Illuminate/Pipeline/Pipeline.php(125): App\Http\Middleware\VerifyCsrfToken->handle(Object(Illuminate\Http\Request), Object(Closure))
#2 /home1/kmalith2/eonepisode/vendor/laravel/framework/src/Illuminate/View/Middleware/ShareErrorsFromSession.php(55): Illuminate\Pipeline\Pipeline->Illuminate\Pipeline\{closure}(Object(Illuminate\Http\Request))
#3 /home1/kmalith2/eonepisode/vendor/laravel/framework/src/Illuminate/Pipeline/Pipeline.php(125): Illuminate\View\Middleware\ShareErrorsFromSession->handle(Object(Illuminate\Http\Request), Object(Closure))
#4 /home1/kmalith2/eonepisode/vendor/laravel/framework/src/Illuminate/Session/Middleware/StartSession.php(61): Illuminate\Pipeline\Pipeline->Illuminate\Pipeline\{closure}(Object(Illuminate\Http\Request))
#5 /home1/kmalith2/eonepisode/vendor/laravel/framework/src/Illuminate/Pipeline/Pipeline.php(125): Illuminate\Session\Middleware\StartSession->handle(Object(Illuminate\Http\Request), Object(Closure))
#6 /home1/kmalith2/eonepisode/vendor/laravel/framework/src/Illuminate/Cookie/Middleware/AddQueuedCookiesToResponse.php(36): Illuminate\Pipeline\Pipeline->Illuminate\Pipeline\{closure}(Object(Illuminate\Http\Request))
#7 /home1/kmalith2/eonepisode/vendor/laravel/framework/src/Illuminate/Pipeline/Pipeline.php(125): Illuminate\Cookie\Middleware\AddQueuedCookiesToResponse->handle(Object(Illuminate\Http\Request), Object(Closure))
#8 /home1/kmalith2/eonepisode/vendor/laravel/framework/src/Illuminate/Cookie/Middleware/EncryptCookies.php(40): Illuminate\Pipeline\Pipeline->Illuminate\Pipeline\{closure}(Object(Illuminate\Http\Request))
#9 /home1/kmalith2/eonepisode/vendor/laravel/framework/src/Illuminate/Pipeline/Pipeline.php(125): Illuminate\Cookie\Middleware\EncryptCookies->handle(Object(Illuminate\Http\Request), Object(Closure))
#10 /home1/kmalith2/eonepisode/app/Http/Middleware/CheckForMaintenanceMode.php(26): Illuminate\Pipeline\Pipeline->Illuminate\Pipeline\{closure}(Object(Illuminate\Http\Request))
#11 /home1/kmalith2/eonepisode/vendor/laravel/framework/src/Illuminate/Pipeline/Pipeline.php(125): App\Http\Middleware\CheckForMaintenanceMode->handle(Object(Illuminate\Http\Request), Object(Closure))
#12 [internal function]: Illuminate\Pipeline\Pipeline->Illuminate\Pipeline\{closure}(Object(Illuminate\Http\Request))
#13 /home1/kmalith2/eonepisode/vendor/laravel/framework/src/Illuminate/Pipeline/Pipeline.php(100): call_user_func(Object(Closure), Object(Illuminate\Http\Request))
#14 /home1/kmalith2/eonepisode/vendor/laravel/framework/src/Illuminate/Foundation/Http/Kernel.php(111): Illuminate\Pipeline\Pipeline->then(Object(Closure))
#15 /home1/kmalith2/eonepisode/vendor/laravel/framework/src/Illuminate/Foundation/Http/Kernel.php(84): Illuminate\Foundation\Http\Kernel->sendRequestThroughRouter(Object(Illuminate\Http\Request))
#16 /home1/kmalith2/public_html/index.php(53): Illuminate\Foundation\Http\Kernel->handle(Object(Illuminate\Http\Request))
#17 {main}  
[2026-09-07 03:12:09] local.ERROR: Illuminate\Session\TokenMismatchException in /home1/kmalith2/eonepisode/vendor/laravel/framework/src/Illuminate/Foundation/Http/Middleware/VerifyCsrfToken.php:46
Stack trace:
#0 /home1/kmalith2/eonepisode/app/Http/Middleware/VerifyCsrfToken.php(17): Illuminate\Foundation\Http\Middleware\VerifyCsrfToken->handle(Object(Illuminate\Http\Request), Object(Closure))
#1 /home1/kmalith2/eonepisode/vendor/laravel/framework/src/Illuminate/Pipeline/Pipeline.php(125): App\Http\Middleware\VerifyCsrfToken->handle(Object(Illuminate\Http\Request), Object(Closure))
#2 /home1/kmalith2/eonepisode/vendor/laravel/framework/src/Illuminate/View/Middleware/ShareErrorsFromSession.php(55): Illuminate\Pipeline\Pipeline->Illuminate\Pipeline\{closure}(Object(Illuminate\Http\Request))
#3 /home1/kmalith2/eonepisode/vendor/laravel/framework/src/Illuminate/Pipeline/Pipeline.php(125): Illuminate\View\Middleware\ShareErrorsFromSession->handle(Object(Illuminate\Http\Request), Object(Closure))
#4 /home1/kmalith2/eonepisode/vendor/laravel/framework/src/Illuminate/Session/Middleware/StartSession.php(61): Illuminate\Pipeline\Pipeline->Illuminate\Pipeline\{closure}(Object(Illuminate\Http\Request))
#5 /home1/kmalith2/eonepisode/vendor/laravel/framework/src/Illuminate/Pipeline/Pipeline.php(125): Illuminate\Session\Middleware\StartSession->handle(Object(Illuminate\Http\Request), Object(Closure))
#6 /home1/kmalith2/eonepisode/vendor/laravel/framework/src/Illuminate/Cookie/Middleware/AddQueuedCookiesToResponse.php(36): Illuminate\Pipeline\Pipeline->Illuminate\Pipeline\{closure}(Object(Illuminate\Http\Request))
#7 /home1/kmalith2/eonepisode/vendor/laravel/framework/src/Illuminate/Pipeline/Pipeline.php(125): Illuminate\Cookie\Middleware\AddQueuedCookiesToResponse->handle(Object(Illuminate\Http\Request), Object(Closure))
#8 /home1/kmalith2/eonepisode/vendor/laravel/framework/src/Illuminate/Cookie/Middleware/EncryptCookies.php(40): Illuminate\Pipeline\Pipeline->Illuminate\Pipeline\{closure}(Object(Illuminate\Http\Request))
#9 /home1/kmalith2/eonepisode/vendor/laravel/framework/src/Illuminate/Pipeline/Pipeline.php(125): Illuminate\Cookie\Middleware\EncryptCookies->handle(Object(Illuminate\Http\Request), Object(Closure))
#10 /home1/kmalith2/eonepisode/app/Http/Middleware/CheckForMaintenanceMode.php(26): Illuminate\Pipeline\Pipeline->Illuminate\Pipeline\{closure}(Object(Illuminate\Http\Request))
#11 /home1/kmalith2/eonepisode/vendor/laravel/framework/src/Illuminate/Pipeline/Pipeline.php(125): App\Http\Middleware\CheckForMaintenanceMode->handle(Object(Illuminate\Http\Request), Object(Closure))
#12 [internal function]: Illuminate\Pipeline\Pipeline->Illuminate\Pipeline\{closure}(Object(Illuminate\Http\Request))
#13 /home1/kmalith2/eonepisode/vendor/laravel/framework/src/Illuminate/Pipeline/Pipeline.php(100): call_user_func(Object(Closure), Object(Illuminate\Http\Request))
#14 /home1/kmalith2/eonepisode/vendor/laravel/framework/src/Illuminate/Foundation/Http/Kernel.php(111): Illuminate\Pipeline\Pipeline->then(Object(Closure))
#15 /home1/kmalith2/eonepisode/vendor/laravel/framework/src/Illuminate/Foundation/Http/Kernel.php(84): Illuminate\Foundation\Http\Kernel->sendRequestThroughRouter(Object(Illuminate\Http\Request))
#16 /home1/kmalith2/public_html/index.php(53): Illuminate\Foundation\Http\Kernel->handle(Object(Illuminate\Http\Request))
#17 {main}  
[2026-09-07 03:12:17] local.ERROR: Illuminate\Session\TokenMismatchException in /home1/kmalith2/eonepisode/vendor/laravel/framework/src/Illuminate/Foundation/Http/Middleware/VerifyCsrfToken.php:46
Stack trace:
#0 /home1/kmalith2/eonepisode/app/Http/Middleware/VerifyCsrfToken.php(17): Illuminate\Foundation\Http\Middleware\VerifyCsrfToken->handle(Object(Illuminate\Http\Request), Object(Closure))
#1 /home1/kmalith2/eonepisode/vendor/laravel/framework/src/Illuminate/Pipeline/Pipeline.php(125): App\Http\Middleware\VerifyCsrfToken->handle(Object(Illuminate\Http\Request), Object(Closure))
#2 /home1/kmalith2/eonepisode/vendor/laravel/framework/src/Illuminate/View/Middleware/ShareErrorsFromSession.php(55): Illuminate\Pipeline\Pipeline->Illuminate\Pipeline\{closure}(Object(Illuminate\Http\Request))
#3 /home1/kmalith2/eonepisode/vendor/laravel/framework/src/Illuminate/Pipeline/Pipeline.php(125): Illuminate\View\Middleware\ShareErrorsFromSession->handle(Object(Illuminate\Http\Request), Object(Closure))
#4 /home1/kmalith2/eonepisode/vendor/laravel/framework/src/Illuminate/Session/Middleware/StartSession.php(61): Illuminate\Pipeline\Pipeline->Illuminate\Pipeline\{closure}(Object(Illuminate\Http\Request))
#5 /home1/kmalith2/eonepisode/vendor/laravel/framework/src/Illuminate/Pipeline/Pipeline.php(125): Illuminate\Session\Middleware\StartSession->handle(Object(Illuminate\Http\Request), Object(Closure))
#6 /home1/kmalith2/eonepisode/vendor/laravel/framework/src/Illuminate/Cookie/Middleware/AddQueuedCookiesToResponse.php(36): Illuminate\Pipeline\Pipeline->Illuminate\Pipeline\{closure}(Object(Illuminate\Http\Request))
#7 /home1/kmalith2/eonepisode/vendor/laravel/framework/src/Illuminate/Pipeline/Pipeline.php(125): Illuminate\Cookie\Middleware\AddQueuedCookiesToResponse->handle(Object(Illuminate\Http\Request), Object(Closure))
#8 /home1/kmalith2/eonepisode/vendor/laravel/framework/src/Illuminate/Cookie/Middleware/EncryptCookies.php(40): Illuminate\Pipeline\Pipeline->Illuminate\Pipeline\{closure}(Object(Illuminate\Http\Request))
#9 /home1/kmalith2/eonepisode/vendor/laravel/framework/src/Illuminate/Pipeline/Pipeline.php(125): Illuminate\Cookie\Middleware\EncryptCookies->handle(Object(Illuminate\Http\Request), Object(Closure))
#10 /home1/kmalith2/eonepisode/app/Http/Middleware/CheckForMaintenanceMode.php(26): Illuminate\Pipeline\Pipeline->Illuminate\Pipeline\{closure}(Object(Illuminate\Http\Request))
#11 /home1/kmalith2/eonepisode/vendor/laravel/framework/src/Illuminate/Pipeline/Pipeline.php(125): App\Http\Middleware\CheckForMaintenanceMode->handle(Object(Illuminate\Http\Request), Object(Closure))
#12 [internal function]: Illuminate\Pipeline\Pipeline->Illuminate\Pipeline\{closure}(Object(Illuminate\Http\Request))
#13 /home1/kmalith2/eonepisode/vendor/laravel/framework/src/Illuminate/Pipeline/Pipeline.php(100): call_user_func(Object(Closure), Object(Illuminate\Http\Request))
#14 /home1/kmalith2/eonepisode/vendor/laravel/framework/src/Illuminate/Foundation/Http/Kernel.php(111): Illuminate\Pipeline\Pipeline->then(Object(Closure))
#15 /home1/kmalith2/eonepisode/vendor/laravel/framework/src/Illuminate/Foundation/Http/Kernel.php(84): Illuminate\Foundation\Http\Kernel->sendRequestThroughRouter(Object(Illuminate\Http\Request))
#16 /home1/kmalith2/public_html/index.php(53): Illuminate\Foundation\Http\Kernel->handle(Object(Illuminate\Http\Request))
#17 {main}  
[2026-09-07 03:12:18] local.ERROR: Illuminate\Session\TokenMismatchException in /home1/kmalith2/eonepisode/vendor/laravel/framework/src/Illuminate/Foundation/Http/Middleware/VerifyCsrfToken.php:46
Stack trace:
#0 /home1/kmalith2/eonepisode/app/Http/Middleware/VerifyCsrfToken.php(17): Illuminate\Foundation\Http\Middleware\VerifyCsrfToken->handle(Object(Illuminate\Http\Request), Object(Closure))
#1 /home1/kmalith2/eonepisode/vendor/laravel/framework/src/Illuminate/Pipeline/Pipeline.php(125): App\Http\Middleware\VerifyCsrfToken->handle(Object(Illuminate\Http\Request), Object(Closure))
#2 /home1/kmalith2/eonepisode/vendor/laravel/framework/src/Illuminate/View/Middleware/ShareErrorsFromSession.php(55): Illuminate\Pipeline\Pipeline->Illuminate\Pipeline\{closure}(Object(Illuminate\Http\Request))
#3 /home1/kmalith2/eonepisode/vendor/laravel/framework/src/Illuminate/Pipeline/Pipeline.php(125): Illuminate\View\Middleware\ShareErrorsFromSession->handle(Object(Illuminate\Http\Request), Object(Closure))
#4 /home1/kmalith2/eonepisode/vendor/laravel/framework/src/Illuminate/Session/Middleware/StartSession.php(61): Illuminate\Pipeline\Pipeline->Illuminate\Pipeline\{closure}(Object(Illuminate\Http\Request))
#5 /home1/kmalith2/eonepisode/vendor/laravel/framework/src/Illuminate/Pipeline/Pipeline.php(125): Illuminate\Session\Middleware\StartSession->handle(Object(Illuminate\Http\Request), Object(Closure))
#6 /home1/kmalith2/eonepisode/vendor/laravel/framework/src/Illuminate/Cookie/Middleware/AddQueuedCookiesToResponse.php(36): Illuminate\Pipeline\Pipeline->Illuminate\Pipeline\{closure}(Object(Illuminate\Http\Request))
#7 /home1/kmalith2/eonepisode/vendor/laravel/framework/src/Illuminate/Pipeline/Pipeline.php(125): Illuminate\Cookie\Middleware\AddQueuedCookiesToResponse->handle(Object(Illuminate\Http\Request), Object(Closure))
#8 /home1/kmalith2/eonepisode/vendor/laravel/framework/src/Illuminate/Cookie/Middleware/EncryptCookies.php(40): Illuminate\Pipeline\Pipeline->Illuminate\Pipeline\{closure}(Object(Illuminate\Http\Request))
#9 /home1/kmalith2/eonepisode/vendor/laravel/framework/src/Illuminate/Pipeline/Pipeline.php(125): Illuminate\Cookie\Middleware\EncryptCookies->handle(Object(Illuminate\Http\Request), Object(Closure))
#10 /home1/kmalith2/eonepisode/app/Http/Middleware/CheckForMaintenanceMode.php(26): Illuminate\Pipeline\Pipeline->Illuminate\Pipeline\{closure}(Object(Illuminate\Http\Request))
#11 /home1/kmalith2/eonepisode/vendor/laravel/framework/src/Illuminate/Pipeline/Pipeline.php(125): App\Http\Middleware\CheckForMaintenanceMode->handle(Object(Illuminate\Http\Request), Object(Closure))
#12 [internal function]: Illuminate\Pipeline\Pipeline->Illuminate\Pipeline\{closure}(Object(Illuminate\Http\Request))
#13 /home1/kmalith2/eonepisode/vendor/laravel/framework/src/Illuminate/Pipeline/Pipeline.php(100): call_user_func(Object(Closure), Object(Illuminate\Http\Request))
#14 /home1/kmalith2/eonepisode/vendor/laravel/framework/src/Illuminate/Foundation/Http/Kernel.php(111): Illuminate\Pipeline\Pipeline->then(Object(Closure))
#15 /home1/kmalith2/eonepisode/vendor/laravel/framework/src/Illuminate/Foundation/Http/Kernel.php(84): Illuminate\Foundation\Http\Kernel->sendRequestThroughRouter(Object(Illuminate\Http\Request))
#16 /home1/kmalith2/public_html/index.php(53): Illuminate\Foundation\Http\Kernel->handle(Object(Illuminate\Http\Request))
#17 {main}  
[2026-09-07 03:12:19] local.ERROR: Illuminate\Session\TokenMismatchException in /home1/kmalith2/eonepisode/vendor/laravel/framework/src/Illuminate/Foundation/Http/Middleware/VerifyCsrfToken.php:46
Stack trace:
#0 /home1/kmalith2/eonepisode/app/Http/Middleware/VerifyCsrfToken.php(17): Illuminate\Foundation\Http\Middleware\VerifyCsrfToken->handle(Object(Illuminate\Http\Request), Object(Closure))
#1 /home1/kmalith2/eonepisode/vendor/laravel/framework/src/Illuminate/Pipeline/Pipeline.php(125): App\Http\Middleware\VerifyCsrfToken->handle(Object(Illuminate\Http\Request), Object(Closure))
#2 /home1/kmalith2/eonepisode/vendor/laravel/framework/src/Illuminate/View/Middleware/ShareErrorsFromSession.php(55): Illuminate\Pipeline\Pipeline->Illuminate\Pipeline\{closure}(Object(Illuminate\Http\Request))
#3 /home1/kmalith2/eonepisode/vendor/laravel/framework/src/Illuminate/Pipeline/Pipeline.php(125): Illuminate\View\Middleware\ShareErrorsFromSession->handle(Object(Illuminate\Http\Request), Object(Closure))
#4 /home1/kmalith2/eonepisode/vendor/laravel/framework/src/Illuminate/Session/Middleware/StartSession.php(61): Illuminate\Pipeline\Pipeline->Illuminate\Pipeline\{closure}(Object(Illuminate\Http\Request))
#5 /home1/kmalith2/eonepisode/vendor/laravel/framework/src/Illuminate/Pipeline/Pipeline.php(125): Illuminate\Session\Middleware\StartSession->handle(Object(Illuminate\Http\Request), Object(Closure))
#6 /home1/kmalith2/eonepisode/vendor/laravel/framework/src/Illuminate/Cookie/Middleware/AddQueuedCookiesToResponse.php(36): Illuminate\Pipeline\Pipeline->Illuminate\Pipeline\{closure}(Object(Illuminate\Http\Request))
#7 /home1/kmalith2/eonepisode/vendor/laravel/framework/src/Illuminate/Pipeline/Pipeline.php(125): Illuminate\Cookie\Middleware\AddQueuedCookiesToResponse->handle(Object(Illuminate\Http\Request), Object(Closure))
#8 /home1/kmalith2/eonepisode/vendor/laravel/framework/src/Illuminate/Cookie/Middleware/EncryptCookies.php(40): Illuminate\Pipeline\Pipeline->Illuminate\Pipeline\{closure}(Object(Illuminate\Http\Request))
#9 /home1/kmalith2/eonepisode/vendor/laravel/framework/src/Illuminate/Pipeline/Pipeline.php(125): Illuminate\Cookie\Middleware\EncryptCookies->handle(Object(Illuminate\Http\Request), Object(Closure))
#10 /home1/kmalith2/eonepisode/app/Http/Middleware/CheckForMaintenanceMode.php(26): Illuminate\Pipeline\Pipeline->Illuminate\Pipeline\{closure}(Object(Illuminate\Http\Request))
#11 /home1/kmalith2/eonepisode/vendor/laravel/framework/src/Illuminate/Pipeline/Pipeline.php(125): App\Http\Middleware\CheckForMaintenanceMode->handle(Object(Illuminate\Http\Request), Object(Closure))
#12 [internal function]: Illuminate\Pipeline\Pipeline->Illuminate\Pipeline\{closure}(Object(Illuminate\Http\Request))
#13 /home1/kmalith2/eonepisode/vendor/laravel/framework/src/Illuminate/Pipeline/Pipeline.php(100): call_user_func(Object(Closure), Object(Illuminate\Http\Request))
#14 /home1/kmalith2/eonepisode/vendor/laravel/framework/src/Illuminate/Foundation/Http/Kernel.php(111): Illuminate\Pipeline\Pipeline->then(Object(Closure))
#15 /home1/kmalith2/eonepisode/vendor/laravel/framework/src/Illuminate/Foundation/Http/Kernel.php(84): Illuminate\Foundation\Http\Kernel->sendRequestThroughRouter(Object(Illuminate\Http\Request))
#16 /home1/kmalith2/public_html/index.php(53): Illuminate\Foundation\Http\Kernel->handle(Object(Illuminate\Http\Request))
#17 {main}  
[2026-09-07 03:12:20] local.ERROR: Illuminate\Session\TokenMismatchException in /home1/kmalith2/eonepisode/vendor/laravel/framework/src/Illuminate/Foundation/Http/Middleware/VerifyCsrfToken.php:46
Stack trace:
#0 /home1/kmalith2/eonepisode/app/Http/Middleware/VerifyCsrfToken.php(17): Illuminate\Foundation\Http\Middleware\VerifyCsrfToken->handle(Object(Illuminate\Http\Request), Object(Closure))
#1 /home1/kmalith2/eonepisode/vendor/laravel/framework/src/Illuminate/Pipeline/Pipeline.php(125): App\Http\Middleware\VerifyCsrfToken->handle(Object(Illuminate\Http\Request), Object(Closure))
#2 /home1/kmalith2/eonepisode/vendor/laravel/framework/src/Illuminate/View/Middleware/ShareErrorsFromSession.php(55): Illuminate\Pipeline\Pipeline->Illuminate\Pipeline\{closure}(Object(Illuminate\Http\Request))
#3 /home1/kmalith2/eonepisode/vendor/laravel/framework/src/Illuminate/Pipeline/Pipeline.php(125): Illuminate\View\Middleware\ShareErrorsFromSession->handle(Object(Illuminate\Http\Request), Object(Closure))
#4 /home1/kmalith2/eonepisode/vendor/laravel/framework/src/Illuminate/Session/Middleware/StartSession.php(61): Illuminate\Pipeline\Pipeline->Illuminate\Pipeline\{closure}(Object(Illuminate\Http\Request))
#5 /home1/kmalith2/eonepisode/vendor/laravel/framework/src/Illuminate/Pipeline/Pipeline.php(125): Illuminate\Session\Middleware\StartSession->handle(Object(Illuminate\Http\Request), Object(Closure))
#6 /home1/kmalith2/eonepisode/vendor/laravel/framework/src/Illuminate/Cookie/Middleware/AddQueuedCookiesToResponse.php(36): Illuminate\Pipeline\Pipeline->Illuminate\Pipeline\{closure}(Object(Illuminate\Http\Request))
#7 /home1/kmalith2/eonepisode/vendor/laravel/framework/src/Illuminate/Pipeline/Pipeline.php(125): Illuminate\Cookie\Middleware\AddQueuedCookiesToResponse->handle(Object(Illuminate\Http\Request), Object(Closure))
#8 /home1/kmalith2/eonepisode/vendor/laravel/framework/src/Illuminate/Cookie/Middleware/EncryptCookies.php(40): Illuminate\Pipeline\Pipeline->Illuminate\Pipeline\{closure}(Object(Illuminate\Http\Request))
#9 /home1/kmalith2/eonepisode/vendor/laravel/framework/src/Illuminate/Pipeline/Pipeline.php(125): Illuminate\Cookie\Middleware\EncryptCookies->handle(Object(Illuminate\Http\Request), Object(Closure))
#10 /home1/kmalith2/eonepisode/app/Http/Middleware/CheckForMaintenanceMode.php(26): Illuminate\Pipeline\Pipeline->Illuminate\Pipeline\{closure}(Object(Illuminate\Http\Request))
#11 /home1/kmalith2/eonepisode/vendor/laravel/framework/src/Illuminate/Pipeline/Pipeline.php(125): App\Http\Middleware\CheckForMaintenanceMode->handle(Object(Illuminate\Http\Request), Object(Closure))
#12 [internal function]: Illuminate\Pipeline\Pipeline->Illuminate\Pipeline\{closure}(Object(Illuminate\Http\Request))
#13 /home1/kmalith2/eonepisode/vendor/laravel/framework/src/Illuminate/Pipeline/Pipeline.php(100): call_user_func(Object(Closure), Object(Illuminate\Http\Request))
#14 /home1/kmalith2/eonepisode/vendor/laravel/framework/src/Illuminate/Foundation/Http/Kernel.php(111): Illuminate\Pipeline\Pipeline->then(Object(Closure))
#15 /home1/kmalith2/eonepisode/vendor/laravel/framework/src/Illuminate/Foundation/Http/Kernel.php(84): Illuminate\Foundation\Http\Kernel->sendRequestThroughRouter(Object(Illuminate\Http\Request))
#16 /home1/kmalith2/public_html/index.php(53): Illuminate\Foundation\Http\Kernel->handle(Object(Illuminate\Http\Request))
#17 {main}  
[2026-09-07 03:12:20] local.ERROR: Illuminate\Session\TokenMismatchException in /home1/kmalith2/eonepisode/vendor/laravel/framework/src/Illuminate/Foundation/Http/Middleware/VerifyCsrfToken.php:46
Stack trace:
#0 /home1/kmalith2/eonepisode/app/Http/Middleware/VerifyCsrfToken.php(17): Illuminate\Foundation\Http\Middleware\VerifyCsrfToken->handle(Object(Illuminate\Http\Request), Object(Closure))
#1 /home1/kmalith2/eonepisode/vendor/laravel/framework/src/Illuminate/Pipeline/Pipeline.php(125): App\Http\Middleware\VerifyCsrfToken->handle(Object(Illuminate\Http\Request), Object(Closure))
#2 /home1/kmalith2/eonepisode/vendor/laravel/framework/src/Illuminate/View/Middleware/ShareErrorsFromSession.php(55): Illuminate\Pipeline\Pipeline->Illuminate\Pipeline\{closure}(Object(Illuminate\Http\Request))
#3 /home1/kmalith2/eonepisode/vendor/laravel/framework/src/Illuminate/Pipeline/Pipeline.php(125): Illuminate\View\Middleware\ShareErrorsFromSession->handle(Object(Illuminate\Http\Request), Object(Closure))
#4 /home1/kmalith2/eonepisode/vendor/laravel/framework/src/Illuminate/Session/Middleware/StartSession.php(61): Illuminate\Pipeline\Pipeline->Illuminate\Pipeline\{closure}(Object(Illuminate\Http\Request))
#5 /home1/kmalith2/eonepisode/vendor/laravel/framework/src/Illuminate/Pipeline/Pipeline.php(125): Illuminate\Session\Middleware\StartSession->handle(Object(Illuminate\Http\Request), Object(Closure))
#6 /home1/kmalith2/eonepisode/vendor/laravel/framework/src/Illuminate/Cookie/Middleware/AddQueuedCookiesToResponse.php(36): Illuminate\Pipeline\Pipeline->Illuminate\Pipeline\{closure}(Object(Illuminate\Http\Request))
#7 /home1/kmalith2/eonepisode/vendor/laravel/framework/src/Illuminate/Pipeline/Pipeline.php(125): Illuminate\Cookie\Middleware\AddQueuedCookiesToResponse->handle(Object(Illuminate\Http\Request), Object(Closure))
#8 /home1/kmalith2/eonepisode/vendor/laravel/framework/src/Illuminate/Cookie/Middleware/EncryptCookies.php(40): Illuminate\Pipeline\Pipeline->Illuminate\Pipeline\{closure}(Object(Illuminate\Http\Request))
#9 /home1/kmalith2/eonepisode/vendor/laravel/framework/src/Illuminate/Pipeline/Pipeline.php(125): Illuminate\Cookie\Middleware\EncryptCookies->handle(Object(Illuminate\Http\Request), Object(Closure))
#10 /home1/kmalith2/eonepisode/app/Http/Middleware/CheckForMaintenanceMode.php(26): Illuminate\Pipeline\Pipeline->Illuminate\Pipeline\{closure}(Object(Illuminate\Http\Request))
#11 /home1/kmalith2/eonepisode/vendor/laravel/framework/src/Illuminate/Pipeline/Pipeline.php(125): App\Http\Middleware\CheckForMaintenanceMode->handle(Object(Illuminate\Http\Request), Object(Closure))
#12 [internal function]: Illuminate\Pipeline\Pipeline->Illuminate\Pipeline\{closure}(Object(Illuminate\Http\Request))
#13 /home1/kmalith2/eonepisode/vendor/laravel/framework/src/Illuminate/Pipeline/Pipeline.php(100): call_user_func(Object(Closure), Object(Illuminate\Http\Request))
#14 /home1/kmalith2/eonepisode/vendor/laravel/framework/src/Illuminate/Foundation/Http/Kernel.php(111): Illuminate\Pipeline\Pipeline->then(Object(Closure))
#15 /home1/kmalith2/eonepisode/vendor/laravel/framework/src/Illuminate/Foundation/Http/Kernel.php(84): Illuminate\Foundation\Http\Kernel->sendRequestThroughRouter(Object(Illuminate\Http\Request))
#16 /home1/kmalith2/public_html/index.php(53): Illuminate\Foundation\Http\Kernel->handle(Object(Illuminate\Http\Request))
#17 {main}  
[2026-09-07 03:12:24] local.ERROR: Illuminate\Session\TokenMismatchException in /home1/kmalith2/eonepisode/vendor/laravel/framework/src/Illuminate/Foundation/Http/Middleware/VerifyCsrfToken.php:46
Stack trace:
#0 /home1/kmalith2/eonepisode/app/Http/Middleware/VerifyCsrfToken.php(17): Illuminate\Foundation\Http\Middleware\VerifyCsrfToken->handle(Object(Illuminate\Http\Request), Object(Closure))
#1 /home1/kmalith2/eonepisode/vendor/laravel/framework/src/Illuminate/Pipeline/Pipeline.php(125): App\Http\Middleware\VerifyCsrfToken->handle(Object(Illuminate\Http\Request), Object(Closure))
#2 /home1/kmalith2/eonepisode/vendor/laravel/framework/src/Illuminate/View/Middleware/ShareErrorsFromSession.php(55): Illuminate\Pipeline\Pipeline->Illuminate\Pipeline\{closure}(Object(Illuminate\Http\Request))
#3 /home1/kmalith2/eonepisode/vendor/laravel/framework/src/Illuminate/Pipeline/Pipeline.php(125): Illuminate\View\Middleware\ShareErrorsFromSession->handle(Object(Illuminate\Http\Request), Object(Closure))
#4 /home1/kmalith2/eonepisode/vendor/laravel/framework/src/Illuminate/Session/Middleware/StartSession.php(61): Illuminate\Pipeline\Pipeline->Illuminate\Pipeline\{closure}(Object(Illuminate\Http\Request))
#5 /home1/kmalith2/eonepisode/vendor/laravel/framework/src/Illuminate/Pipeline/Pipeline.php(125): Illuminate\Session\Middleware\StartSession->handle(Object(Illuminate\Http\Request), Object(Closure))
#6 /home1/kmalith2/eonepisode/vendor/laravel/framework/src/Illuminate/Cookie/Middleware/AddQueuedCookiesToResponse.php(36): Illuminate\Pipeline\Pipeline->Illuminate\Pipeline\{closure}(Object(Illuminate\Http\Request))
#7 /home1/kmalith2/eonepisode/vendor/laravel/framework/src/Illuminate/Pipeline/Pipeline.php(125): Illuminate\Cookie\Middleware\AddQueuedCookiesToResponse->handle(Object(Illuminate\Http\Request), Object(Closure))
#8 /home1/kmalith2/eonepisode/vendor/laravel/framework/src/Illuminate/Cookie/Middleware/EncryptCookies.php(40): Illuminate\Pipeline\Pipeline->Illuminate\Pipeline\{closure}(Object(Illuminate\Http\Request))
#9 /home1/kmalith2/eonepisode/vendor/laravel/framework/src/Illuminate/Pipeline/Pipeline.php(125): Illuminate\Cookie\Middleware\EncryptCookies->handle(Object(Illuminate\Http\Request), Object(Closure))
#10 /home1/kmalith2/eonepisode/app/Http/Middleware/CheckForMaintenanceMode.php(26): Illuminate\Pipeline\Pipeline->Illuminate\Pipeline\{closure}(Object(Illuminate\Http\Request))
#11 /home1/kmalith2/eonepisode/vendor/laravel/framework/src/Illuminate/Pipeline/Pipeline.php(125): App\Http\Middleware\CheckForMaintenanceMode->handle(Object(Illuminate\Http\Request), Object(Closure))
#12 [internal function]: Illuminate\Pipeline\Pipeline->Illuminate\Pipeline\{closure}(Object(Illuminate\Http\Request))
#13 /home1/kmalith2/eonepisode/vendor/laravel/framework/src/Illuminate/Pipeline/Pipeline.php(100): call_user_func(Object(Closure), Object(Illuminate\Http\Request))
#14 /home1/kmalith2/eonepisode/vendor/laravel/framework/src/Illuminate/Foundation/Http/Kernel.php(111): Illuminate\Pipeline\Pipeline->then(Object(Closure))
#15 /home1/kmalith2/eonepisode/vendor/laravel/framework/src/Illuminate/Foundation/Http/Kernel.php(84): Illuminate\Foundation\Http\Kernel->sendRequestThroughRouter(Object(Illuminate\Http\Request))
#16 /home1/kmalith2/public_html/index.php(53): Illuminate\Foundation\Http\Kernel->handle(Object(Illuminate\Http\Request))
#17 {main}  
[2026-09-07 03:12:24] local.ERROR: Illuminate\Session\TokenMismatchException in /home1/kmalith2/eonepisode/vendor/laravel/framework/src/Illuminate/Foundation/Http/Middleware/VerifyCsrfToken.php:46
Stack trace:
#0 /home1/kmalith2/eonepisode/app/Http/Middleware/VerifyCsrfToken.php(17): Illuminate\Foundation\Http\Middleware\VerifyCsrfToken->handle(Object(Illuminate\Http\Request), Object(Closure))
#1 /home1/kmalith2/eonepisode/vendor/laravel/framework/src/Illuminate/Pipeline/Pipeline.php(125): App\Http\Middleware\VerifyCsrfToken->handle(Object(Illuminate\Http\Request), Object(Closure))
#2 /home1/kmalith2/eonepisode/vendor/laravel/framework/src/Illuminate/View/Middleware/ShareErrorsFromSession.php(55): Illuminate\Pipeline\Pipeline->Illuminate\Pipeline\{closure}(Object(Illuminate\Http\Request))
#3 /home1/kmalith2/eonepisode/vendor/laravel/framework/src/Illuminate/Pipeline/Pipeline.php(125): Illuminate\View\Middleware\ShareErrorsFromSession->handle(Object(Illuminate\Http\Request), Object(Closure))
#4 /home1/kmalith2/eonepisode/vendor/laravel/framework/src/Illuminate/Session/Middleware/StartSession.php(61): Illuminate\Pipeline\Pipeline->Illuminate\Pipeline\{closure}(Object(Illuminate\Http\Request))
#5 /home1/kmalith2/eonepisode/vendor/laravel/framework/src/Illuminate/Pipeline/Pipeline.php(125): Illuminate\Session\Middleware\StartSession->handle(Object(Illuminate\Http\Request), Object(Closure))
#6 /home1/kmalith2/eonepisode/vendor/laravel/framework/src/Illuminate/Cookie/Middleware/AddQueuedCookiesToResponse.php(36): Illuminate\Pipeline\Pipeline->Illuminate\Pipeline\{closure}(Object(Illuminate\Http\Request))
#7 /home1/kmalith2/eonepisode/vendor/laravel/framework/src/Illuminate/Pipeline/Pipeline.php(125): Illuminate\Cookie\Middleware\AddQueuedCookiesToResponse->handle(Object(Illuminate\Http\Request), Object(Closure))
#8 /home1/kmalith2/eonepisode/vendor/laravel/framework/src/Illuminate/Cookie/Middleware/EncryptCookies.php(40): Illuminate\Pipeline\Pipeline->Illuminate\Pipeline\{closure}(Object(Illuminate\Http\Request))
#9 /home1/kmalith2/eonepisode/vendor/laravel/framework/src/Illuminate/Pipeline/Pipeline.php(125): Illuminate\Cookie\Middleware\EncryptCookies->handle(Object(Illuminate\Http\Request), Object(Closure))
#10 /home1/kmalith2/eonepisode/app/Http/Middleware/CheckForMaintenanceMode.php(26): Illuminate\Pipeline\Pipeline->Illuminate\Pipeline\{closure}(Object(Illuminate\Http\Request))
#11 /home1/kmalith2/eonepisode/vendor/laravel/framework/src/Illuminate/Pipeline/Pipeline.php(125): App\Http\Middleware\CheckForMaintenanceMode->handle(Object(Illuminate\Http\Request), Object(Closure))
#12 [internal function]: Illuminate\Pipeline\Pipeline->Illuminate\Pipeline\{closure}(Object(Illuminate\Http\Request))
#13 /home1/kmalith2/eonepisode/vendor/laravel/framework/src/Illuminate/Pipeline/Pipeline.php(100): call_user_func(Object(Closure), Object(Illuminate\Http\Request))
#14 /home1/kmalith2/eonepisode/vendor/laravel/framework/src/Illuminate/Foundation/Http/Kernel.php(111): Illuminate\Pipeline\Pipeline->then(Object(Closure))
#15 /home1/kmalith2/eonepisode/vendor/laravel/framework/src/Illuminate/Foundation/Http/Kernel.php(84): Illuminate\Foundation\Http\Kernel->sendRequestThroughRouter(Object(Illuminate\Http\Request))
#16 /home1/kmalith2/public_html/index.php(53): Illuminate\Foundation\Http\Kernel->handle(Object(Illuminate\Http\Request))
#17 {main}  
[2026-09-07 03:12:25] local.ERROR: Illuminate\Session\TokenMismatchException in /home1/kmalith2/eonepisode/vendor/laravel/framework/src/Illuminate/Foundation/Http/Middleware/VerifyCsrfToken.php:46
Stack trace:
#0 /home1/kmalith2/eonepisode/app/Http/Middleware/VerifyCsrfToken.php(17): Illuminate\Foundation\Http\Middleware\VerifyCsrfToken->handle(Object(Illuminate\Http\Request), Object(Closure))
#1 /home1/kmalith2/eonepisode/vendor/laravel/framework/src/Illuminate/Pipeline/Pipeline.php(125): App\Http\Middleware\VerifyCsrfToken->handle(Object(Illuminate\Http\Request), Object(Closure))
#2 /home1/kmalith2/eonepisode/vendor/laravel/framework/src/Illuminate/View/Middleware/ShareErrorsFromSession.php(55): Illuminate\Pipeline\Pipeline->Illuminate\Pipeline\{closure}(Object(Illuminate\Http\Request))
#3 /home1/kmalith2/eonepisode/vendor/laravel/framework/src/Illuminate/Pipeline/Pipeline.php(125): Illuminate\View\Middleware\ShareErrorsFromSession->handle(Object(Illuminate\Http\Request), Object(Closure))
#4 /home1/kmalith2/eonepisode/vendor/laravel/framework/src/Illuminate/Session/Middleware/StartSession.php(61): Illuminate\Pipeline\Pipeline->Illuminate\Pipeline\{closure}(Object(Illuminate\Http\Request))
#5 /home1/kmalith2/eonepisode/vendor/laravel/framework/src/Illuminate/Pipeline/Pipeline.php(125): Illuminate\Session\Middleware\StartSession->handle(Object(Illuminate\Http\Request), Object(Closure))
#6 /home1/kmalith2/eonepisode/vendor/laravel/framework/src/Illuminate/Cookie/Middleware/AddQueuedCookiesToResponse.php(36): Illuminate\Pipeline\Pipeline->Illuminate\Pipeline\{closure}(Object(Illuminate\Http\Request))
#7 /home1/kmalith2/eonepisode/vendor/laravel/framework/src/Illuminate/Pipeline/Pipeline.php(125): Illuminate\Cookie\Middleware\AddQueuedCookiesToResponse->handle(Object(Illuminate\Http\Request), Object(Closure))
#8 /home1/kmalith2/eonepisode/vendor/laravel/framework/src/Illuminate/Cookie/Middleware/EncryptCookies.php(40): Illuminate\Pipeline\Pipeline->Illuminate\Pipeline\{closure}(Object(Illuminate\Http\Request))
#9 /home1/kmalith2/eonepisode/vendor/laravel/framework/src/Illuminate/Pipeline/Pipeline.php(125): Illuminate\Cookie\Middleware\EncryptCookies->handle(Object(Illuminate\Http\Request), Object(Closure))
#10 /home1/kmalith2/eonepisode/app/Http/Middleware/CheckForMaintenanceMode.php(26): Illuminate\Pipeline\Pipeline->Illuminate\Pipeline\{closure}(Object(Illuminate\Http\Request))
#11 /home1/kmalith2/eonepisode/vendor/laravel/framework/src/Illuminate/Pipeline/Pipeline.php(125): App\Http\Middleware\CheckForMaintenanceMode->handle(Object(Illuminate\Http\Request), Object(Closure))
#12 [internal function]: Illuminate\Pipeline\Pipeline->Illuminate\Pipeline\{closure}(Object(Illuminate\Http\Request))
#13 /home1/kmalith2/eonepisode/vendor/laravel/framework/src/Illuminate/Pipeline/Pipeline.php(100): call_user_func(Object(Closure), Object(Illuminate\Http\Request))
#14 /home1/kmalith2/eonepisode/vendor/laravel/framework/src/Illuminate/Foundation/Http/Kernel.php(111): Illuminate\Pipeline\Pipeline->then(Object(Closure))
#15 /home1/kmalith2/eonepisode/vendor/laravel/framework/src/Illuminate/Foundation/Http/Kernel.php(84): Illuminate\Foundation\Http\Kernel->sendRequestThroughRouter(Object(Illuminate\Http\Request))
#16 /home1/kmalith2/public_html/index.php(53): Illuminate\Foundation\Http\Kernel->handle(Object(Illuminate\Http\Request))
#17 {main}  
[2026-09-07 03:12:26] local.ERROR: Illuminate\Session\TokenMismatchException in /home1/kmalith2/eonepisode/vendor/laravel/framework/src/Illuminate/Foundation/Http/Middleware/VerifyCsrfToken.php:46
Stack trace:
#0 /home1/kmalith2/eonepisode/app/Http/Middleware/VerifyCsrfToken.php(17): Illuminate\Foundation\Http\Middleware\VerifyCsrfToken->handle(Object(Illuminate\Http\Request), Object(Closure))
#1 /home1/kmalith2/eonepisode/vendor/laravel/framework/src/Illuminate/Pipeline/Pipeline.php(125): App\Http\Middleware\VerifyCsrfToken->handle(Object(Illuminate\Http\Request), Object(Closure))
#2 /home1/kmalith2/eonepisode/vendor/laravel/framework/src/Illuminate/View/Middleware/ShareErrorsFromSession.php(55): Illuminate\Pipeline\Pipeline->Illuminate\Pipeline\{closure}(Object(Illuminate\Http\Request))
#3 /home1/kmalith2/eonepisode/vendor/laravel/framework/src/Illuminate/Pipeline/Pipeline.php(125): Illuminate\View\Middleware\ShareErrorsFromSession->handle(Object(Illuminate\Http\Request), Object(Closure))
#4 /home1/kmalith2/eonepisode/vendor/laravel/framework/src/Illuminate/Session/Middleware/StartSession.php(61): Illuminate\Pipeline\Pipeline->Illuminate\Pipeline\{closure}(Object(Illuminate\Http\Request))
#5 /home1/kmalith2/eonepisode/vendor/laravel/framework/src/Illuminate/Pipeline/Pipeline.php(125): Illuminate\Session\Middleware\StartSession->handle(Object(Illuminate\Http\Request), Object(Closure))
#6 /home1/kmalith2/eonepisode/vendor/laravel/framework/src/Illuminate/Cookie/Middleware/AddQueuedCookiesToResponse.php(36): Illuminate\Pipeline\Pipeline->Illuminate\Pipeline\{closure}(Object(Illuminate\Http\Request))
#7 /home1/kmalith2/eonepisode/vendor/laravel/framework/src/Illuminate/Pipeline/Pipeline.php(125): Illuminate\Cookie\Middleware\AddQueuedCookiesToResponse->handle(Object(Illuminate\Http\Request), Object(Closure))
#8 /home1/kmalith2/eonepisode/vendor/laravel/framework/src/Illuminate/Cookie/Middleware/EncryptCookies.php(40): Illuminate\Pipeline\Pipeline->Illuminate\Pipeline\{closure}(Object(Illuminate\Http\Request))
#9 /home1/kmalith2/eonepisode/vendor/laravel/framework/src/Illuminate/Pipeline/Pipeline.php(125): Illuminate\Cookie\Middleware\EncryptCookies->handle(Object(Illuminate\Http\Request), Object(Closure))
#10 /home1/kmalith2/eonepisode/app/Http/Middleware/CheckForMaintenanceMode.php(26): Illuminate\Pipeline\Pipeline->Illuminate\Pipeline\{closure}(Object(Illuminate\Http\Request))
#11 /home1/kmalith2/eonepisode/vendor/laravel/framework/src/Illuminate/Pipeline/Pipeline.php(125): App\Http\Middleware\CheckForMaintenanceMode->handle(Object(Illuminate\Http\Request), Object(Closure))
#12 [internal function]: Illuminate\Pipeline\Pipeline->Illuminate\Pipeline\{closure}(Object(Illuminate\Http\Request))
#13 /home1/kmalith2/eonepisode/vendor/laravel/framework/src/Illuminate/Pipeline/Pipeline.php(100): call_user_func(Object(Closure), Object(Illuminate\Http\Request))
#14 /home1/kmalith2/eonepisode/vendor/laravel/framework/src/Illuminate/Foundation/Http/Kernel.php(111): Illuminate\Pipeline\Pipeline->then(Object(Closure))
#15 /home1/kmalith2/eonepisode/vendor/laravel/framework/src/Illuminate/Foundation/Http/Kernel.php(84): Illuminate\Foundation\Http\Kernel->sendRequestThroughRouter(Object(Illuminate\Http\Request))
#16 /home1/kmalith2/public_html/index.php(53): Illuminate\Foundation\Http\Kernel->handle(Object(Illuminate\Http\Request))
#17 {main}  
[2026-09-07 03:12:28] local.ERROR: Illuminate\Session\TokenMismatchException in /home1/kmalith2/eonepisode/vendor/laravel/framework/src/Illuminate/Foundation/Http/Middleware/VerifyCsrfToken.php:46
Stack trace:
#0 /home1/kmalith2/eonepisode/app/Http/Middleware/VerifyCsrfToken.php(17): Illuminate\Foundation\Http\Middleware\VerifyCsrfToken->handle(Object(Illuminate\Http\Request), Object(Closure))
#1 /home1/kmalith2/eonepisode/vendor/laravel/framework/src/Illuminate/Pipeline/Pipeline.php(125): App\Http\Middleware\VerifyCsrfToken->handle(Object(Illuminate\Http\Request), Object(Closure))
#2 /home1/kmalith2/eonepisode/vendor/laravel/framework/src/Illuminate/View/Middleware/ShareErrorsFromSession.php(55): Illuminate\Pipeline\Pipeline->Illuminate\Pipeline\{closure}(Object(Illuminate\Http\Request))
#3 /home1/kmalith2/eonepisode/vendor/laravel/framework/src/Illuminate/Pipeline/Pipeline.php(125): Illuminate\View\Middleware\ShareErrorsFromSession->handle(Object(Illuminate\Http\Request), Object(Closure))
#4 /home1/kmalith2/eonepisode/vendor/laravel/framework/src/Illuminate/Session/Middleware/StartSession.php(61): Illuminate\Pipeline\Pipeline->Illuminate\Pipeline\{closure}(Object(Illuminate\Http\Request))
#5 /home1/kmalith2/eonepisode/vendor/laravel/framework/src/Illuminate/Pipeline/Pipeline.php(125): Illuminate\Session\Middleware\StartSession->handle(Object(Illuminate\Http\Request), Object(Closure))
#6 /home1/kmalith2/eonepisode/vendor/laravel/framework/src/Illuminate/Cookie/Middleware/AddQueuedCookiesToResponse.php(36): Illuminate\Pipeline\Pipeline->Illuminate\Pipeline\{closure}(Object(Illuminate\Http\Request))
#7 /home1/kmalith2/eonepisode/vendor/laravel/framework/src/Illuminate/Pipeline/Pipeline.php(125): Illuminate\Cookie\Middleware\AddQueuedCookiesToResponse->handle(Object(Illuminate\Http\Request), Object(Closure))
#8 /home1/kmalith2/eonepisode/vendor/laravel/framework/src/Illuminate/Cookie/Middleware/EncryptCookies.php(40): Illuminate\Pipeline\Pipeline->Illuminate\Pipeline\{closure}(Object(Illuminate\Http\Request))
#9 /home1/kmalith2/eonepisode/vendor/laravel/framework/src/Illuminate/Pipeline/Pipeline.php(125): Illuminate\Cookie\Middleware\EncryptCookies->handle(Object(Illuminate\Http\Request), Object(Closure))
#10 /home1/kmalith2/eonepisode/app/Http/Middleware/CheckForMaintenanceMode.php(26): Illuminate\Pipeline\Pipeline->Illuminate\Pipeline\{closure}(Object(Illuminate\Http\Request))
#11 /home1/kmalith2/eonepisode/vendor/laravel/framework/src/Illuminate/Pipeline/Pipeline.php(125): App\Http\Middleware\CheckForMaintenanceMode->handle(Object(Illuminate\Http\Request), Object(Closure))
#12 [internal function]: Illuminate\Pipeline\Pipeline->Illuminate\Pipeline\{closure}(Object(Illuminate\Http\Request))
#13 /home1/kmalith2/eonepisode/vendor/laravel/framework/src/Illuminate/Pipeline/Pipeline.php(100): call_user_func(Object(Closure), Object(Illuminate\Http\Request))
#14 /home1/kmalith2/eonepisode/vendor/laravel/framework/src/Illuminate/Foundation/Http/Kernel.php(111): Illuminate\Pipeline\Pipeline->then(Object(Closure))
#15 /home1/kmalith2/eonepisode/vendor/laravel/framework/src/Illuminate/Foundation/Http/Kernel.php(84): Illuminate\Foundation\Http\Kernel->sendRequestThroughRouter(Object(Illuminate\Http\Request))
#16 /home1/kmalith2/public_html/index.php(53): Illuminate\Foundation\Http\Kernel->handle(Object(Illuminate\Http\Request))
#17 {main}  
[2026-09-07 03:12:30] local.ERROR: Illuminate\Session\TokenMismatchException in /home1/kmalith2/eonepisode/vendor/laravel/framework/src/Illuminate/Foundation/Http/Middleware/VerifyCsrfToken.php:46
Stack trace:
#0 /home1/kmalith2/eonepisode/app/Http/Middleware/VerifyCsrfToken.php(17): Illuminate\Foundation\Http\Middleware\VerifyCsrfToken->handle(Object(Illuminate\Http\Request), Object(Closure))
#1 /home1/kmalith2/eonepisode/vendor/laravel/framework/src/Illuminate/Pipeline/Pipeline.php(125): App\Http\Middleware\VerifyCsrfToken->handle(Object(Illuminate\Http\Request), Object(Closure))
#2 /home1/kmalith2/eonepisode/vendor/laravel/framework/src/Illuminate/View/Middleware/ShareErrorsFromSession.php(55): Illuminate\Pipeline\Pipeline->Illuminate\Pipeline\{closure}(Object(Illuminate\Http\Request))
#3 /home1/kmalith2/eonepisode/vendor/laravel/framework/src/Illuminate/Pipeline/Pipeline.php(125): Illuminate\View\Middleware\ShareErrorsFromSession->handle(Object(Illuminate\Http\Request), Object(Closure))
#4 /home1/kmalith2/eonepisode/vendor/laravel/framework/src/Illuminate/Session/Middleware/StartSession.php(61): Illuminate\Pipeline\Pipeline->Illuminate\Pipeline\{closure}(Object(Illuminate\Http\Request))
#5 /home1/kmalith2/eonepisode/vendor/laravel/framework/src/Illuminate/Pipeline/Pipeline.php(125): Illuminate\Session\Middleware\StartSession->handle(Object(Illuminate\Http\Request), Object(Closure))
#6 /home1/kmalith2/eonepisode/vendor/laravel/framework/src/Illuminate/Cookie/Middleware/AddQueuedCookiesToResponse.php(36): Illuminate\Pipeline\Pipeline->Illuminate\Pipeline\{closure}(Object(Illuminate\Http\Request))
#7 /home1/kmalith2/eonepisode/vendor/laravel/framework/src/Illuminate/Pipeline/Pipeline.php(125): Illuminate\Cookie\Middleware\AddQueuedCookiesToResponse->handle(Object(Illuminate\Http\Request), Object(Closure))
#8 /home1/kmalith2/eonepisode/vendor/laravel/framework/src/Illuminate/Cookie/Middleware/EncryptCookies.php(40): Illuminate\Pipeline\Pipeline->Illuminate\Pipeline\{closure}(Object(Illuminate\Http\Request))
#9 /home1/kmalith2/eonepisode/vendor/laravel/framework/src/Illuminate/Pipeline/Pipeline.php(125): Illuminate\Cookie\Middleware\EncryptCookies->handle(Object(Illuminate\Http\Request), Object(Closure))
#10 /home1/kmalith2/eonepisode/app/Http/Middleware/CheckForMaintenanceMode.php(26): Illuminate\Pipeline\Pipeline->Illuminate\Pipeline\{closure}(Object(Illuminate\Http\Request))
#11 /home1/kmalith2/eonepisode/vendor/laravel/framework/src/Illuminate/Pipeline/Pipeline.php(125): App\Http\Middleware\CheckForMaintenanceMode->handle(Object(Illuminate\Http\Request), Object(Closure))
#12 [internal function]: Illuminate\Pipeline\Pipeline->Illuminate\Pipeline\{closure}(Object(Illuminate\Http\Request))
#13 /home1/kmalith2/eonepisode/vendor/laravel/framework/src/Illuminate/Pipeline/Pipeline.php(100): call_user_func(Object(Closure), Object(Illuminate\Http\Request))
#14 /home1/kmalith2/eonepisode/vendor/laravel/framework/src/Illuminate/Foundation/Http/Kernel.php(111): Illuminate\Pipeline\Pipeline->then(Object(Closure))
#15 /home1/kmalith2/eonepisode/vendor/laravel/framework/src/Illuminate/Foundation/Http/Kernel.php(84): Illuminate\Foundation\Http\Kernel->sendRequestThroughRouter(Object(Illuminate\Http\Request))
#16 /home1/kmalith2/public_html/index.php(53): Illuminate\Foundation\Http\Kernel->handle(Object(Illuminate\Http\Request))
#17 {main}  
[2026-09-07 03:12:32] local.ERROR: Illuminate\Session\TokenMismatchException in /home1/kmalith2/eonepisode/vendor/laravel/framework/src/Illuminate/Foundation/Http/Middleware/VerifyCsrfToken.php:46
Stack trace:
#0 /home1/kmalith2/eonepisode/app/Http/Middleware/VerifyCsrfToken.php(17): Illuminate\Foundation\Http\Middleware\VerifyCsrfToken->handle(Object(Illuminate\Http\Request), Object(Closure))
#1 /home1/kmalith2/eonepisode/vendor/laravel/framework/src/Illuminate/Pipeline/Pipeline.php(125): App\Http\Middleware\VerifyCsrfToken->handle(Object(Illuminate\Http\Request), Object(Closure))
#2 /home1/kmalith2/eonepisode/vendor/laravel/framework/src/Illuminate/View/Middleware/ShareErrorsFromSession.php(55): Illuminate\Pipeline\Pipeline->Illuminate\Pipeline\{closure}(Object(Illuminate\Http\Request))
#3 /home1/kmalith2/eonepisode/vendor/laravel/framework/src/Illuminate/Pipeline/Pipeline.php(125): Illuminate\View\Middleware\ShareErrorsFromSession->handle(Object(Illuminate\Http\Request), Object(Closure))
#4 /home1/kmalith2/eonepisode/vendor/laravel/framework/src/Illuminate/Session/Middleware/StartSession.php(61): Illuminate\Pipeline\Pipeline->Illuminate\Pipeline\{closure}(Object(Illuminate\Http\Request))
#5 /home1/kmalith2/eonepisode/vendor/laravel/framework/src/Illuminate/Pipeline/Pipeline.php(125): Illuminate\Session\Middleware\StartSession->handle(Object(Illuminate\Http\Request), Object(Closure))
#6 /home1/kmalith2/eonepisode/vendor/laravel/framework/src/Illuminate/Cookie/Middleware/AddQueuedCookiesToResponse.php(36): Illuminate\Pipeline\Pipeline->Illuminate\Pipeline\{closure}(Object(Illuminate\Http\Request))
#7 /home1/kmalith2/eonepisode/vendor/laravel/framework/src/Illuminate/Pipeline/Pipeline.php(125): Illuminate\Cookie\Middleware\AddQueuedCookiesToResponse->handle(Object(Illuminate\Http\Request), Object(Closure))
#8 /home1/kmalith2/eonepisode/vendor/laravel/framework/src/Illuminate/Cookie/Middleware/EncryptCookies.php(40): Illuminate\Pipeline\Pipeline->Illuminate\Pipeline\{closure}(Object(Illuminate\Http\Request))
#9 /home1/kmalith2/eonepisode/vendor/laravel/framework/src/Illuminate/Pipeline/Pipeline.php(125): Illuminate\Cookie\Middleware\EncryptCookies->handle(Object(Illuminate\Http\Request), Object(Closure))
#10 /home1/kmalith2/eonepisode/app/Http/Middleware/CheckForMaintenanceMode.php(26): Illuminate\Pipeline\Pipeline->Illuminate\Pipeline\{closure}(Object(Illuminate\Http\Request))
#11 /home1/kmalith2/eonepisode/vendor/laravel/framework/src/Illuminate/Pipeline/Pipeline.php(125): App\Http\Middleware\CheckForMaintenanceMode->handle(Object(Illuminate\Http\Request), Object(Closure))
#12 [internal function]: Illuminate\Pipeline\Pipeline->Illuminate\Pipeline\{closure}(Object(Illuminate\Http\Request))
#13 /home1/kmalith2/eonepisode/vendor/laravel/framework/src/Illuminate/Pipeline/Pipeline.php(100): call_user_func(Object(Closure), Object(Illuminate\Http\Request))
#14 /home1/kmalith2/eonepisode/vendor/laravel/framework/src/Illuminate/Foundation/Http/Kernel.php(111): Illuminate\Pipeline\Pipeline->then(Object(Closure))
#15 /home1/kmalith2/eonepisode/vendor/laravel/framework/src/Illuminate/Foundation/Http/Kernel.php(84): Illuminate\Foundation\Http\Kernel->sendRequestThroughRouter(Object(Illuminate\Http\Request))
#16 /home1/kmalith2/public_html/index.php(53): Illuminate\Foundation\Http\Kernel->handle(Object(Illuminate\Http\Request))
#17 {main}  
[2026-09-07 03:12:32] local.ERROR: Illuminate\Session\TokenMismatchException in /home1/kmalith2/eonepisode/vendor/laravel/framework/src/Illuminate/Foundation/Http/Middleware/VerifyCsrfToken.php:46
Stack trace:
#0 /home1/kmalith2/eonepisode/app/Http/Middleware/VerifyCsrfToken.php(17): Illuminate\Foundation\Http\Middleware\VerifyCsrfToken->handle(Object(Illuminate\Http\Request), Object(Closure))
#1 /home1/kmalith2/eonepisode/vendor/laravel/framework/src/Illuminate/Pipeline/Pipeline.php(125): App\Http\Middleware\VerifyCsrfToken->handle(Object(Illuminate\Http\Request), Object(Closure))
#2 /home1/kmalith2/eonepisode/vendor/laravel/framework/src/Illuminate/View/Middleware/ShareErrorsFromSession.php(55): Illuminate\Pipeline\Pipeline->Illuminate\Pipeline\{closure}(Object(Illuminate\Http\Request))
#3 /home1/kmalith2/eonepisode/vendor/laravel/framework/src/Illuminate/Pipeline/Pipeline.php(125): Illuminate\View\Middleware\ShareErrorsFromSession->handle(Object(Illuminate\Http\Request), Object(Closure))
#4 /home1/kmalith2/eonepisode/vendor/laravel/framework/src/Illuminate/Session/Middleware/StartSession.php(61): Illuminate\Pipeline\Pipeline->Illuminate\Pipeline\{closure}(Object(Illuminate\Http\Request))
#5 /home1/kmalith2/eonepisode/vendor/laravel/framework/src/Illuminate/Pipeline/Pipeline.php(125): Illuminate\Session\Middleware\StartSession->handle(Object(Illuminate\Http\Request), Object(Closure))
#6 /home1/kmalith2/eonepisode/vendor/laravel/framework/src/Illuminate/Cookie/Middleware/AddQueuedCookiesToResponse.php(36): Illuminate\Pipeline\Pipeline->Illuminate\Pipeline\{closure}(Object(Illuminate\Http\Request))
#7 /home1/kmalith2/eonepisode/vendor/laravel/framework/src/Illuminate/Pipeline/Pipeline.php(125): Illuminate\Cookie\Middleware\AddQueuedCookiesToResponse->handle(Object(Illuminate\Http\Request), Object(Closure))
#8 /home1/kmalith2/eonepisode/vendor/laravel/framework/src/Illuminate/Cookie/Middleware/EncryptCookies.php(40): Illuminate\Pipeline\Pipeline->Illuminate\Pipeline\{closure}(Object(Illuminate\Http\Request))
#9 /home1/kmalith2/eonepisode/vendor/laravel/framework/src/Illuminate/Pipeline/Pipeline.php(125): Illuminate\Cookie\Middleware\EncryptCookies->handle(Object(Illuminate\Http\Request), Object(Closure))
#10 /home1/kmalith2/eonepisode/app/Http/Middleware/CheckForMaintenanceMode.php(26): Illuminate\Pipeline\Pipeline->Illuminate\Pipeline\{closure}(Object(Illuminate\Http\Request))
#11 /home1/kmalith2/eonepisode/vendor/laravel/framework/src/Illuminate/Pipeline/Pipeline.php(125): App\Http\Middleware\CheckForMaintenanceMode->handle(Object(Illuminate\Http\Request), Object(Closure))
#12 [internal function]: Illuminate\Pipeline\Pipeline->Illuminate\Pipeline\{closure}(Object(Illuminate\Http\Request))
#13 /home1/kmalith2/eonepisode/vendor/laravel/framework/src/Illuminate/Pipeline/Pipeline.php(100): call_user_func(Object(Closure), Object(Illuminate\Http\Request))
#14 /home1/kmalith2/eonepisode/vendor/laravel/framework/src/Illuminate/Foundation/Http/Kernel.php(111): Illuminate\Pipeline\Pipeline->then(Object(Closure))
#15 /home1/kmalith2/eonepisode/vendor/laravel/framework/src/Illuminate/Foundation/Http/Kernel.php(84): Illuminate\Foundation\Http\Kernel->sendRequestThroughRouter(Object(Illuminate\Http\Request))
#16 /home1/kmalith2/public_html/index.php(53): Illuminate\Foundation\Http\Kernel->handle(Object(Illuminate\Http\Request))
#17 {main}  
[2026-09-07 03:12:33] local.ERROR: Illuminate\Session\TokenMismatchException in /home1/kmalith2/eonepisode/vendor/laravel/framework/src/Illuminate/Foundation/Http/Middleware/VerifyCsrfToken.php:46
Stack trace:
#0 /home1/kmalith2/eonepisode/app/Http/Middleware/VerifyCsrfToken.php(17): Illuminate\Foundation\Http\Middleware\VerifyCsrfToken->handle(Object(Illuminate\Http\Request), Object(Closure))
#1 /home1/kmalith2/eonepisode/vendor/laravel/framework/src/Illuminate/Pipeline/Pipeline.php(125): App\Http\Middleware\VerifyCsrfToken->handle(Object(Illuminate\Http\Request), Object(Closure))
#2 /home1/kmalith2/eonepisode/vendor/laravel/framework/src/Illuminate/View/Middleware/ShareErrorsFromSession.php(55): Illuminate\Pipeline\Pipeline->Illuminate\Pipeline\{closure}(Object(Illuminate\Http\Request))
#3 /home1/kmalith2/eonepisode/vendor/laravel/framework/src/Illuminate/Pipeline/Pipeline.php(125): Illuminate\View\Middleware\ShareErrorsFromSession->handle(Object(Illuminate\Http\Request), Object(Closure))
#4 /home1/kmalith2/eonepisode/vendor/laravel/framework/src/Illuminate/Session/Middleware/StartSession.php(61): Illuminate\Pipeline\Pipeline->Illuminate\Pipeline\{closure}(Object(Illuminate\Http\Request))
#5 /home1/kmalith2/eonepisode/vendor/laravel/framework/src/Illuminate/Pipeline/Pipeline.php(125): Illuminate\Session\Middleware\StartSession->handle(Object(Illuminate\Http\Request), Object(Closure))
#6 /home1/kmalith2/eonepisode/vendor/laravel/framework/src/Illuminate/Cookie/Middleware/AddQueuedCookiesToResponse.php(36): Illuminate\Pipeline\Pipeline->Illuminate\Pipeline\{closure}(Object(Illuminate\Http\Request))
#7 /home1/kmalith2/eonepisode/vendor/laravel/framework/src/Illuminate/Pipeline/Pipeline.php(125): Illuminate\Cookie\Middleware\AddQueuedCookiesToResponse->handle(Object(Illuminate\Http\Request), Object(Closure))
#8 /home1/kmalith2/eonepisode/vendor/laravel/framework/src/Illuminate/Cookie/Middleware/EncryptCookies.php(40): Illuminate\Pipeline\Pipeline->Illuminate\Pipeline\{closure}(Object(Illuminate\Http\Request))
#9 /home1/kmalith2/eonepisode/vendor/laravel/framework/src/Illuminate/Pipeline/Pipeline.php(125): Illuminate\Cookie\Middleware\EncryptCookies->handle(Object(Illuminate\Http\Request), Object(Closure))
#10 /home1/kmalith2/eonepisode/app/Http/Middleware/CheckForMaintenanceMode.php(26): Illuminate\Pipeline\Pipeline->Illuminate\Pipeline\{closure}(Object(Illuminate\Http\Request))
#11 /home1/kmalith2/eonepisode/vendor/laravel/framework/src/Illuminate/Pipeline/Pipeline.php(125): App\Http\Middleware\CheckForMaintenanceMode->handle(Object(Illuminate\Http\Request), Object(Closure))
#12 [internal function]: Illuminate\Pipeline\Pipeline->Illuminate\Pipeline\{closure}(Object(Illuminate\Http\Request))
#13 /home1/kmalith2/eonepisode/vendor/laravel/framework/src/Illuminate/Pipeline/Pipeline.php(100): call_user_func(Object(Closure), Object(Illuminate\Http\Request))
#14 /home1/kmalith2/eonepisode/vendor/laravel/framework/src/Illuminate/Foundation/Http/Kernel.php(111): Illuminate\Pipeline\Pipeline->then(Object(Closure))
#15 /home1/kmalith2/eonepisode/vendor/laravel/framework/src/Illuminate/Foundation/Http/Kernel.php(84): Illuminate\Foundation\Http\Kernel->sendRequestThroughRouter(Object(Illuminate\Http\Request))
#16 /home1/kmalith2/public_html/index.php(53): Illuminate\Foundation\Http\Kernel->handle(Object(Illuminate\Http\Request))
#17 {main}  
[2026-09-07 03:12:34] local.ERROR: Illuminate\Session\TokenMismatchException in /home1/kmalith2/eonepisode/vendor/laravel/framework/src/Illuminate/Foundation/Http/Middleware/VerifyCsrfToken.php:46
Stack trace:
#0 /home1/kmalith2/eonepisode/app/Http/Middleware/VerifyCsrfToken.php(17): Illuminate\Foundation\Http\Middleware\VerifyCsrfToken->handle(Object(Illuminate\Http\Request), Object(Closure))
#1 /home1/kmalith2/eonepisode/vendor/laravel/framework/src/Illuminate/Pipeline/Pipeline.php(125): App\Http\Middleware\VerifyCsrfToken->handle(Object(Illuminate\Http\Request), Object(Closure))
#2 /home1/kmalith2/eonepisode/vendor/laravel/framework/src/Illuminate/View/Middleware/ShareErrorsFromSession.php(55): Illuminate\Pipeline\Pipeline->Illuminate\Pipeline\{closure}(Object(Illuminate\Http\Request))
#3 /home1/kmalith2/eonepisode/vendor/laravel/framework/src/Illuminate/Pipeline/Pipeline.php(125): Illuminate\View\Middleware\ShareErrorsFromSession->handle(Object(Illuminate\Http\Request), Object(Closure))
#4 /home1/kmalith2/eonepisode/vendor/laravel/framework/src/Illuminate/Session/Middleware/StartSession.php(61): Illuminate\Pipeline\Pipeline->Illuminate\Pipeline\{closure}(Object(Illuminate\Http\Request))
#5 /home1/kmalith2/eonepisode/vendor/laravel/framework/src/Illuminate/Pipeline/Pipeline.php(125): Illuminate\Session\Middleware\StartSession->handle(Object(Illuminate\Http\Request), Object(Closure))
#6 /home1/kmalith2/eonepisode/vendor/laravel/framework/src/Illuminate/Cookie/Middleware/AddQueuedCookiesToResponse.php(36): Illuminate\Pipeline\Pipeline->Illuminate\Pipeline\{closure}(Object(Illuminate\Http\Request))
#7 /home1/kmalith2/eonepisode/vendor/laravel/framework/src/Illuminate/Pipeline/Pipeline.php(125): Illuminate\Cookie\Middleware\AddQueuedCookiesToResponse->handle(Object(Illuminate\Http\Request), Object(Closure))
#8 /home1/kmalith2/eonepisode/vendor/laravel/framework/src/Illuminate/Cookie/Middleware/EncryptCookies.php(40): Illuminate\Pipeline\Pipeline->Illuminate\Pipeline\{closure}(Object(Illuminate\Http\Request))
#9 /home1/kmalith2/eonepisode/vendor/laravel/framework/src/Illuminate/Pipeline/Pipeline.php(125): Illuminate\Cookie\Middleware\EncryptCookies->handle(Object(Illuminate\Http\Request), Object(Closure))
#10 /home1/kmalith2/eonepisode/app/Http/Middleware/CheckForMaintenanceMode.php(26): Illuminate\Pipeline\Pipeline->Illuminate\Pipeline\{closure}(Object(Illuminate\Http\Request))
#11 /home1/kmalith2/eonepisode/vendor/laravel/framework/src/Illuminate/Pipeline/Pipeline.php(125): App\Http\Middleware\CheckForMaintenanceMode->handle(Object(Illuminate\Http\Request), Object(Closure))
#12 [internal function]: Illuminate\Pipeline\Pipeline->Illuminate\Pipeline\{closure}(Object(Illuminate\Http\Request))
#13 /home1/kmalith2/eonepisode/vendor/laravel/framework/src/Illuminate/Pipeline/Pipeline.php(100): call_user_func(Object(Closure), Object(Illuminate\Http\Request))
#14 /home1/kmalith2/eonepisode/vendor/laravel/framework/src/Illuminate/Foundation/Http/Kernel.php(111): Illuminate\Pipeline\Pipeline->then(Object(Closure))
#15 /home1/kmalith2/eonepisode/vendor/laravel/framework/src/Illuminate/Foundation/Http/Kernel.php(84): Illuminate\Foundation\Http\Kernel->sendRequestThroughRouter(Object(Illuminate\Http\Request))
#16 /home1/kmalith2/public_html/index.php(53): Illuminate\Foundation\Http\Kernel->handle(Object(Illuminate\Http\Request))
#17 {main}  
[2026-09-07 03:12:37] local.ERROR: Illuminate\Session\TokenMismatchException in /home1/kmalith2/eonepisode/vendor/laravel/framework/src/Illuminate/Foundation/Http/Middleware/VerifyCsrfToken.php:46
Stack trace:
#0 /home1/kmalith2/eonepisode/app/Http/Middleware/VerifyCsrfToken.php(17): Illuminate\Foundation\Http\Middleware\VerifyCsrfToken->handle(Object(Illuminate\Http\Request), Object(Closure))
#1 /home1/kmalith2/eonepisode/vendor/laravel/framework/src/Illuminate/Pipeline/Pipeline.php(125): App\Http\Middleware\VerifyCsrfToken->handle(Object(Illuminate\Http\Request), Object(Closure))
#2 /home1/kmalith2/eonepisode/vendor/laravel/framework/src/Illuminate/View/Middleware/ShareErrorsFromSession.php(55): Illuminate\Pipeline\Pipeline->Illuminate\Pipeline\{closure}(Object(Illuminate\Http\Request))
#3 /home1/kmalith2/eonepisode/vendor/laravel/framework/src/Illuminate/Pipeline/Pipeline.php(125): Illuminate\View\Middleware\ShareErrorsFromSession->handle(Object(Illuminate\Http\Request), Object(Closure))
#4 /home1/kmalith2/eonepisode/vendor/laravel/framework/src/Illuminate/Session/Middleware/StartSession.php(61): Illuminate\Pipeline\Pipeline->Illuminate\Pipeline\{closure}(Object(Illuminate\Http\Request))
#5 /home1/kmalith2/eonepisode/vendor/laravel/framework/src/Illuminate/Pipeline/Pipeline.php(125): Illuminate\Session\Middleware\StartSession->handle(Object(Illuminate\Http\Request), Object(Closure))
#6 /home1/kmalith2/eonepisode/vendor/laravel/framework/src/Illuminate/Cookie/Middleware/AddQueuedCookiesToResponse.php(36): Illuminate\Pipeline\Pipeline->Illuminate\Pipeline\{closure}(Object(Illuminate\Http\Request))
#7 /home1/kmalith2/eonepisode/vendor/laravel/framework/src/Illuminate/Pipeline/Pipeline.php(125): Illuminate\Cookie\Middleware\AddQueuedCookiesToResponse->handle(Object(Illuminate\Http\Request), Object(Closure))
#8 /home1/kmalith2/eonepisode/vendor/laravel/framework/src/Illuminate/Cookie/Middleware/EncryptCookies.php(40): Illuminate\Pipeline\Pipeline->Illuminate\Pipeline\{closure}(Object(Illuminate\Http\Request))
#9 /home1/kmalith2/eonepisode/vendor/laravel/framework/src/Illuminate/Pipeline/Pipeline.php(125): Illuminate\Cookie\Middleware\EncryptCookies->handle(Object(Illuminate\Http\Request), Object(Closure))
#10 /home1/kmalith2/eonepisode/app/Http/Middleware/CheckForMaintenanceMode.php(26): Illuminate\Pipeline\Pipeline->Illuminate\Pipeline\{closure}(Object(Illuminate\Http\Request))
#11 /home1/kmalith2/eonepisode/vendor/laravel/framework/src/Illuminate/Pipeline/Pipeline.php(125): App\Http\Middleware\CheckForMaintenanceMode->handle(Object(Illuminate\Http\Request), Object(Closure))
#12 [internal function]: Illuminate\Pipeline\Pipeline->Illuminate\Pipeline\{closure}(Object(Illuminate\Http\Request))
#13 /home1/kmalith2/eonepisode/vendor/laravel/framework/src/Illuminate/Pipeline/Pipeline.php(100): call_user_func(Object(Closure), Object(Illuminate\Http\Request))
#14 /home1/kmalith2/eonepisode/vendor/laravel/framework/src/Illuminate/Foundation/Http/Kernel.php(111): Illuminate\Pipeline\Pipeline->then(Object(Closure))
#15 /home1/kmalith2/eonepisode/vendor/laravel/framework/src/Illuminate/Foundation/Http/Kernel.php(84): Illuminate\Foundation\Http\Kernel->sendRequestThroughRouter(Object(Illuminate\Http\Request))
#16 /home1/kmalith2/public_html/index.php(53): Illuminate\Foundation\Http\Kernel->handle(Object(Illuminate\Http\Request))
#17 {main}  
[2026-09-07 03:12:37] local.ERROR: Illuminate\Session\TokenMismatchException in /home1/kmalith2/eonepisode/vendor/laravel/framework/src/Illuminate/Foundation/Http/Middleware/VerifyCsrfToken.php:46
Stack trace:
#0 /home1/kmalith2/eonepisode/app/Http/Middleware/VerifyCsrfToken.php(17): Illuminate\Foundation\Http\Middleware\VerifyCsrfToken->handle(Object(Illuminate\Http\Request), Object(Closure))
#1 /home1/kmalith2/eonepisode/vendor/laravel/framework/src/Illuminate/Pipeline/Pipeline.php(125): App\Http\Middleware\VerifyCsrfToken->handle(Object(Illuminate\Http\Request), Object(Closure))
#2 /home1/kmalith2/eonepisode/vendor/laravel/framework/src/Illuminate/View/Middleware/ShareErrorsFromSession.php(55): Illuminate\Pipeline\Pipeline->Illuminate\Pipeline\{closure}(Object(Illuminate\Http\Request))
#3 /home1/kmalith2/eonepisode/vendor/laravel/framework/src/Illuminate/Pipeline/Pipeline.php(125): Illuminate\View\Middleware\ShareErrorsFromSession->handle(Object(Illuminate\Http\Request), Object(Closure))
#4 /home1/kmalith2/eonepisode/vendor/laravel/framework/src/Illuminate/Session/Middleware/StartSession.php(61): Illuminate\Pipeline\Pipeline->Illuminate\Pipeline\{closure}(Object(Illuminate\Http\Request))
#5 /home1/kmalith2/eonepisode/vendor/laravel/framework/src/Illuminate/Pipeline/Pipeline.php(125): Illuminate\Session\Middleware\StartSession->handle(Object(Illuminate\Http\Request), Object(Closure))
#6 /home1/kmalith2/eonepisode/vendor/laravel/framework/src/Illuminate/Cookie/Middleware/AddQueuedCookiesToResponse.php(36): Illuminate\Pipeline\Pipeline->Illuminate\Pipeline\{closure}(Object(Illuminate\Http\Request))
#7 /home1/kmalith2/eonepisode/vendor/laravel/framework/src/Illuminate/Pipeline/Pipeline.php(125): Illuminate\Cookie\Middleware\AddQueuedCookiesToResponse->handle(Object(Illuminate\Http\Request), Object(Closure))
#8 /home1/kmalith2/eonepisode/vendor/laravel/framework/src/Illuminate/Cookie/Middleware/EncryptCookies.php(40): Illuminate\Pipeline\Pipeline->Illuminate\Pipeline\{closure}(Object(Illuminate\Http\Request))
#9 /home1/kmalith2/eonepisode/vendor/laravel/framework/src/Illuminate/Pipeline/Pipeline.php(125): Illuminate\Cookie\Middleware\EncryptCookies->handle(Object(Illuminate\Http\Request), Object(Closure))
#10 /home1/kmalith2/eonepisode/app/Http/Middleware/CheckForMaintenanceMode.php(26): Illuminate\Pipeline\Pipeline->Illuminate\Pipeline\{closure}(Object(Illuminate\Http\Request))
#11 /home1/kmalith2/eonepisode/vendor/laravel/framework/src/Illuminate/Pipeline/Pipeline.php(125): App\Http\Middleware\CheckForMaintenanceMode->handle(Object(Illuminate\Http\Request), Object(Closure))
#12 [internal function]: Illuminate\Pipeline\Pipeline->Illuminate\Pipeline\{closure}(Object(Illuminate\Http\Request))
#13 /home1/kmalith2/eonepisode/vendor/laravel/framework/src/Illuminate/Pipeline/Pipeline.php(100): call_user_func(Object(Closure), Object(Illuminate\Http\Request))
#14 /home1/kmalith2/eonepisode/vendor/laravel/framework/src/Illuminate/Foundation/Http/Kernel.php(111): Illuminate\Pipeline\Pipeline->then(Object(Closure))
#15 /home1/kmalith2/eonepisode/vendor/laravel/framework/src/Illuminate/Foundation/Http/Kernel.php(84): Illuminate\Foundation\Http\Kernel->sendRequestThroughRouter(Object(Illuminate\Http\Request))
#16 /home1/kmalith2/public_html/index.php(53): Illuminate\Foundation\Http\Kernel->handle(Object(Illuminate\Http\Request))
#17 {main}  
[2026-09-07 03:12:38] local.ERROR: Illuminate\Session\TokenMismatchException in /home1/kmalith2/eonepisode/vendor/laravel/framework/src/Illuminate/Foundation/Http/Middleware/VerifyCsrfToken.php:46
Stack trace:
#0 /home1/kmalith2/eonepisode/app/Http/Middleware/VerifyCsrfToken.php(17): Illuminate\Foundation\Http\Middleware\VerifyCsrfToken->handle(Object(Illuminate\Http\Request), Object(Closure))
#1 /home1/kmalith2/eonepisode/vendor/laravel/framework/src/Illuminate/Pipeline/Pipeline.php(125): App\Http\Middleware\VerifyCsrfToken->handle(Object(Illuminate\Http\Request), Object(Closure))
#2 /home1/kmalith2/eonepisode/vendor/laravel/framework/src/Illuminate/View/Middleware/ShareErrorsFromSession.php(55): Illuminate\Pipeline\Pipeline->Illuminate\Pipeline\{closure}(Object(Illuminate\Http\Request))
#3 /home1/kmalith2/eonepisode/vendor/laravel/framework/src/Illuminate/Pipeline/Pipeline.php(125): Illuminate\View\Middleware\ShareErrorsFromSession->handle(Object(Illuminate\Http\Request), Object(Closure))
#4 /home1/kmalith2/eonepisode/vendor/laravel/framework/src/Illuminate/Session/Middleware/StartSession.php(61): Illuminate\Pipeline\Pipeline->Illuminate\Pipeline\{closure}(Object(Illuminate\Http\Request))
#5 /home1/kmalith2/eonepisode/vendor/laravel/framework/src/Illuminate/Pipeline/Pipeline.php(125): Illuminate\Session\Middleware\StartSession->handle(Object(Illuminate\Http\Request), Object(Closure))
#6 /home1/kmalith2/eonepisode/vendor/laravel/framework/src/Illuminate/Cookie/Middleware/AddQueuedCookiesToResponse.php(36): Illuminate\Pipeline\Pipeline->Illuminate\Pipeline\{closure}(Object(Illuminate\Http\Request))
#7 /home1/kmalith2/eonepisode/vendor/laravel/framework/src/Illuminate/Pipeline/Pipeline.php(125): Illuminate\Cookie\Middleware\AddQueuedCookiesToResponse->handle(Object(Illuminate\Http\Request), Object(Closure))
#8 /home1/kmalith2/eonepisode/vendor/laravel/framework/src/Illuminate/Cookie/Middleware/EncryptCookies.php(40): Illuminate\Pipeline\Pipeline->Illuminate\Pipeline\{closure}(Object(Illuminate\Http\Request))
#9 /home1/kmalith2/eonepisode/vendor/laravel/framework/src/Illuminate/Pipeline/Pipeline.php(125): Illuminate\Cookie\Middleware\EncryptCookies->handle(Object(Illuminate\Http\Request), Object(Closure))
#10 /home1/kmalith2/eonepisode/app/Http/Middleware/CheckForMaintenanceMode.php(26): Illuminate\Pipeline\Pipeline->Illuminate\Pipeline\{closure}(Object(Illuminate\Http\Request))
#11 /home1/kmalith2/eonepisode/vendor/laravel/framework/src/Illuminate/Pipeline/Pipeline.php(125): App\Http\Middleware\CheckForMaintenanceMode->handle(Object(Illuminate\Http\Request), Object(Closure))
#12 [internal function]: Illuminate\Pipeline\Pipeline->Illuminate\Pipeline\{closure}(Object(Illuminate\Http\Request))
#13 /home1/kmalith2/eonepisode/vendor/laravel/framework/src/Illuminate/Pipeline/Pipeline.php(100): call_user_func(Object(Closure), Object(Illuminate\Http\Request))
#14 /home1/kmalith2/eonepisode/vendor/laravel/framework/src/Illuminate/Foundation/Http/Kernel.php(111): Illuminate\Pipeline\Pipeline->then(Object(Closure))
#15 /home1/kmalith2/eonepisode/vendor/laravel/framework/src/Illuminate/Foundation/Http/Kernel.php(84): Illuminate\Foundation\Http\Kernel->sendRequestThroughRouter(Object(Illuminate\Http\Request))
#16 /home1/kmalith2/public_html/index.php(53): Illuminate\Foundation\Http\Kernel->handle(Object(Illuminate\Http\Request))
#17 {main}  
[2026-09-07 03:12:39] local.ERROR: Illuminate\Session\TokenMismatchException in /home1/kmalith2/eonepisode/vendor/laravel/framework/src/Illuminate/Foundation/Http/Middleware/VerifyCsrfToken.php:46
Stack trace:
#0 /home1/kmalith2/eonepisode/app/Http/Middleware/VerifyCsrfToken.php(17): Illuminate\Foundation\Http\Middleware\VerifyCsrfToken->handle(Object(Illuminate\Http\Request), Object(Closure))
#1 /home1/kmalith2/eonepisode/vendor/laravel/framework/src/Illuminate/Pipeline/Pipeline.php(125): App\Http\Middleware\VerifyCsrfToken->handle(Object(Illuminate\Http\Request), Object(Closure))
#2 /home1/kmalith2/eonepisode/vendor/laravel/framework/src/Illuminate/View/Middleware/ShareErrorsFromSession.php(55): Illuminate\Pipeline\Pipeline->Illuminate\Pipeline\{closure}(Object(Illuminate\Http\Request))
#3 /home1/kmalith2/eonepisode/vendor/laravel/framework/src/Illuminate/Pipeline/Pipeline.php(125): Illuminate\View\Middleware\ShareErrorsFromSession->handle(Object(Illuminate\Http\Request), Object(Closure))
#4 /home1/kmalith2/eonepisode/vendor/laravel/framework/src/Illuminate/Session/Middleware/StartSession.php(61): Illuminate\Pipeline\Pipeline->Illuminate\Pipeline\{closure}(Object(Illuminate\Http\Request))
#5 /home1/kmalith2/eonepisode/vendor/laravel/framework/src/Illuminate/Pipeline/Pipeline.php(125): Illuminate\Session\Middleware\StartSession->handle(Object(Illuminate\Http\Request), Object(Closure))
#6 /home1/kmalith2/eonepisode/vendor/laravel/framework/src/Illuminate/Cookie/Middleware/AddQueuedCookiesToResponse.php(36): Illuminate\Pipeline\Pipeline->Illuminate\Pipeline\{closure}(Object(Illuminate\Http\Request))
#7 /home1/kmalith2/eonepisode/vendor/laravel/framework/src/Illuminate/Pipeline/Pipeline.php(125): Illuminate\Cookie\Middleware\AddQueuedCookiesToResponse->handle(Object(Illuminate\Http\Request), Object(Closure))
#8 /home1/kmalith2/eonepisode/vendor/laravel/framework/src/Illuminate/Cookie/Middleware/EncryptCookies.php(40): Illuminate\Pipeline\Pipeline->Illuminate\Pipeline\{closure}(Object(Illuminate\Http\Request))
#9 /home1/kmalith2/eonepisode/vendor/laravel/framework/src/Illuminate/Pipeline/Pipeline.php(125): Illuminate\Cookie\Middleware\EncryptCookies->handle(Object(Illuminate\Http\Request), Object(Closure))
#10 /home1/kmalith2/eonepisode/app/Http/Middleware/CheckForMaintenanceMode.php(26): Illuminate\Pipeline\Pipeline->Illuminate\Pipeline\{closure}(Object(Illuminate\Http\Request))
#11 /home1/kmalith2/eonepisode/vendor/laravel/framework/src/Illuminate/Pipeline/Pipeline.php(125): App\Http\Middleware\CheckForMaintenanceMode->handle(Object(Illuminate\Http\Request), Object(Closure))
#12 [internal function]: Illuminate\Pipeline\Pipeline->Illuminate\Pipeline\{closure}(Object(Illuminate\Http\Request))
#13 /home1/kmalith2/eonepisode/vendor/laravel/framework/src/Illuminate/Pipeline/Pipeline.php(100): call_user_func(Object(Closure), Object(Illuminate\Http\Request))
#14 /home1/kmalith2/eonepisode/vendor/laravel/framework/src/Illuminate/Foundation/Http/Kernel.php(111): Illuminate\Pipeline\Pipeline->then(Object(Closure))
#15 /home1/kmalith2/eonepisode/vendor/laravel/framework/src/Illuminate/Foundation/Http/Kernel.php(84): Illuminate\Foundation\Http\Kernel->sendRequestThroughRouter(Object(Illuminate\Http\Request))
#16 /home1/kmalith2/public_html/index.php(53): Illuminate\Foundation\Http\Kernel->handle(Object(Illuminate\Http\Request))
#17 {main}  
[2026-09-07 03:12:41] local.ERROR: Illuminate\Session\TokenMismatchException in /home1/kmalith2/eonepisode/vendor/laravel/framework/src/Illuminate/Foundation/Http/Middleware/VerifyCsrfToken.php:46
Stack trace:
#0 /home1/kmalith2/eonepisode/app/Http/Middleware/VerifyCsrfToken.php(17): Illuminate\Foundation\Http\Middleware\VerifyCsrfToken->handle(Object(Illuminate\Http\Request), Object(Closure))
#1 /home1/kmalith2/eonepisode/vendor/laravel/framework/src/Illuminate/Pipeline/Pipeline.php(125): App\Http\Middleware\VerifyCsrfToken->handle(Object(Illuminate\Http\Request), Object(Closure))
#2 /home1/kmalith2/eonepisode/vendor/laravel/framework/src/Illuminate/View/Middleware/ShareErrorsFromSession.php(55): Illuminate\Pipeline\Pipeline->Illuminate\Pipeline\{closure}(Object(Illuminate\Http\Request))
#3 /home1/kmalith2/eonepisode/vendor/laravel/framework/src/Illuminate/Pipeline/Pipeline.php(125): Illuminate\View\Middleware\ShareErrorsFromSession->handle(Object(Illuminate\Http\Request), Object(Closure))
#4 /home1/kmalith2/eonepisode/vendor/laravel/framework/src/Illuminate/Session/Middleware/StartSession.php(61): Illuminate\Pipeline\Pipeline->Illuminate\Pipeline\{closure}(Object(Illuminate\Http\Request))
#5 /home1/kmalith2/eonepisode/vendor/laravel/framework/src/Illuminate/Pipeline/Pipeline.php(125): Illuminate\Session\Middleware\StartSession->handle(Object(Illuminate\Http\Request), Object(Closure))
#6 /home1/kmalith2/eonepisode/vendor/laravel/framework/src/Illuminate/Cookie/Middleware/AddQueuedCookiesToResponse.php(36): Illuminate\Pipeline\Pipeline->Illuminate\Pipeline\{closure}(Object(Illuminate\Http\Request))
#7 /home1/kmalith2/eonepisode/vendor/laravel/framework/src/Illuminate/Pipeline/Pipeline.php(125): Illuminate\Cookie\Middleware\AddQueuedCookiesToResponse->handle(Object(Illuminate\Http\Request), Object(Closure))
#8 /home1/kmalith2/eonepisode/vendor/laravel/framework/src/Illuminate/Cookie/Middleware/EncryptCookies.php(40): Illuminate\Pipeline\Pipeline->Illuminate\Pipeline\{closure}(Object(Illuminate\Http\Request))
#9 /home1/kmalith2/eonepisode/vendor/laravel/framework/src/Illuminate/Pipeline/Pipeline.php(125): Illuminate\Cookie\Middleware\EncryptCookies->handle(Object(Illuminate\Http\Request), Object(Closure))
#10 /home1/kmalith2/eonepisode/app/Http/Middleware/CheckForMaintenanceMode.php(26): Illuminate\Pipeline\Pipeline->Illuminate\Pipeline\{closure}(Object(Illuminate\Http\Request))
#11 /home1/kmalith2/eonepisode/vendor/laravel/framework/src/Illuminate/Pipeline/Pipeline.php(125): App\Http\Middleware\CheckForMaintenanceMode->handle(Object(Illuminate\Http\Request), Object(Closure))
#12 [internal function]: Illuminate\Pipeline\Pipeline->Illuminate\Pipeline\{closure}(Object(Illuminate\Http\Request))
#13 /home1/kmalith2/eonepisode/vendor/laravel/framework/src/Illuminate/Pipeline/Pipeline.php(100): call_user_func(Object(Closure), Object(Illuminate\Http\Request))
#14 /home1/kmalith2/eonepisode/vendor/laravel/framework/src/Illuminate/Foundation/Http/Kernel.php(111): Illuminate\Pipeline\Pipeline->then(Object(Closure))
#15 /home1/kmalith2/eonepisode/vendor/laravel/framework/src/Illuminate/Foundation/Http/Kernel.php(84): Illuminate\Foundation\Http\Kernel->sendRequestThroughRouter(Object(Illuminate\Http\Request))
#16 /home1/kmalith2/public_html/index.php(53): Illuminate\Foundation\Http\Kernel->handle(Object(Illuminate\Http\Request))
#17 {main}  
[2026-09-07 03:12:44] local.ERROR: Illuminate\Session\TokenMismatchException in /home1/kmalith2/eonepisode/vendor/laravel/framework/src/Illuminate/Foundation/Http/Middleware/VerifyCsrfToken.php:46
Stack trace:
#0 /home1/kmalith2/eonepisode/app/Http/Middleware/VerifyCsrfToken.php(17): Illuminate\Foundation\Http\Middleware\VerifyCsrfToken->handle(Object(Illuminate\Http\Request), Object(Closure))
#1 /home1/kmalith2/eonepisode/vendor/laravel/framework/src/Illuminate/Pipeline/Pipeline.php(125): App\Http\Middleware\VerifyCsrfToken->handle(Object(Illuminate\Http\Request), Object(Closure))
#2 /home1/kmalith2/eonepisode/vendor/laravel/framework/src/Illuminate/View/Middleware/ShareErrorsFromSession.php(55): Illuminate\Pipeline\Pipeline->Illuminate\Pipeline\{closure}(Object(Illuminate\Http\Request))
#3 /home1/kmalith2/eonepisode/vendor/laravel/framework/src/Illuminate/Pipeline/Pipeline.php(125): Illuminate\View\Middleware\ShareErrorsFromSession->handle(Object(Illuminate\Http\Request), Object(Closure))
#4 /home1/kmalith2/eonepisode/vendor/laravel/framework/src/Illuminate/Session/Middleware/StartSession.php(61): Illuminate\Pipeline\Pipeline->Illuminate\Pipeline\{closure}(Object(Illuminate\Http\Request))
#5 /home1/kmalith2/eonepisode/vendor/laravel/framework/src/Illuminate/Pipeline/Pipeline.php(125): Illuminate\Session\Middleware\StartSession->handle(Object(Illuminate\Http\Request), Object(Closure))
#6 /home1/kmalith2/eonepisode/vendor/laravel/framework/src/Illuminate/Cookie/Middleware/AddQueuedCookiesToResponse.php(36): Illuminate\Pipeline\Pipeline->Illuminate\Pipeline\{closure}(Object(Illuminate\Http\Request))
#7 /home1/kmalith2/eonepisode/vendor/laravel/framework/src/Illuminate/Pipeline/Pipeline.php(125): Illuminate\Cookie\Middleware\AddQueuedCookiesToResponse->handle(Object(Illuminate\Http\Request), Object(Closure))
#8 /home1/kmalith2/eonepisode/vendor/laravel/framework/src/Illuminate/Cookie/Middleware/EncryptCookies.php(40): Illuminate\Pipeline\Pipeline->Illuminate\Pipeline\{closure}(Object(Illuminate\Http\Request))
#9 /home1/kmalith2/eonepisode/vendor/laravel/framework/src/Illuminate/Pipeline/Pipeline.php(125): Illuminate\Cookie\Middleware\EncryptCookies->handle(Object(Illuminate\Http\Request), Object(Closure))
#10 /home1/kmalith2/eonepisode/app/Http/Middleware/CheckForMaintenanceMode.php(26): Illuminate\Pipeline\Pipeline->Illuminate\Pipeline\{closure}(Object(Illuminate\Http\Request))
#11 /home1/kmalith2/eonepisode/vendor/laravel/framework/src/Illuminate/Pipeline/Pipeline.php(125): App\Http\Middleware\CheckForMaintenanceMode->handle(Object(Illuminate\Http\Request), Object(Closure))
#12 [internal function]: Illuminate\Pipeline\Pipeline->Illuminate\Pipeline\{closure}(Object(Illuminate\Http\Request))
#13 /home1/kmalith2/eonepisode/vendor/laravel/framework/src/Illuminate/Pipeline/Pipeline.php(100): call_user_func(Object(Closure), Object(Illuminate\Http\Request))
#14 /home1/kmalith2/eonepisode/vendor/laravel/framework/src/Illuminate/Foundation/Http/Kernel.php(111): Illuminate\Pipeline\Pipeline->then(Object(Closure))
#15 /home1/kmalith2/eonepisode/vendor/laravel/framework/src/Illuminate/Foundation/Http/Kernel.php(84): Illuminate\Foundation\Http\Kernel->sendRequestThroughRouter(Object(Illuminate\Http\Request))
#16 /home1/kmalith2/public_html/index.php(53): Illuminate\Foundation\Http\Kernel->handle(Object(Illuminate\Http\Request))
#17 {main}  
[2026-09-07 03:12:45] local.ERROR: Illuminate\Session\TokenMismatchException in /home1/kmalith2/eonepisode/vendor/laravel/framework/src/Illuminate/Foundation/Http/Middleware/VerifyCsrfToken.php:46
Stack trace:
#0 /home1/kmalith2/eonepisode/app/Http/Middleware/VerifyCsrfToken.php(17): Illuminate\Foundation\Http\Middleware\VerifyCsrfToken->handle(Object(Illuminate\Http\Request), Object(Closure))
#1 /home1/kmalith2/eonepisode/vendor/laravel/framework/src/Illuminate/Pipeline/Pipeline.php(125): App\Http\Middleware\VerifyCsrfToken->handle(Object(Illuminate\Http\Request), Object(Closure))
#2 /home1/kmalith2/eonepisode/vendor/laravel/framework/src/Illuminate/View/Middleware/ShareErrorsFromSession.php(55): Illuminate\Pipeline\Pipeline->Illuminate\Pipeline\{closure}(Object(Illuminate\Http\Request))
#3 /home1/kmalith2/eonepisode/vendor/laravel/framework/src/Illuminate/Pipeline/Pipeline.php(125): Illuminate\View\Middleware\ShareErrorsFromSession->handle(Object(Illuminate\Http\Request), Object(Closure))
#4 /home1/kmalith2/eonepisode/vendor/laravel/framework/src/Illuminate/Session/Middleware/StartSession.php(61): Illuminate\Pipeline\Pipeline->Illuminate\Pipeline\{closure}(Object(Illuminate\Http\Request))
#5 /home1/kmalith2/eonepisode/vendor/laravel/framework/src/Illuminate/Pipeline/Pipeline.php(125): Illuminate\Session\Middleware\StartSession->handle(Object(Illuminate\Http\Request), Object(Closure))
#6 /home1/kmalith2/eonepisode/vendor/laravel/framework/src/Illuminate/Cookie/Middleware/AddQueuedCookiesToResponse.php(36): Illuminate\Pipeline\Pipeline->Illuminate\Pipeline\{closure}(Object(Illuminate\Http\Request))
#7 /home1/kmalith2/eonepisode/vendor/laravel/framework/src/Illuminate/Pipeline/Pipeline.php(125): Illuminate\Cookie\Middleware\AddQueuedCookiesToResponse->handle(Object(Illuminate\Http\Request), Object(Closure))
#8 /home1/kmalith2/eonepisode/vendor/laravel/framework/src/Illuminate/Cookie/Middleware/EncryptCookies.php(40): Illuminate\Pipeline\Pipeline->Illuminate\Pipeline\{closure}(Object(Illuminate\Http\Request))
#9 /home1/kmalith2/eonepisode/vendor/laravel/framework/src/Illuminate/Pipeline/Pipeline.php(125): Illuminate\Cookie\Middleware\EncryptCookies->handle(Object(Illuminate\Http\Request), Object(Closure))
#10 /home1/kmalith2/eonepisode/app/Http/Middleware/CheckForMaintenanceMode.php(26): Illuminate\Pipeline\Pipeline->Illuminate\Pipeline\{closure}(Object(Illuminate\Http\Request))
#11 /home1/kmalith2/eonepisode/vendor/laravel/framework/src/Illuminate/Pipeline/Pipeline.php(125): App\Http\Middleware\CheckForMaintenanceMode->handle(Object(Illuminate\Http\Request), Object(Closure))
#12 [internal function]: Illuminate\Pipeline\Pipeline->Illuminate\Pipeline\{closure}(Object(Illuminate\Http\Request))
#13 /home1/kmalith2/eonepisode/vendor/laravel/framework/src/Illuminate/Pipeline/Pipeline.php(100): call_user_func(Object(Closure), Object(Illuminate\Http\Request))
#14 /home1/kmalith2/eonepisode/vendor/laravel/framework/src/Illuminate/Foundation/Http/Kernel.php(111): Illuminate\Pipeline\Pipeline->then(Object(Closure))
#15 /home1/kmalith2/eonepisode/vendor/laravel/framework/src/Illuminate/Foundation/Http/Kernel.php(84): Illuminate\Foundation\Http\Kernel->sendRequestThroughRouter(Object(Illuminate\Http\Request))
#16 /home1/kmalith2/public_html/index.php(53): Illuminate\Foundation\Http\Kernel->handle(Object(Illuminate\Http\Request))
#17 {main}  
[2026-09-07 03:12:46] local.ERROR: Illuminate\Session\TokenMismatchException in /home1/kmalith2/eonepisode/vendor/laravel/framework/src/Illuminate/Foundation/Http/Middleware/VerifyCsrfToken.php:46
Stack trace:
#0 /home1/kmalith2/eonepisode/app/Http/Middleware/VerifyCsrfToken.php(17): Illuminate\Foundation\Http\Middleware\VerifyCsrfToken->handle(Object(Illuminate\Http\Request), Object(Closure))
#1 /home1/kmalith2/eonepisode/vendor/laravel/framework/src/Illuminate/Pipeline/Pipeline.php(125): App\Http\Middleware\VerifyCsrfToken->handle(Object(Illuminate\Http\Request), Object(Closure))
#2 /home1/kmalith2/eonepisode/vendor/laravel/framework/src/Illuminate/View/Middleware/ShareErrorsFromSession.php(55): Illuminate\Pipeline\Pipeline->Illuminate\Pipeline\{closure}(Object(Illuminate\Http\Request))
#3 /home1/kmalith2/eonepisode/vendor/laravel/framework/src/Illuminate/Pipeline/Pipeline.php(125): Illuminate\View\Middleware\ShareErrorsFromSession->handle(Object(Illuminate\Http\Request), Object(Closure))
#4 /home1/kmalith2/eonepisode/vendor/laravel/framework/src/Illuminate/Session/Middleware/StartSession.php(61): Illuminate\Pipeline\Pipeline->Illuminate\Pipeline\{closure}(Object(Illuminate\Http\Request))
#5 /home1/kmalith2/eonepisode/vendor/laravel/framework/src/Illuminate/Pipeline/Pipeline.php(125): Illuminate\Session\Middleware\StartSession->handle(Object(Illuminate\Http\Request), Object(Closure))
#6 /home1/kmalith2/eonepisode/vendor/laravel/framework/src/Illuminate/Cookie/Middleware/AddQueuedCookiesToResponse.php(36): Illuminate\Pipeline\Pipeline->Illuminate\Pipeline\{closure}(Object(Illuminate\Http\Request))
#7 /home1/kmalith2/eonepisode/vendor/laravel/framework/src/Illuminate/Pipeline/Pipeline.php(125): Illuminate\Cookie\Middleware\AddQueuedCookiesToResponse->handle(Object(Illuminate\Http\Request), Object(Closure))
#8 /home1/kmalith2/eonepisode/vendor/laravel/framework/src/Illuminate/Cookie/Middleware/EncryptCookies.php(40): Illuminate\Pipeline\Pipeline->Illuminate\Pipeline\{closure}(Object(Illuminate\Http\Request))
#9 /home1/kmalith2/eonepisode/vendor/laravel/framework/src/Illuminate/Pipeline/Pipeline.php(125): Illuminate\Cookie\Middleware\EncryptCookies->handle(Object(Illuminate\Http\Request), Object(Closure))
#10 /home1/kmalith2/eonepisode/app/Http/Middleware/CheckForMaintenanceMode.php(26): Illuminate\Pipeline\Pipeline->Illuminate\Pipeline\{closure}(Object(Illuminate\Http\Request))
#11 /home1/kmalith2/eonepisode/vendor/laravel/framework/src/Illuminate/Pipeline/Pipeline.php(125): App\Http\Middleware\CheckForMaintenanceMode->handle(Object(Illuminate\Http\Request), Object(Closure))
#12 [internal function]: Illuminate\Pipeline\Pipeline->Illuminate\Pipeline\{closure}(Object(Illuminate\Http\Request))
#13 /home1/kmalith2/eonepisode/vendor/laravel/framework/src/Illuminate/Pipeline/Pipeline.php(100): call_user_func(Object(Closure), Object(Illuminate\Http\Request))
#14 /home1/kmalith2/eonepisode/vendor/laravel/framework/src/Illuminate/Foundation/Http/Kernel.php(111): Illuminate\Pipeline\Pipeline->then(Object(Closure))
#15 /home1/kmalith2/eonepisode/vendor/laravel/framework/src/Illuminate/Foundation/Http/Kernel.php(84): Illuminate\Foundation\Http\Kernel->sendRequestThroughRouter(Object(Illuminate\Http\Request))
#16 /home1/kmalith2/public_html/index.php(53): Illuminate\Foundation\Http\Kernel->handle(Object(Illuminate\Http\Request))
#17 {main}  
[2026-09-07 03:12:47] local.ERROR: Illuminate\Session\TokenMismatchException in /home1/kmalith2/eonepisode/vendor/laravel/framework/src/Illuminate/Foundation/Http/Middleware/VerifyCsrfToken.php:46
Stack trace:
#0 /home1/kmalith2/eonepisode/app/Http/Middleware/VerifyCsrfToken.php(17): Illuminate\Foundation\Http\Middleware\VerifyCsrfToken->handle(Object(Illuminate\Http\Request), Object(Closure))
#1 /home1/kmalith2/eonepisode/vendor/laravel/framework/src/Illuminate/Pipeline/Pipeline.php(125): App\Http\Middleware\VerifyCsrfToken->handle(Object(Illuminate\Http\Request), Object(Closure))
#2 /home1/kmalith2/eonepisode/vendor/laravel/framework/src/Illuminate/View/Middleware/ShareErrorsFromSession.php(55): Illuminate\Pipeline\Pipeline->Illuminate\Pipeline\{closure}(Object(Illuminate\Http\Request))
#3 /home1/kmalith2/eonepisode/vendor/laravel/framework/src/Illuminate/Pipeline/Pipeline.php(125): Illuminate\View\Middleware\ShareErrorsFromSession->handle(Object(Illuminate\Http\Request), Object(Closure))
#4 /home1/kmalith2/eonepisode/vendor/laravel/framework/src/Illuminate/Session/Middleware/StartSession.php(61): Illuminate\Pipeline\Pipeline->Illuminate\Pipeline\{closure}(Object(Illuminate\Http\Request))
#5 /home1/kmalith2/eonepisode/vendor/laravel/framework/src/Illuminate/Pipeline/Pipeline.php(125): Illuminate\Session\Middleware\StartSession->handle(Object(Illuminate\Http\Request), Object(Closure))
#6 /home1/kmalith2/eonepisode/vendor/laravel/framework/src/Illuminate/Cookie/Middleware/AddQueuedCookiesToResponse.php(36): Illuminate\Pipeline\Pipeline->Illuminate\Pipeline\{closure}(Object(Illuminate\Http\Request))
#7 /home1/kmalith2/eonepisode/vendor/laravel/framework/src/Illuminate/Pipeline/Pipeline.php(125): Illuminate\Cookie\Middleware\AddQueuedCookiesToResponse->handle(Object(Illuminate\Http\Request), Object(Closure))
#8 /home1/kmalith2/eonepisode/vendor/laravel/framework/src/Illuminate/Cookie/Middleware/EncryptCookies.php(40): Illuminate\Pipeline\Pipeline->Illuminate\Pipeline\{closure}(Object(Illuminate\Http\Request))
#9 /home1/kmalith2/eonepisode/vendor/laravel/framework/src/Illuminate/Pipeline/Pipeline.php(125): Illuminate\Cookie\Middleware\EncryptCookies->handle(Object(Illuminate\Http\Request), Object(Closure))
#10 /home1/kmalith2/eonepisode/app/Http/Middleware/CheckForMaintenanceMode.php(26): Illuminate\Pipeline\Pipeline->Illuminate\Pipeline\{closure}(Object(Illuminate\Http\Request))
#11 /home1/kmalith2/eonepisode/vendor/laravel/framework/src/Illuminate/Pipeline/Pipeline.php(125): App\Http\Middleware\CheckForMaintenanceMode->handle(Object(Illuminate\Http\Request), Object(Closure))
#12 [internal function]: Illuminate\Pipeline\Pipeline->Illuminate\Pipeline\{closure}(Object(Illuminate\Http\Request))
#13 /home1/kmalith2/eonepisode/vendor/laravel/framework/src/Illuminate/Pipeline/Pipeline.php(100): call_user_func(Object(Closure), Object(Illuminate\Http\Request))
#14 /home1/kmalith2/eonepisode/vendor/laravel/framework/src/Illuminate/Foundation/Http/Kernel.php(111): Illuminate\Pipeline\Pipeline->then(Object(Closure))
#15 /home1/kmalith2/eonepisode/vendor/laravel/framework/src/Illuminate/Foundation/Http/Kernel.php(84): Illuminate\Foundation\Http\Kernel->sendRequestThroughRouter(Object(Illuminate\Http\Request))
#16 /home1/kmalith2/public_html/index.php(53): Illuminate\Foundation\Http\Kernel->handle(Object(Illuminate\Http\Request))
#17 {main}  
[2026-09-07 03:12:47] local.ERROR: Illuminate\Session\TokenMismatchException in /home1/kmalith2/eonepisode/vendor/laravel/framework/src/Illuminate/Foundation/Http/Middleware/VerifyCsrfToken.php:46
Stack trace:
#0 /home1/kmalith2/eonepisode/app/Http/Middleware/VerifyCsrfToken.php(17): Illuminate\Foundation\Http\Middleware\VerifyCsrfToken->handle(Object(Illuminate\Http\Request), Object(Closure))
#1 /home1/kmalith2/eonepisode/vendor/laravel/framework/src/Illuminate/Pipeline/Pipeline.php(125): App\Http\Middleware\VerifyCsrfToken->handle(Object(Illuminate\Http\Request), Object(Closure))
#2 /home1/kmalith2/eonepisode/vendor/laravel/framework/src/Illuminate/View/Middleware/ShareErrorsFromSession.php(55): Illuminate\Pipeline\Pipeline->Illuminate\Pipeline\{closure}(Object(Illuminate\Http\Request))
#3 /home1/kmalith2/eonepisode/vendor/laravel/framework/src/Illuminate/Pipeline/Pipeline.php(125): Illuminate\View\Middleware\ShareErrorsFromSession->handle(Object(Illuminate\Http\Request), Object(Closure))
#4 /home1/kmalith2/eonepisode/vendor/laravel/framework/src/Illuminate/Session/Middleware/StartSession.php(61): Illuminate\Pipeline\Pipeline->Illuminate\Pipeline\{closure}(Object(Illuminate\Http\Request))
#5 /home1/kmalith2/eonepisode/vendor/laravel/framework/src/Illuminate/Pipeline/Pipeline.php(125): Illuminate\Session\Middleware\StartSession->handle(Object(Illuminate\Http\Request), Object(Closure))
#6 /home1/kmalith2/eonepisode/vendor/laravel/framework/src/Illuminate/Cookie/Middleware/AddQueuedCookiesToResponse.php(36): Illuminate\Pipeline\Pipeline->Illuminate\Pipeline\{closure}(Object(Illuminate\Http\Request))
#7 /home1/kmalith2/eonepisode/vendor/laravel/framework/src/Illuminate/Pipeline/Pipeline.php(125): Illuminate\Cookie\Middleware\AddQueuedCookiesToResponse->handle(Object(Illuminate\Http\Request), Object(Closure))
#8 /home1/kmalith2/eonepisode/vendor/laravel/framework/src/Illuminate/Cookie/Middleware/EncryptCookies.php(40): Illuminate\Pipeline\Pipeline->Illuminate\Pipeline\{closure}(Object(Illuminate\Http\Request))
#9 /home1/kmalith2/eonepisode/vendor/laravel/framework/src/Illuminate/Pipeline/Pipeline.php(125): Illuminate\Cookie\Middleware\EncryptCookies->handle(Object(Illuminate\Http\Request), Object(Closure))
#10 /home1/kmalith2/eonepisode/app/Http/Middleware/CheckForMaintenanceMode.php(26): Illuminate\Pipeline\Pipeline->Illuminate\Pipeline\{closure}(Object(Illuminate\Http\Request))
#11 /home1/kmalith2/eonepisode/vendor/laravel/framework/src/Illuminate/Pipeline/Pipeline.php(125): App\Http\Middleware\CheckForMaintenanceMode->handle(Object(Illuminate\Http\Request), Object(Closure))
#12 [internal function]: Illuminate\Pipeline\Pipeline->Illuminate\Pipeline\{closure}(Object(Illuminate\Http\Request))
#13 /home1/kmalith2/eonepisode/vendor/laravel/framework/src/Illuminate/Pipeline/Pipeline.php(100): call_user_func(Object(Closure), Object(Illuminate\Http\Request))
#14 /home1/kmalith2/eonepisode/vendor/laravel/framework/src/Illuminate/Foundation/Http/Kernel.php(111): Illuminate\Pipeline\Pipeline->then(Object(Closure))
#15 /home1/kmalith2/eonepisode/vendor/laravel/framework/src/Illuminate/Foundation/Http/Kernel.php(84): Illuminate\Foundation\Http\Kernel->sendRequestThroughRouter(Object(Illuminate\Http\Request))
#16 /home1/kmalith2/public_html/index.php(53): Illuminate\Foundation\Http\Kernel->handle(Object(Illuminate\Http\Request))
#17 {main}  
[2026-09-07 03:12:51] local.ERROR: Illuminate\Session\TokenMismatchException in /home1/kmalith2/eonepisode/vendor/laravel/framework/src/Illuminate/Foundation/Http/Middleware/VerifyCsrfToken.php:46
Stack trace:
#0 /home1/kmalith2/eonepisode/app/Http/Middleware/VerifyCsrfToken.php(17): Illuminate\Foundation\Http\Middleware\VerifyCsrfToken->handle(Object(Illuminate\Http\Request), Object(Closure))
#1 /home1/kmalith2/eonepisode/vendor/laravel/framework/src/Illuminate/Pipeline/Pipeline.php(125): App\Http\Middleware\VerifyCsrfToken->handle(Object(Illuminate\Http\Request), Object(Closure))
#2 /home1/kmalith2/eonepisode/vendor/laravel/framework/src/Illuminate/View/Middleware/ShareErrorsFromSession.php(55): Illuminate\Pipeline\Pipeline->Illuminate\Pipeline\{closure}(Object(Illuminate\Http\Request))
#3 /home1/kmalith2/eonepisode/vendor/laravel/framework/src/Illuminate/Pipeline/Pipeline.php(125): Illuminate\View\Middleware\ShareErrorsFromSession->handle(Object(Illuminate\Http\Request), Object(Closure))
#4 /home1/kmalith2/eonepisode/vendor/laravel/framework/src/Illuminate/Session/Middleware/StartSession.php(61): Illuminate\Pipeline\Pipeline->Illuminate\Pipeline\{closure}(Object(Illuminate\Http\Request))
#5 /home1/kmalith2/eonepisode/vendor/laravel/framework/src/Illuminate/Pipeline/Pipeline.php(125): Illuminate\Session\Middleware\StartSession->handle(Object(Illuminate\Http\Request), Object(Closure))
#6 /home1/kmalith2/eonepisode/vendor/laravel/framework/src/Illuminate/Cookie/Middleware/AddQueuedCookiesToResponse.php(36): Illuminate\Pipeline\Pipeline->Illuminate\Pipeline\{closure}(Object(Illuminate\Http\Request))
#7 /home1/kmalith2/eonepisode/vendor/laravel/framework/src/Illuminate/Pipeline/Pipeline.php(125): Illuminate\Cookie\Middleware\AddQueuedCookiesToResponse->handle(Object(Illuminate\Http\Request), Object(Closure))
#8 /home1/kmalith2/eonepisode/vendor/laravel/framework/src/Illuminate/Cookie/Middleware/EncryptCookies.php(40): Illuminate\Pipeline\Pipeline->Illuminate\Pipeline\{closure}(Object(Illuminate\Http\Request))
#9 /home1/kmalith2/eonepisode/vendor/laravel/framework/src/Illuminate/Pipeline/Pipeline.php(125): Illuminate\Cookie\Middleware\EncryptCookies->handle(Object(Illuminate\Http\Request), Object(Closure))
#10 /home1/kmalith2/eonepisode/app/Http/Middleware/CheckForMaintenanceMode.php(26): Illuminate\Pipeline\Pipeline->Illuminate\Pipeline\{closure}(Object(Illuminate\Http\Request))
#11 /home1/kmalith2/eonepisode/vendor/laravel/framework/src/Illuminate/Pipeline/Pipeline.php(125): App\Http\Middleware\CheckForMaintenanceMode->handle(Object(Illuminate\Http\Request), Object(Closure))
#12 [internal function]: Illuminate\Pipeline\Pipeline->Illuminate\Pipeline\{closure}(Object(Illuminate\Http\Request))
#13 /home1/kmalith2/eonepisode/vendor/laravel/framework/src/Illuminate/Pipeline/Pipeline.php(100): call_user_func(Object(Closure), Object(Illuminate\Http\Request))
#14 /home1/kmalith2/eonepisode/vendor/laravel/framework/src/Illuminate/Foundation/Http/Kernel.php(111): Illuminate\Pipeline\Pipeline->then(Object(Closure))
#15 /home1/kmalith2/eonepisode/vendor/laravel/framework/src/Illuminate/Foundation/Http/Kernel.php(84): Illuminate\Foundation\Http\Kernel->sendRequestThroughRouter(Object(Illuminate\Http\Request))
#16 /home1/kmalith2/public_html/index.php(53): Illuminate\Foundation\Http\Kernel->handle(Object(Illuminate\Http\Request))
#17 {main}  
[2026-09-07 03:12:52] local.ERROR: Illuminate\Session\TokenMismatchException in /home1/kmalith2/eonepisode/vendor/laravel/framework/src/Illuminate/Foundation/Http/Middleware/VerifyCsrfToken.php:46
Stack trace:
#0 /home1/kmalith2/eonepisode/app/Http/Middleware/VerifyCsrfToken.php(17): Illuminate\Foundation\Http\Middleware\VerifyCsrfToken->handle(Object(Illuminate\Http\Request), Object(Closure))
#1 /home1/kmalith2/eonepisode/vendor/laravel/framework/src/Illuminate/Pipeline/Pipeline.php(125): App\Http\Middleware\VerifyCsrfToken->handle(Object(Illuminate\Http\Request), Object(Closure))
#2 /home1/kmalith2/eonepisode/vendor/laravel/framework/src/Illuminate/View/Middleware/ShareErrorsFromSession.php(55): Illuminate\Pipeline\Pipeline->Illuminate\Pipeline\{closure}(Object(Illuminate\Http\Request))
#3 /home1/kmalith2/eonepisode/vendor/laravel/framework/src/Illuminate/Pipeline/Pipeline.php(125): Illuminate\View\Middleware\ShareErrorsFromSession->handle(Object(Illuminate\Http\Request), Object(Closure))
#4 /home1/kmalith2/eonepisode/vendor/laravel/framework/src/Illuminate/Session/Middleware/StartSession.php(61): Illuminate\Pipeline\Pipeline->Illuminate\Pipeline\{closure}(Object(Illuminate\Http\Request))
#5 /home1/kmalith2/eonepisode/vendor/laravel/framework/src/Illuminate/Pipeline/Pipeline.php(125): Illuminate\Session\Middleware\StartSession->handle(Object(Illuminate\Http\Request), Object(Closure))
#6 /home1/kmalith2/eonepisode/vendor/laravel/framework/src/Illuminate/Cookie/Middleware/AddQueuedCookiesToResponse.php(36): Illuminate\Pipeline\Pipeline->Illuminate\Pipeline\{closure}(Object(Illuminate\Http\Request))
#7 /home1/kmalith2/eonepisode/vendor/laravel/framework/src/Illuminate/Pipeline/Pipeline.php(125): Illuminate\Cookie\Middleware\AddQueuedCookiesToResponse->handle(Object(Illuminate\Http\Request), Object(Closure))
#8 /home1/kmalith2/eonepisode/vendor/laravel/framework/src/Illuminate/Cookie/Middleware/EncryptCookies.php(40): Illuminate\Pipeline\Pipeline->Illuminate\Pipeline\{closure}(Object(Illuminate\Http\Request))
#9 /home1/kmalith2/eonepisode/vendor/laravel/framework/src/Illuminate/Pipeline/Pipeline.php(125): Illuminate\Cookie\Middleware\EncryptCookies->handle(Object(Illuminate\Http\Request), Object(Closure))
#10 /home1/kmalith2/eonepisode/app/Http/Middleware/CheckForMaintenanceMode.php(26): Illuminate\Pipeline\Pipeline->Illuminate\Pipeline\{closure}(Object(Illuminate\Http\Request))
#11 /home1/kmalith2/eonepisode/vendor/laravel/framework/src/Illuminate/Pipeline/Pipeline.php(125): App\Http\Middleware\CheckForMaintenanceMode->handle(Object(Illuminate\Http\Request), Object(Closure))
#12 [internal function]: Illuminate\Pipeline\Pipeline->Illuminate\Pipeline\{closure}(Object(Illuminate\Http\Request))
#13 /home1/kmalith2/eonepisode/vendor/laravel/framework/src/Illuminate/Pipeline/Pipeline.php(100): call_user_func(Object(Closure), Object(Illuminate\Http\Request))
#14 /home1/kmalith2/eonepisode/vendor/laravel/framework/src/Illuminate/Foundation/Http/Kernel.php(111): Illuminate\Pipeline\Pipeline->then(Object(Closure))
#15 /home1/kmalith2/eonepisode/vendor/laravel/framework/src/Illuminate/Foundation/Http/Kernel.php(84): Illuminate\Foundation\Http\Kernel->sendRequestThroughRouter(Object(Illuminate\Http\Request))
#16 /home1/kmalith2/public_html/index.php(53): Illuminate\Foundation\Http\Kernel->handle(Object(Illuminate\Http\Request))
#17 {main}  
[2026-09-07 03:12:52] local.ERROR: Illuminate\Session\TokenMismatchException in /home1/kmalith2/eonepisode/vendor/laravel/framework/src/Illuminate/Foundation/Http/Middleware/VerifyCsrfToken.php:46
Stack trace:
#0 /home1/kmalith2/eonepisode/app/Http/Middleware/VerifyCsrfToken.php(17): Illuminate\Foundation\Http\Middleware\VerifyCsrfToken->handle(Object(Illuminate\Http\Request), Object(Closure))
#1 /home1/kmalith2/eonepisode/vendor/laravel/framework/src/Illuminate/Pipeline/Pipeline.php(125): App\Http\Middleware\VerifyCsrfToken->handle(Object(Illuminate\Http\Request), Object(Closure))
#2 /home1/kmalith2/eonepisode/vendor/laravel/framework/src/Illuminate/View/Middleware/ShareErrorsFromSession.php(55): Illuminate\Pipeline\Pipeline->Illuminate\Pipeline\{closure}(Object(Illuminate\Http\Request))
#3 /home1/kmalith2/eonepisode/vendor/laravel/framework/src/Illuminate/Pipeline/Pipeline.php(125): Illuminate\View\Middleware\ShareErrorsFromSession->handle(Object(Illuminate\Http\Request), Object(Closure))
#4 /home1/kmalith2/eonepisode/vendor/laravel/framework/src/Illuminate/Session/Middleware/StartSession.php(61): Illuminate\Pipeline\Pipeline->Illuminate\Pipeline\{closure}(Object(Illuminate\Http\Request))
#5 /home1/kmalith2/eonepisode/vendor/laravel/framework/src/Illuminate/Pipeline/Pipeline.php(125): Illuminate\Session\Middleware\StartSession->handle(Object(Illuminate\Http\Request), Object(Closure))
#6 /home1/kmalith2/eonepisode/vendor/laravel/framework/src/Illuminate/Cookie/Middleware/AddQueuedCookiesToResponse.php(36): Illuminate\Pipeline\Pipeline->Illuminate\Pipeline\{closure}(Object(Illuminate\Http\Request))
#7 /home1/kmalith2/eonepisode/vendor/laravel/framework/src/Illuminate/Pipeline/Pipeline.php(125): Illuminate\Cookie\Middleware\AddQueuedCookiesToResponse->handle(Object(Illuminate\Http\Request), Object(Closure))
#8 /home1/kmalith2/eonepisode/vendor/laravel/framework/src/Illuminate/Cookie/Middleware/EncryptCookies.php(40): Illuminate\Pipeline\Pipeline->Illuminate\Pipeline\{closure}(Object(Illuminate\Http\Request))
#9 /home1/kmalith2/eonepisode/vendor/laravel/framework/src/Illuminate/Pipeline/Pipeline.php(125): Illuminate\Cookie\Middleware\EncryptCookies->handle(Object(Illuminate\Http\Request), Object(Closure))
#10 /home1/kmalith2/eonepisode/app/Http/Middleware/CheckForMaintenanceMode.php(26): Illuminate\Pipeline\Pipeline->Illuminate\Pipeline\{closure}(Object(Illuminate\Http\Request))
#11 /home1/kmalith2/eonepisode/vendor/laravel/framework/src/Illuminate/Pipeline/Pipeline.php(125): App\Http\Middleware\CheckForMaintenanceMode->handle(Object(Illuminate\Http\Request), Object(Closure))
#12 [internal function]: Illuminate\Pipeline\Pipeline->Illuminate\Pipeline\{closure}(Object(Illuminate\Http\Request))
#13 /home1/kmalith2/eonepisode/vendor/laravel/framework/src/Illuminate/Pipeline/Pipeline.php(100): call_user_func(Object(Closure), Object(Illuminate\Http\Request))
#14 /home1/kmalith2/eonepisode/vendor/laravel/framework/src/Illuminate/Foundation/Http/Kernel.php(111): Illuminate\Pipeline\Pipeline->then(Object(Closure))
#15 /home1/kmalith2/eonepisode/vendor/laravel/framework/src/Illuminate/Foundation/Http/Kernel.php(84): Illuminate\Foundation\Http\Kernel->sendRequestThroughRouter(Object(Illuminate\Http\Request))
#16 /home1/kmalith2/public_html/index.php(53): Illuminate\Foundation\Http\Kernel->handle(Object(Illuminate\Http\Request))
#17 {main}  
[2026-09-07 03:12:53] local.ERROR: Illuminate\Session\TokenMismatchException in /home1/kmalith2/eonepisode/vendor/laravel/framework/src/Illuminate/Foundation/Http/Middleware/VerifyCsrfToken.php:46
Stack trace:
#0 /home1/kmalith2/eonepisode/app/Http/Middleware/VerifyCsrfToken.php(17): Illuminate\Foundation\Http\Middleware\VerifyCsrfToken->handle(Object(Illuminate\Http\Request), Object(Closure))
#1 /home1/kmalith2/eonepisode/vendor/laravel/framework/src/Illuminate/Pipeline/Pipeline.php(125): App\Http\Middleware\VerifyCsrfToken->handle(Object(Illuminate\Http\Request), Object(Closure))
#2 /home1/kmalith2/eonepisode/vendor/laravel/framework/src/Illuminate/View/Middleware/ShareErrorsFromSession.php(55): Illuminate\Pipeline\Pipeline->Illuminate\Pipeline\{closure}(Object(Illuminate\Http\Request))
#3 /home1/kmalith2/eonepisode/vendor/laravel/framework/src/Illuminate/Pipeline/Pipeline.php(125): Illuminate\View\Middleware\ShareErrorsFromSession->handle(Object(Illuminate\Http\Request), Object(Closure))
#4 /home1/kmalith2/eonepisode/vendor/laravel/framework/src/Illuminate/Session/Middleware/StartSession.php(61): Illuminate\Pipeline\Pipeline->Illuminate\Pipeline\{closure}(Object(Illuminate\Http\Request))
#5 /home1/kmalith2/eonepisode/vendor/laravel/framework/src/Illuminate/Pipeline/Pipeline.php(125): Illuminate\Session\Middleware\StartSession->handle(Object(Illuminate\Http\Request), Object(Closure))
#6 /home1/kmalith2/eonepisode/vendor/laravel/framework/src/Illuminate/Cookie/Middleware/AddQueuedCookiesToResponse.php(36): Illuminate\Pipeline\Pipeline->Illuminate\Pipeline\{closure}(Object(Illuminate\Http\Request))
#7 /home1/kmalith2/eonepisode/vendor/laravel/framework/src/Illuminate/Pipeline/Pipeline.php(125): Illuminate\Cookie\Middleware\AddQueuedCookiesToResponse->handle(Object(Illuminate\Http\Request), Object(Closure))
#8 /home1/kmalith2/eonepisode/vendor/laravel/framework/src/Illuminate/Cookie/Middleware/EncryptCookies.php(40): Illuminate\Pipeline\Pipeline->Illuminate\Pipeline\{closure}(Object(Illuminate\Http\Request))
#9 /home1/kmalith2/eonepisode/vendor/laravel/framework/src/Illuminate/Pipeline/Pipeline.php(125): Illuminate\Cookie\Middleware\EncryptCookies->handle(Object(Illuminate\Http\Request), Object(Closure))
#10 /home1/kmalith2/eonepisode/app/Http/Middleware/CheckForMaintenanceMode.php(26): Illuminate\Pipeline\Pipeline->Illuminate\Pipeline\{closure}(Object(Illuminate\Http\Request))
#11 /home1/kmalith2/eonepisode/vendor/laravel/framework/src/Illuminate/Pipeline/Pipeline.php(125): App\Http\Middleware\CheckForMaintenanceMode->handle(Object(Illuminate\Http\Request), Object(Closure))
#12 [internal function]: Illuminate\Pipeline\Pipeline->Illuminate\Pipeline\{closure}(Object(Illuminate\Http\Request))
#13 /home1/kmalith2/eonepisode/vendor/laravel/framework/src/Illuminate/Pipeline/Pipeline.php(100): call_user_func(Object(Closure), Object(Illuminate\Http\Request))
#14 /home1/kmalith2/eonepisode/vendor/laravel/framework/src/Illuminate/Foundation/Http/Kernel.php(111): Illuminate\Pipeline\Pipeline->then(Object(Closure))
#15 /home1/kmalith2/eonepisode/vendor/laravel/framework/src/Illuminate/Foundation/Http/Kernel.php(84): Illuminate\Foundation\Http\Kernel->sendRequestThroughRouter(Object(Illuminate\Http\Request))
#16 /home1/kmalith2/public_html/index.php(53): Illuminate\Foundation\Http\Kernel->handle(Object(Illuminate\Http\Request))
#17 {main}  
[2026-09-07 03:12:54] local.ERROR: Illuminate\Session\TokenMismatchException in /home1/kmalith2/eonepisode/vendor/laravel/framework/src/Illuminate/Foundation/Http/Middleware/VerifyCsrfToken.php:46
Stack trace:
#0 /home1/kmalith2/eonepisode/app/Http/Middleware/VerifyCsrfToken.php(17): Illuminate\Foundation\Http\Middleware\VerifyCsrfToken->handle(Object(Illuminate\Http\Request), Object(Closure))
#1 /home1/kmalith2/eonepisode/vendor/laravel/framework/src/Illuminate/Pipeline/Pipeline.php(125): App\Http\Middleware\VerifyCsrfToken->handle(Object(Illuminate\Http\Request), Object(Closure))
#2 /home1/kmalith2/eonepisode/vendor/laravel/framework/src/Illuminate/View/Middleware/ShareErrorsFromSession.php(55): Illuminate\Pipeline\Pipeline->Illuminate\Pipeline\{closure}(Object(Illuminate\Http\Request))
#3 /home1/kmalith2/eonepisode/vendor/laravel/framework/src/Illuminate/Pipeline/Pipeline.php(125): Illuminate\View\Middleware\ShareErrorsFromSession->handle(Object(Illuminate\Http\Request), Object(Closure))
#4 /home1/kmalith2/eonepisode/vendor/laravel/framework/src/Illuminate/Session/Middleware/StartSession.php(61): Illuminate\Pipeline\Pipeline->Illuminate\Pipeline\{closure}(Object(Illuminate\Http\Request))
#5 /home1/kmalith2/eonepisode/vendor/laravel/framework/src/Illuminate/Pipeline/Pipeline.php(125): Illuminate\Session\Middleware\StartSession->handle(Object(Illuminate\Http\Request), Object(Closure))
#6 /home1/kmalith2/eonepisode/vendor/laravel/framework/src/Illuminate/Cookie/Middleware/AddQueuedCookiesToResponse.php(36): Illuminate\Pipeline\Pipeline->Illuminate\Pipeline\{closure}(Object(Illuminate\Http\Request))
#7 /home1/kmalith2/eonepisode/vendor/laravel/framework/src/Illuminate/Pipeline/Pipeline.php(125): Illuminate\Cookie\Middleware\AddQueuedCookiesToResponse->handle(Object(Illuminate\Http\Request), Object(Closure))
#8 /home1/kmalith2/eonepisode/vendor/laravel/framework/src/Illuminate/Cookie/Middleware/EncryptCookies.php(40): Illuminate\Pipeline\Pipeline->Illuminate\Pipeline\{closure}(Object(Illuminate\Http\Request))
#9 /home1/kmalith2/eonepisode/vendor/laravel/framework/src/Illuminate/Pipeline/Pipeline.php(125): Illuminate\Cookie\Middleware\EncryptCookies->handle(Object(Illuminate\Http\Request), Object(Closure))
#10 /home1/kmalith2/eonepisode/app/Http/Middleware/CheckForMaintenanceMode.php(26): Illuminate\Pipeline\Pipeline->Illuminate\Pipeline\{closure}(Object(Illuminate\Http\Request))
#11 /home1/kmalith2/eonepisode/vendor/laravel/framework/src/Illuminate/Pipeline/Pipeline.php(125): App\Http\Middleware\CheckForMaintenanceMode->handle(Object(Illuminate\Http\Request), Object(Closure))
#12 [internal function]: Illuminate\Pipeline\Pipeline->Illuminate\Pipeline\{closure}(Object(Illuminate\Http\Request))
#13 /home1/kmalith2/eonepisode/vendor/laravel/framework/src/Illuminate/Pipeline/Pipeline.php(100): call_user_func(Object(Closure), Object(Illuminate\Http\Request))
#14 /home1/kmalith2/eonepisode/vendor/laravel/framework/src/Illuminate/Foundation/Http/Kernel.php(111): Illuminate\Pipeline\Pipeline->then(Object(Closure))
#15 /home1/kmalith2/eonepisode/vendor/laravel/framework/src/Illuminate/Foundation/Http/Kernel.php(84): Illuminate\Foundation\Http\Kernel->sendRequestThroughRouter(Object(Illuminate\Http\Request))
#16 /home1/kmalith2/public_html/index.php(53): Illuminate\Foundation\Http\Kernel->handle(Object(Illuminate\Http\Request))
#17 {main}  
[2026-09-07 03:12:57] local.ERROR: Illuminate\Session\TokenMismatchException in /home1/kmalith2/eonepisode/vendor/laravel/framework/src/Illuminate/Foundation/Http/Middleware/VerifyCsrfToken.php:46
Stack trace:
#0 /home1/kmalith2/eonepisode/app/Http/Middleware/VerifyCsrfToken.php(17): Illuminate\Foundation\Http\Middleware\VerifyCsrfToken->handle(Object(Illuminate\Http\Request), Object(Closure))
#1 /home1/kmalith2/eonepisode/vendor/laravel/framework/src/Illuminate/Pipeline/Pipeline.php(125): App\Http\Middleware\VerifyCsrfToken->handle(Object(Illuminate\Http\Request), Object(Closure))
#2 /home1/kmalith2/eonepisode/vendor/laravel/framework/src/Illuminate/View/Middleware/ShareErrorsFromSession.php(55): Illuminate\Pipeline\Pipeline->Illuminate\Pipeline\{closure}(Object(Illuminate\Http\Request))
#3 /home1/kmalith2/eonepisode/vendor/laravel/framework/src/Illuminate/Pipeline/Pipeline.php(125): Illuminate\View\Middleware\ShareErrorsFromSession->handle(Object(Illuminate\Http\Request), Object(Closure))
#4 /home1/kmalith2/eonepisode/vendor/laravel/framework/src/Illuminate/Session/Middleware/StartSession.php(61): Illuminate\Pipeline\Pipeline->Illuminate\Pipeline\{closure}(Object(Illuminate\Http\Request))
#5 /home1/kmalith2/eonepisode/vendor/laravel/framework/src/Illuminate/Pipeline/Pipeline.php(125): Illuminate\Session\Middleware\StartSession->handle(Object(Illuminate\Http\Request), Object(Closure))
#6 /home1/kmalith2/eonepisode/vendor/laravel/framework/src/Illuminate/Cookie/Middleware/AddQueuedCookiesToResponse.php(36): Illuminate\Pipeline\Pipeline->Illuminate\Pipeline\{closure}(Object(Illuminate\Http\Request))
#7 /home1/kmalith2/eonepisode/vendor/laravel/framework/src/Illuminate/Pipeline/Pipeline.php(125): Illuminate\Cookie\Middleware\AddQueuedCookiesToResponse->handle(Object(Illuminate\Http\Request), Object(Closure))
#8 /home1/kmalith2/eonepisode/vendor/laravel/framework/src/Illuminate/Cookie/Middleware/EncryptCookies.php(40): Illuminate\Pipeline\Pipeline->Illuminate\Pipeline\{closure}(Object(Illuminate\Http\Request))
#9 /home1/kmalith2/eonepisode/vendor/laravel/framework/src/Illuminate/Pipeline/Pipeline.php(125): Illuminate\Cookie\Middleware\EncryptCookies->handle(Object(Illuminate\Http\Request), Object(Closure))
#10 /home1/kmalith2/eonepisode/app/Http/Middleware/CheckForMaintenanceMode.php(26): Illuminate\Pipeline\Pipeline->Illuminate\Pipeline\{closure}(Object(Illuminate\Http\Request))
#11 /home1/kmalith2/eonepisode/vendor/laravel/framework/src/Illuminate/Pipeline/Pipeline.php(125): App\Http\Middleware\CheckForMaintenanceMode->handle(Object(Illuminate\Http\Request), Object(Closure))
#12 [internal function]: Illuminate\Pipeline\Pipeline->Illuminate\Pipeline\{closure}(Object(Illuminate\Http\Request))
#13 /home1/kmalith2/eonepisode/vendor/laravel/framework/src/Illuminate/Pipeline/Pipeline.php(100): call_user_func(Object(Closure), Object(Illuminate\Http\Request))
#14 /home1/kmalith2/eonepisode/vendor/laravel/framework/src/Illuminate/Foundation/Http/Kernel.php(111): Illuminate\Pipeline\Pipeline->then(Object(Closure))
#15 /home1/kmalith2/eonepisode/vendor/laravel/framework/src/Illuminate/Foundation/Http/Kernel.php(84): Illuminate\Foundation\Http\Kernel->sendRequestThroughRouter(Object(Illuminate\Http\Request))
#16 /home1/kmalith2/public_html/index.php(53): Illuminate\Foundation\Http\Kernel->handle(Object(Illuminate\Http\Request))
#17 {main}  
[2026-09-07 03:12:59] local.ERROR: Illuminate\Session\TokenMismatchException in /home1/kmalith2/eonepisode/vendor/laravel/framework/src/Illuminate/Foundation/Http/Middleware/VerifyCsrfToken.php:46
Stack trace:
#0 /home1/kmalith2/eonepisode/app/Http/Middleware/VerifyCsrfToken.php(17): Illuminate\Foundation\Http\Middleware\VerifyCsrfToken->handle(Object(Illuminate\Http\Request), Object(Closure))
#1 /home1/kmalith2/eonepisode/vendor/laravel/framework/src/Illuminate/Pipeline/Pipeline.php(125): App\Http\Middleware\VerifyCsrfToken->handle(Object(Illuminate\Http\Request), Object(Closure))
#2 /home1/kmalith2/eonepisode/vendor/laravel/framework/src/Illuminate/View/Middleware/ShareErrorsFromSession.php(55): Illuminate\Pipeline\Pipeline->Illuminate\Pipeline\{closure}(Object(Illuminate\Http\Request))
#3 /home1/kmalith2/eonepisode/vendor/laravel/framework/src/Illuminate/Pipeline/Pipeline.php(125): Illuminate\View\Middleware\ShareErrorsFromSession->handle(Object(Illuminate\Http\Request), Object(Closure))
#4 /home1/kmalith2/eonepisode/vendor/laravel/framework/src/Illuminate/Session/Middleware/StartSession.php(61): Illuminate\Pipeline\Pipeline->Illuminate\Pipeline\{closure}(Object(Illuminate\Http\Request))
#5 /home1/kmalith2/eonepisode/vendor/laravel/framework/src/Illuminate/Pipeline/Pipeline.php(125): Illuminate\Session\Middleware\StartSession->handle(Object(Illuminate\Http\Request), Object(Closure))
#6 /home1/kmalith2/eonepisode/vendor/laravel/framework/src/Illuminate/Cookie/Middleware/AddQueuedCookiesToResponse.php(36): Illuminate\Pipeline\Pipeline->Illuminate\Pipeline\{closure}(Object(Illuminate\Http\Request))
#7 /home1/kmalith2/eonepisode/vendor/laravel/framework/src/Illuminate/Pipeline/Pipeline.php(125): Illuminate\Cookie\Middleware\AddQueuedCookiesToResponse->handle(Object(Illuminate\Http\Request), Object(Closure))
#8 /home1/kmalith2/eonepisode/vendor/laravel/framework/src/Illuminate/Cookie/Middleware/EncryptCookies.php(40): Illuminate\Pipeline\Pipeline->Illuminate\Pipeline\{closure}(Object(Illuminate\Http\Request))
#9 /home1/kmalith2/eonepisode/vendor/laravel/framework/src/Illuminate/Pipeline/Pipeline.php(125): Illuminate\Cookie\Middleware\EncryptCookies->handle(Object(Illuminate\Http\Request), Object(Closure))
#10 /home1/kmalith2/eonepisode/app/Http/Middleware/CheckForMaintenanceMode.php(26): Illuminate\Pipeline\Pipeline->Illuminate\Pipeline\{closure}(Object(Illuminate\Http\Request))
#11 /home1/kmalith2/eonepisode/vendor/laravel/framework/src/Illuminate/Pipeline/Pipeline.php(125): App\Http\Middleware\CheckForMaintenanceMode->handle(Object(Illuminate\Http\Request), Object(Closure))
#12 [internal function]: Illuminate\Pipeline\Pipeline->Illuminate\Pipeline\{closure}(Object(Illuminate\Http\Request))
#13 /home1/kmalith2/eonepisode/vendor/laravel/framework/src/Illuminate/Pipeline/Pipeline.php(100): call_user_func(Object(Closure), Object(Illuminate\Http\Request))
#14 /home1/kmalith2/eonepisode/vendor/laravel/framework/src/Illuminate/Foundation/Http/Kernel.php(111): Illuminate\Pipeline\Pipeline->then(Object(Closure))
#15 /home1/kmalith2/eonepisode/vendor/laravel/framework/src/Illuminate/Foundation/Http/Kernel.php(84): Illuminate\Foundation\Http\Kernel->sendRequestThroughRouter(Object(Illuminate\Http\Request))
#16 /home1/kmalith2/public_html/index.php(53): Illuminate\Foundation\Http\Kernel->handle(Object(Illuminate\Http\Request))
#17 {main}  
[2026-09-07 03:12:59] local.ERROR: Illuminate\Session\TokenMismatchException in /home1/kmalith2/eonepisode/vendor/laravel/framework/src/Illuminate/Foundation/Http/Middleware/VerifyCsrfToken.php:46
Stack trace:
#0 /home1/kmalith2/eonepisode/app/Http/Middleware/VerifyCsrfToken.php(17): Illuminate\Foundation\Http\Middleware\VerifyCsrfToken->handle(Object(Illuminate\Http\Request), Object(Closure))
#1 /home1/kmalith2/eonepisode/vendor/laravel/framework/src/Illuminate/Pipeline/Pipeline.php(125): App\Http\Middleware\VerifyCsrfToken->handle(Object(Illuminate\Http\Request), Object(Closure))
#2 /home1/kmalith2/eonepisode/vendor/laravel/framework/src/Illuminate/View/Middleware/ShareErrorsFromSession.php(55): Illuminate\Pipeline\Pipeline->Illuminate\Pipeline\{closure}(Object(Illuminate\Http\Request))
#3 /home1/kmalith2/eonepisode/vendor/laravel/framework/src/Illuminate/Pipeline/Pipeline.php(125): Illuminate\View\Middleware\ShareErrorsFromSession->handle(Object(Illuminate\Http\Request), Object(Closure))
#4 /home1/kmalith2/eonepisode/vendor/laravel/framework/src/Illuminate/Session/Middleware/StartSession.php(61): Illuminate\Pipeline\Pipeline->Illuminate\Pipeline\{closure}(Object(Illuminate\Http\Request))
#5 /home1/kmalith2/eonepisode/vendor/laravel/framework/src/Illuminate/Pipeline/Pipeline.php(125): Illuminate\Session\Middleware\StartSession->handle(Object(Illuminate\Http\Request), Object(Closure))
#6 /home1/kmalith2/eonepisode/vendor/laravel/framework/src/Illuminate/Cookie/Middleware/AddQueuedCookiesToResponse.php(36): Illuminate\Pipeline\Pipeline->Illuminate\Pipeline\{closure}(Object(Illuminate\Http\Request))
#7 /home1/kmalith2/eonepisode/vendor/laravel/framework/src/Illuminate/Pipeline/Pipeline.php(125): Illuminate\Cookie\Middleware\AddQueuedCookiesToResponse->handle(Object(Illuminate\Http\Request), Object(Closure))
#8 /home1/kmalith2/eonepisode/vendor/laravel/framework/src/Illuminate/Cookie/Middleware/EncryptCookies.php(40): Illuminate\Pipeline\Pipeline->Illuminate\Pipeline\{closure}(Object(Illuminate\Http\Request))
#9 /home1/kmalith2/eonepisode/vendor/laravel/framework/src/Illuminate/Pipeline/Pipeline.php(125): Illuminate\Cookie\Middleware\EncryptCookies->handle(Object(Illuminate\Http\Request), Object(Closure))
#10 /home1/kmalith2/eonepisode/app/Http/Middleware/CheckForMaintenanceMode.php(26): Illuminate\Pipeline\Pipeline->Illuminate\Pipeline\{closure}(Object(Illuminate\Http\Request))
#11 /home1/kmalith2/eonepisode/vendor/laravel/framework/src/Illuminate/Pipeline/Pipeline.php(125): App\Http\Middleware\CheckForMaintenanceMode->handle(Object(Illuminate\Http\Request), Object(Closure))
#12 [internal function]: Illuminate\Pipeline\Pipeline->Illuminate\Pipeline\{closure}(Object(Illuminate\Http\Request))
#13 /home1/kmalith2/eonepisode/vendor/laravel/framework/src/Illuminate/Pipeline/Pipeline.php(100): call_user_func(Object(Closure), Object(Illuminate\Http\Request))
#14 /home1/kmalith2/eonepisode/vendor/laravel/framework/src/Illuminate/Foundation/Http/Kernel.php(111): Illuminate\Pipeline\Pipeline->then(Object(Closure))
#15 /home1/kmalith2/eonepisode/vendor/laravel/framework/src/Illuminate/Foundation/Http/Kernel.php(84): Illuminate\Foundation\Http\Kernel->sendRequestThroughRouter(Object(Illuminate\Http\Request))
#16 /home1/kmalith2/public_html/index.php(53): Illuminate\Foundation\Http\Kernel->handle(Object(Illuminate\Http\Request))
#17 {main}  
[2026-09-07 03:13:00] local.ERROR: Illuminate\Session\TokenMismatchException in /home1/kmalith2/eonepisode/vendor/laravel/framework/src/Illuminate/Foundation/Http/Middleware/VerifyCsrfToken.php:46
Stack trace:
#0 /home1/kmalith2/eonepisode/app/Http/Middleware/VerifyCsrfToken.php(17): Illuminate\Foundation\Http\Middleware\VerifyCsrfToken->handle(Object(Illuminate\Http\Request), Object(Closure))
#1 /home1/kmalith2/eonepisode/vendor/laravel/framework/src/Illuminate/Pipeline/Pipeline.php(125): App\Http\Middleware\VerifyCsrfToken->handle(Object(Illuminate\Http\Request), Object(Closure))
#2 /home1/kmalith2/eonepisode/vendor/laravel/framework/src/Illuminate/View/Middleware/ShareErrorsFromSession.php(55): Illuminate\Pipeline\Pipeline->Illuminate\Pipeline\{closure}(Object(Illuminate\Http\Request))
#3 /home1/kmalith2/eonepisode/vendor/laravel/framework/src/Illuminate/Pipeline/Pipeline.php(125): Illuminate\View\Middleware\ShareErrorsFromSession->handle(Object(Illuminate\Http\Request), Object(Closure))
#4 /home1/kmalith2/eonepisode/vendor/laravel/framework/src/Illuminate/Session/Middleware/StartSession.php(61): Illuminate\Pipeline\Pipeline->Illuminate\Pipeline\{closure}(Object(Illuminate\Http\Request))
#5 /home1/kmalith2/eonepisode/vendor/laravel/framework/src/Illuminate/Pipeline/Pipeline.php(125): Illuminate\Session\Middleware\StartSession->handle(Object(Illuminate\Http\Request), Object(Closure))
#6 /home1/kmalith2/eonepisode/vendor/laravel/framework/src/Illuminate/Cookie/Middleware/AddQueuedCookiesToResponse.php(36): Illuminate\Pipeline\Pipeline->Illuminate\Pipeline\{closure}(Object(Illuminate\Http\Request))
#7 /home1/kmalith2/eonepisode/vendor/laravel/framework/src/Illuminate/Pipeline/Pipeline.php(125): Illuminate\Cookie\Middleware\AddQueuedCookiesToResponse->handle(Object(Illuminate\Http\Request), Object(Closure))
#8 /home1/kmalith2/eonepisode/vendor/laravel/framework/src/Illuminate/Cookie/Middleware/EncryptCookies.php(40): Illuminate\Pipeline\Pipeline->Illuminate\Pipeline\{closure}(Object(Illuminate\Http\Request))
#9 /home1/kmalith2/eonepisode/vendor/laravel/framework/src/Illuminate/Pipeline/Pipeline.php(125): Illuminate\Cookie\Middleware\EncryptCookies->handle(Object(Illuminate\Http\Request), Object(Closure))
#10 /home1/kmalith2/eonepisode/app/Http/Middleware/CheckForMaintenanceMode.php(26): Illuminate\Pipeline\Pipeline->Illuminate\Pipeline\{closure}(Object(Illuminate\Http\Request))
#11 /home1/kmalith2/eonepisode/vendor/laravel/framework/src/Illuminate/Pipeline/Pipeline.php(125): App\Http\Middleware\CheckForMaintenanceMode->handle(Object(Illuminate\Http\Request), Object(Closure))
#12 [internal function]: Illuminate\Pipeline\Pipeline->Illuminate\Pipeline\{closure}(Object(Illuminate\Http\Request))
#13 /home1/kmalith2/eonepisode/vendor/laravel/framework/src/Illuminate/Pipeline/Pipeline.php(100): call_user_func(Object(Closure), Object(Illuminate\Http\Request))
#14 /home1/kmalith2/eonepisode/vendor/laravel/framework/src/Illuminate/Foundation/Http/Kernel.php(111): Illuminate\Pipeline\Pipeline->then(Object(Closure))
#15 /home1/kmalith2/eonepisode/vendor/laravel/framework/src/Illuminate/Foundation/Http/Kernel.php(84): Illuminate\Foundation\Http\Kernel->sendRequestThroughRouter(Object(Illuminate\Http\Request))
#16 /home1/kmalith2/public_html/index.php(53): Illuminate\Foundation\Http\Kernel->handle(Object(Illuminate\Http\Request))
#17 {main}  
[2026-09-07 03:13:01] local.ERROR: Illuminate\Session\TokenMismatchException in /home1/kmalith2/eonepisode/vendor/laravel/framework/src/Illuminate/Foundation/Http/Middleware/VerifyCsrfToken.php:46
Stack trace:
#0 /home1/kmalith2/eonepisode/app/Http/Middleware/VerifyCsrfToken.php(17): Illuminate\Foundation\Http\Middleware\VerifyCsrfToken->handle(Object(Illuminate\Http\Request), Object(Closure))
#1 /home1/kmalith2/eonepisode/vendor/laravel/framework/src/Illuminate/Pipeline/Pipeline.php(125): App\Http\Middleware\VerifyCsrfToken->handle(Object(Illuminate\Http\Request), Object(Closure))
#2 /home1/kmalith2/eonepisode/vendor/laravel/framework/src/Illuminate/View/Middleware/ShareErrorsFromSession.php(55): Illuminate\Pipeline\Pipeline->Illuminate\Pipeline\{closure}(Object(Illuminate\Http\Request))
#3 /home1/kmalith2/eonepisode/vendor/laravel/framework/src/Illuminate/Pipeline/Pipeline.php(125): Illuminate\View\Middleware\ShareErrorsFromSession->handle(Object(Illuminate\Http\Request), Object(Closure))
#4 /home1/kmalith2/eonepisode/vendor/laravel/framework/src/Illuminate/Session/Middleware/StartSession.php(61): Illuminate\Pipeline\Pipeline->Illuminate\Pipeline\{closure}(Object(Illuminate\Http\Request))
#5 /home1/kmalith2/eonepisode/vendor/laravel/framework/src/Illuminate/Pipeline/Pipeline.php(125): Illuminate\Session\Middleware\StartSession->handle(Object(Illuminate\Http\Request), Object(Closure))
#6 /home1/kmalith2/eonepisode/vendor/laravel/framework/src/Illuminate/Cookie/Middleware/AddQueuedCookiesToResponse.php(36): Illuminate\Pipeline\Pipeline->Illuminate\Pipeline\{closure}(Object(Illuminate\Http\Request))
#7 /home1/kmalith2/eonepisode/vendor/laravel/framework/src/Illuminate/Pipeline/Pipeline.php(125): Illuminate\Cookie\Middleware\AddQueuedCookiesToResponse->handle(Object(Illuminate\Http\Request), Object(Closure))
#8 /home1/kmalith2/eonepisode/vendor/laravel/framework/src/Illuminate/Cookie/Middleware/EncryptCookies.php(40): Illuminate\Pipeline\Pipeline->Illuminate\Pipeline\{closure}(Object(Illuminate\Http\Request))
#9 /home1/kmalith2/eonepisode/vendor/laravel/framework/src/Illuminate/Pipeline/Pipeline.php(125): Illuminate\Cookie\Middleware\EncryptCookies->handle(Object(Illuminate\Http\Request), Object(Closure))
#10 /home1/kmalith2/eonepisode/app/Http/Middleware/CheckForMaintenanceMode.php(26): Illuminate\Pipeline\Pipeline->Illuminate\Pipeline\{closure}(Object(Illuminate\Http\Request))
#11 /home1/kmalith2/eonepisode/vendor/laravel/framework/src/Illuminate/Pipeline/Pipeline.php(125): App\Http\Middleware\CheckForMaintenanceMode->handle(Object(Illuminate\Http\Request), Object(Closure))
#12 [internal function]: Illuminate\Pipeline\Pipeline->Illuminate\Pipeline\{closure}(Object(Illuminate\Http\Request))
#13 /home1/kmalith2/eonepisode/vendor/laravel/framework/src/Illuminate/Pipeline/Pipeline.php(100): call_user_func(Object(Closure), Object(Illuminate\Http\Request))
#14 /home1/kmalith2/eonepisode/vendor/laravel/framework/src/Illuminate/Foundation/Http/Kernel.php(111): Illuminate\Pipeline\Pipeline->then(Object(Closure))
#15 /home1/kmalith2/eonepisode/vendor/laravel/framework/src/Illuminate/Foundation/Http/Kernel.php(84): Illuminate\Foundation\Http\Kernel->sendRequestThroughRouter(Object(Illuminate\Http\Request))
#16 /home1/kmalith2/public_html/index.php(53): Illuminate\Foundation\Http\Kernel->handle(Object(Illuminate\Http\Request))
#17 {main}  
[2026-09-07 03:13:11] local.ERROR: Illuminate\Session\TokenMismatchException in /home1/kmalith2/eonepisode/vendor/laravel/framework/src/Illuminate/Foundation/Http/Middleware/VerifyCsrfToken.php:46
Stack trace:
#0 /home1/kmalith2/eonepisode/app/Http/Middleware/VerifyCsrfToken.php(17): Illuminate\Foundation\Http\Middleware\VerifyCsrfToken->handle(Object(Illuminate\Http\Request), Object(Closure))
#1 /home1/kmalith2/eonepisode/vendor/laravel/framework/src/Illuminate/Pipeline/Pipeline.php(125): App\Http\Middleware\VerifyCsrfToken->handle(Object(Illuminate\Http\Request), Object(Closure))
#2 /home1/kmalith2/eonepisode/vendor/laravel/framework/src/Illuminate/View/Middleware/ShareErrorsFromSession.php(55): Illuminate\Pipeline\Pipeline->Illuminate\Pipeline\{closure}(Object(Illuminate\Http\Request))
#3 /home1/kmalith2/eonepisode/vendor/laravel/framework/src/Illuminate/Pipeline/Pipeline.php(125): Illuminate\View\Middleware\ShareErrorsFromSession->handle(Object(Illuminate\Http\Request), Object(Closure))
#4 /home1/kmalith2/eonepisode/vendor/laravel/framework/src/Illuminate/Session/Middleware/StartSession.php(61): Illuminate\Pipeline\Pipeline->Illuminate\Pipeline\{closure}(Object(Illuminate\Http\Request))
#5 /home1/kmalith2/eonepisode/vendor/laravel/framework/src/Illuminate/Pipeline/Pipeline.php(125): Illuminate\Session\Middleware\StartSession->handle(Object(Illuminate\Http\Request), Object(Closure))
#6 /home1/kmalith2/eonepisode/vendor/laravel/framework/src/Illuminate/Cookie/Middleware/AddQueuedCookiesToResponse.php(36): Illuminate\Pipeline\Pipeline->Illuminate\Pipeline\{closure}(Object(Illuminate\Http\Request))
#7 /home1/kmalith2/eonepisode/vendor/laravel/framework/src/Illuminate/Pipeline/Pipeline.php(125): Illuminate\Cookie\Middleware\AddQueuedCookiesToResponse->handle(Object(Illuminate\Http\Request), Object(Closure))
#8 /home1/kmalith2/eonepisode/vendor/laravel/framework/src/Illuminate/Cookie/Middleware/EncryptCookies.php(40): Illuminate\Pipeline\Pipeline->Illuminate\Pipeline\{closure}(Object(Illuminate\Http\Request))
#9 /home1/kmalith2/eonepisode/vendor/laravel/framework/src/Illuminate/Pipeline/Pipeline.php(125): Illuminate\Cookie\Middleware\EncryptCookies->handle(Object(Illuminate\Http\Request), Object(Closure))
#10 /home1/kmalith2/eonepisode/app/Http/Middleware/CheckForMaintenanceMode.php(26): Illuminate\Pipeline\Pipeline->Illuminate\Pipeline\{closure}(Object(Illuminate\Http\Request))
#11 /home1/kmalith2/eonepisode/vendor/laravel/framework/src/Illuminate/Pipeline/Pipeline.php(125): App\Http\Middleware\CheckForMaintenanceMode->handle(Object(Illuminate\Http\Request), Object(Closure))
#12 [internal function]: Illuminate\Pipeline\Pipeline->Illuminate\Pipeline\{closure}(Object(Illuminate\Http\Request))
#13 /home1/kmalith2/eonepisode/vendor/laravel/framework/src/Illuminate/Pipeline/Pipeline.php(100): call_user_func(Object(Closure), Object(Illuminate\Http\Request))
#14 /home1/kmalith2/eonepisode/vendor/laravel/framework/src/Illuminate/Foundation/Http/Kernel.php(111): Illuminate\Pipeline\Pipeline->then(Object(Closure))
#15 /home1/kmalith2/eonepisode/vendor/laravel/framework/src/Illuminate/Foundation/Http/Kernel.php(84): Illuminate\Foundation\Http\Kernel->sendRequestThroughRouter(Object(Illuminate\Http\Request))
#16 /home1/kmalith2/public_html/index.php(53): Illuminate\Foundation\Http\Kernel->handle(Object(Illuminate\Http\Request))
#17 {main}  
[2026-09-07 03:13:12] local.ERROR: Illuminate\Session\TokenMismatchException in /home1/kmalith2/eonepisode/vendor/laravel/framework/src/Illuminate/Foundation/Http/Middleware/VerifyCsrfToken.php:46
Stack trace:
#0 /home1/kmalith2/eonepisode/app/Http/Middleware/VerifyCsrfToken.php(17): Illuminate\Foundation\Http\Middleware\VerifyCsrfToken->handle(Object(Illuminate\Http\Request), Object(Closure))
#1 /home1/kmalith2/eonepisode/vendor/laravel/framework/src/Illuminate/Pipeline/Pipeline.php(125): App\Http\Middleware\VerifyCsrfToken->handle(Object(Illuminate\Http\Request), Object(Closure))
#2 /home1/kmalith2/eonepisode/vendor/laravel/framework/src/Illuminate/View/Middleware/ShareErrorsFromSession.php(55): Illuminate\Pipeline\Pipeline->Illuminate\Pipeline\{closure}(Object(Illuminate\Http\Request))
#3 /home1/kmalith2/eonepisode/vendor/laravel/framework/src/Illuminate/Pipeline/Pipeline.php(125): Illuminate\View\Middleware\ShareErrorsFromSession->handle(Object(Illuminate\Http\Request), Object(Closure))
#4 /home1/kmalith2/eonepisode/vendor/laravel/framework/src/Illuminate/Session/Middleware/StartSession.php(61): Illuminate\Pipeline\Pipeline->Illuminate\Pipeline\{closure}(Object(Illuminate\Http\Request))
#5 /home1/kmalith2/eonepisode/vendor/laravel/framework/src/Illuminate/Pipeline/Pipeline.php(125): Illuminate\Session\Middleware\StartSession->handle(Object(Illuminate\Http\Request), Object(Closure))
#6 /home1/kmalith2/eonepisode/vendor/laravel/framework/src/Illuminate/Cookie/Middleware/AddQueuedCookiesToResponse.php(36): Illuminate\Pipeline\Pipeline->Illuminate\Pipeline\{closure}(Object(Illuminate\Http\Request))
#7 /home1/kmalith2/eonepisode/vendor/laravel/framework/src/Illuminate/Pipeline/Pipeline.php(125): Illuminate\Cookie\Middleware\AddQueuedCookiesToResponse->handle(Object(Illuminate\Http\Request), Object(Closure))
#8 /home1/kmalith2/eonepisode/vendor/laravel/framework/src/Illuminate/Cookie/Middleware/EncryptCookies.php(40): Illuminate\Pipeline\Pipeline->Illuminate\Pipeline\{closure}(Object(Illuminate\Http\Request))
#9 /home1/kmalith2/eonepisode/vendor/laravel/framework/src/Illuminate/Pipeline/Pipeline.php(125): Illuminate\Cookie\Middleware\EncryptCookies->handle(Object(Illuminate\Http\Request), Object(Closure))
#10 /home1/kmalith2/eonepisode/app/Http/Middleware/CheckForMaintenanceMode.php(26): Illuminate\Pipeline\Pipeline->Illuminate\Pipeline\{closure}(Object(Illuminate\Http\Request))
#11 /home1/kmalith2/eonepisode/vendor/laravel/framework/src/Illuminate/Pipeline/Pipeline.php(125): App\Http\Middleware\CheckForMaintenanceMode->handle(Object(Illuminate\Http\Request), Object(Closure))
#12 [internal function]: Illuminate\Pipeline\Pipeline->Illuminate\Pipeline\{closure}(Object(Illuminate\Http\Request))
#13 /home1/kmalith2/eonepisode/vendor/laravel/framework/src/Illuminate/Pipeline/Pipeline.php(100): call_user_func(Object(Closure), Object(Illuminate\Http\Request))
#14 /home1/kmalith2/eonepisode/vendor/laravel/framework/src/Illuminate/Foundation/Http/Kernel.php(111): Illuminate\Pipeline\Pipeline->then(Object(Closure))
#15 /home1/kmalith2/eonepisode/vendor/laravel/framework/src/Illuminate/Foundation/Http/Kernel.php(84): Illuminate\Foundation\Http\Kernel->sendRequestThroughRouter(Object(Illuminate\Http\Request))
#16 /home1/kmalith2/public_html/index.php(53): Illuminate\Foundation\Http\Kernel->handle(Object(Illuminate\Http\Request))
#17 {main}  
[2026-09-07 03:13:12] local.ERROR: Illuminate\Session\TokenMismatchException in /home1/kmalith2/eonepisode/vendor/laravel/framework/src/Illuminate/Foundation/Http/Middleware/VerifyCsrfToken.php:46
Stack trace:
#0 /home1/kmalith2/eonepisode/app/Http/Middleware/VerifyCsrfToken.php(17): Illuminate\Foundation\Http\Middleware\VerifyCsrfToken->handle(Object(Illuminate\Http\Request), Object(Closure))
#1 /home1/kmalith2/eonepisode/vendor/laravel/framework/src/Illuminate/Pipeline/Pipeline.php(125): App\Http\Middleware\VerifyCsrfToken->handle(Object(Illuminate\Http\Request), Object(Closure))
#2 /home1/kmalith2/eonepisode/vendor/laravel/framework/src/Illuminate/View/Middleware/ShareErrorsFromSession.php(55): Illuminate\Pipeline\Pipeline->Illuminate\Pipeline\{closure}(Object(Illuminate\Http\Request))
#3 /home1/kmalith2/eonepisode/vendor/laravel/framework/src/Illuminate/Pipeline/Pipeline.php(125): Illuminate\View\Middleware\ShareErrorsFromSession->handle(Object(Illuminate\Http\Request), Object(Closure))
#4 /home1/kmalith2/eonepisode/vendor/laravel/framework/src/Illuminate/Session/Middleware/StartSession.php(61): Illuminate\Pipeline\Pipeline->Illuminate\Pipeline\{closure}(Object(Illuminate\Http\Request))
#5 /home1/kmalith2/eonepisode/vendor/laravel/framework/src/Illuminate/Pipeline/Pipeline.php(125): Illuminate\Session\Middleware\StartSession->handle(Object(Illuminate\Http\Request), Object(Closure))
#6 /home1/kmalith2/eonepisode/vendor/laravel/framework/src/Illuminate/Cookie/Middleware/AddQueuedCookiesToResponse.php(36): Illuminate\Pipeline\Pipeline->Illuminate\Pipeline\{closure}(Object(Illuminate\Http\Request))
#7 /home1/kmalith2/eonepisode/vendor/laravel/framework/src/Illuminate/Pipeline/Pipeline.php(125): Illuminate\Cookie\Middleware\AddQueuedCookiesToResponse->handle(Object(Illuminate\Http\Request), Object(Closure))
#8 /home1/kmalith2/eonepisode/vendor/laravel/framework/src/Illuminate/Cookie/Middleware/EncryptCookies.php(40): Illuminate\Pipeline\Pipeline->Illuminate\Pipeline\{closure}(Object(Illuminate\Http\Request))
#9 /home1/kmalith2/eonepisode/vendor/laravel/framework/src/Illuminate/Pipeline/Pipeline.php(125): Illuminate\Cookie\Middleware\EncryptCookies->handle(Object(Illuminate\Http\Request), Object(Closure))
#10 /home1/kmalith2/eonepisode/app/Http/Middleware/CheckForMaintenanceMode.php(26): Illuminate\Pipeline\Pipeline->Illuminate\Pipeline\{closure}(Object(Illuminate\Http\Request))
#11 /home1/kmalith2/eonepisode/vendor/laravel/framework/src/Illuminate/Pipeline/Pipeline.php(125): App\Http\Middleware\CheckForMaintenanceMode->handle(Object(Illuminate\Http\Request), Object(Closure))
#12 [internal function]: Illuminate\Pipeline\Pipeline->Illuminate\Pipeline\{closure}(Object(Illuminate\Http\Request))
#13 /home1/kmalith2/eonepisode/vendor/laravel/framework/src/Illuminate/Pipeline/Pipeline.php(100): call_user_func(Object(Closure), Object(Illuminate\Http\Request))
#14 /home1/kmalith2/eonepisode/vendor/laravel/framework/src/Illuminate/Foundation/Http/Kernel.php(111): Illuminate\Pipeline\Pipeline->then(Object(Closure))
#15 /home1/kmalith2/eonepisode/vendor/laravel/framework/src/Illuminate/Foundation/Http/Kernel.php(84): Illuminate\Foundation\Http\Kernel->sendRequestThroughRouter(Object(Illuminate\Http\Request))
#16 /home1/kmalith2/public_html/index.php(53): Illuminate\Foundation\Http\Kernel->handle(Object(Illuminate\Http\Request))
#17 {main}  
[2026-09-07 03:13:13] local.ERROR: Illuminate\Session\TokenMismatchException in /home1/kmalith2/eonepisode/vendor/laravel/framework/src/Illuminate/Foundation/Http/Middleware/VerifyCsrfToken.php:46
Stack trace:
#0 /home1/kmalith2/eonepisode/app/Http/Middleware/VerifyCsrfToken.php(17): Illuminate\Foundation\Http\Middleware\VerifyCsrfToken->handle(Object(Illuminate\Http\Request), Object(Closure))
#1 /home1/kmalith2/eonepisode/vendor/laravel/framework/src/Illuminate/Pipeline/Pipeline.php(125): App\Http\Middleware\VerifyCsrfToken->handle(Object(Illuminate\Http\Request), Object(Closure))
#2 /home1/kmalith2/eonepisode/vendor/laravel/framework/src/Illuminate/View/Middleware/ShareErrorsFromSession.php(55): Illuminate\Pipeline\Pipeline->Illuminate\Pipeline\{closure}(Object(Illuminate\Http\Request))
#3 /home1/kmalith2/eonepisode/vendor/laravel/framework/src/Illuminate/Pipeline/Pipeline.php(125): Illuminate\View\Middleware\ShareErrorsFromSession->handle(Object(Illuminate\Http\Request), Object(Closure))
#4 /home1/kmalith2/eonepisode/vendor/laravel/framework/src/Illuminate/Session/Middleware/StartSession.php(61): Illuminate\Pipeline\Pipeline->Illuminate\Pipeline\{closure}(Object(Illuminate\Http\Request))
#5 /home1/kmalith2/eonepisode/vendor/laravel/framework/src/Illuminate/Pipeline/Pipeline.php(125): Illuminate\Session\Middleware\StartSession->handle(Object(Illuminate\Http\Request), Object(Closure))
#6 /home1/kmalith2/eonepisode/vendor/laravel/framework/src/Illuminate/Cookie/Middleware/AddQueuedCookiesToResponse.php(36): Illuminate\Pipeline\Pipeline->Illuminate\Pipeline\{closure}(Object(Illuminate\Http\Request))
#7 /home1/kmalith2/eonepisode/vendor/laravel/framework/src/Illuminate/Pipeline/Pipeline.php(125): Illuminate\Cookie\Middleware\AddQueuedCookiesToResponse->handle(Object(Illuminate\Http\Request), Object(Closure))
#8 /home1/kmalith2/eonepisode/vendor/laravel/framework/src/Illuminate/Cookie/Middleware/EncryptCookies.php(40): Illuminate\Pipeline\Pipeline->Illuminate\Pipeline\{closure}(Object(Illuminate\Http\Request))
#9 /home1/kmalith2/eonepisode/vendor/laravel/framework/src/Illuminate/Pipeline/Pipeline.php(125): Illuminate\Cookie\Middleware\EncryptCookies->handle(Object(Illuminate\Http\Request), Object(Closure))
#10 /home1/kmalith2/eonepisode/app/Http/Middleware/CheckForMaintenanceMode.php(26): Illuminate\Pipeline\Pipeline->Illuminate\Pipeline\{closure}(Object(Illuminate\Http\Request))
#11 /home1/kmalith2/eonepisode/vendor/laravel/framework/src/Illuminate/Pipeline/Pipeline.php(125): App\Http\Middleware\CheckForMaintenanceMode->handle(Object(Illuminate\Http\Request), Object(Closure))
#12 [internal function]: Illuminate\Pipeline\Pipeline->Illuminate\Pipeline\{closure}(Object(Illuminate\Http\Request))
#13 /home1/kmalith2/eonepisode/vendor/laravel/framework/src/Illuminate/Pipeline/Pipeline.php(100): call_user_func(Object(Closure), Object(Illuminate\Http\Request))
#14 /home1/kmalith2/eonepisode/vendor/laravel/framework/src/Illuminate/Foundation/Http/Kernel.php(111): Illuminate\Pipeline\Pipeline->then(Object(Closure))
#15 /home1/kmalith2/eonepisode/vendor/laravel/framework/src/Illuminate/Foundation/Http/Kernel.php(84): Illuminate\Foundation\Http\Kernel->sendRequestThroughRouter(Object(Illuminate\Http\Request))
#16 /home1/kmalith2/public_html/index.php(53): Illuminate\Foundation\Http\Kernel->handle(Object(Illuminate\Http\Request))
#17 {main}  
[2026-09-07 03:13:14] local.ERROR: Illuminate\Session\TokenMismatchException in /home1/kmalith2/eonepisode/vendor/laravel/framework/src/Illuminate/Foundation/Http/Middleware/VerifyCsrfToken.php:46
Stack trace:
#0 /home1/kmalith2/eonepisode/app/Http/Middleware/VerifyCsrfToken.php(17): Illuminate\Foundation\Http\Middleware\VerifyCsrfToken->handle(Object(Illuminate\Http\Request), Object(Closure))
#1 /home1/kmalith2/eonepisode/vendor/laravel/framework/src/Illuminate/Pipeline/Pipeline.php(125): App\Http\Middleware\VerifyCsrfToken->handle(Object(Illuminate\Http\Request), Object(Closure))
#2 /home1/kmalith2/eonepisode/vendor/laravel/framework/src/Illuminate/View/Middleware/ShareErrorsFromSession.php(55): Illuminate\Pipeline\Pipeline->Illuminate\Pipeline\{closure}(Object(Illuminate\Http\Request))
#3 /home1/kmalith2/eonepisode/vendor/laravel/framework/src/Illuminate/Pipeline/Pipeline.php(125): Illuminate\View\Middleware\ShareErrorsFromSession->handle(Object(Illuminate\Http\Request), Object(Closure))
#4 /home1/kmalith2/eonepisode/vendor/laravel/framework/src/Illuminate/Session/Middleware/StartSession.php(61): Illuminate\Pipeline\Pipeline->Illuminate\Pipeline\{closure}(Object(Illuminate\Http\Request))
#5 /home1/kmalith2/eonepisode/vendor/laravel/framework/src/Illuminate/Pipeline/Pipeline.php(125): Illuminate\Session\Middleware\StartSession->handle(Object(Illuminate\Http\Request), Object(Closure))
#6 /home1/kmalith2/eonepisode/vendor/laravel/framework/src/Illuminate/Cookie/Middleware/AddQueuedCookiesToResponse.php(36): Illuminate\Pipeline\Pipeline->Illuminate\Pipeline\{closure}(Object(Illuminate\Http\Request))
#7 /home1/kmalith2/eonepisode/vendor/laravel/framework/src/Illuminate/Pipeline/Pipeline.php(125): Illuminate\Cookie\Middleware\AddQueuedCookiesToResponse->handle(Object(Illuminate\Http\Request), Object(Closure))
#8 /home1/kmalith2/eonepisode/vendor/laravel/framework/src/Illuminate/Cookie/Middleware/EncryptCookies.php(40): Illuminate\Pipeline\Pipeline->Illuminate\Pipeline\{closure}(Object(Illuminate\Http\Request))
#9 /home1/kmalith2/eonepisode/vendor/laravel/framework/src/Illuminate/Pipeline/Pipeline.php(125): Illuminate\Cookie\Middleware\EncryptCookies->handle(Object(Illuminate\Http\Request), Object(Closure))
#10 /home1/kmalith2/eonepisode/app/Http/Middleware/CheckForMaintenanceMode.php(26): Illuminate\Pipeline\Pipeline->Illuminate\Pipeline\{closure}(Object(Illuminate\Http\Request))
#11 /home1/kmalith2/eonepisode/vendor/laravel/framework/src/Illuminate/Pipeline/Pipeline.php(125): App\Http\Middleware\CheckForMaintenanceMode->handle(Object(Illuminate\Http\Request), Object(Closure))
#12 [internal function]: Illuminate\Pipeline\Pipeline->Illuminate\Pipeline\{closure}(Object(Illuminate\Http\Request))
#13 /home1/kmalith2/eonepisode/vendor/laravel/framework/src/Illuminate/Pipeline/Pipeline.php(100): call_user_func(Object(Closure), Object(Illuminate\Http\Request))
#14 /home1/kmalith2/eonepisode/vendor/laravel/framework/src/Illuminate/Foundation/Http/Kernel.php(111): Illuminate\Pipeline\Pipeline->then(Object(Closure))
#15 /home1/kmalith2/eonepisode/vendor/laravel/framework/src/Illuminate/Foundation/Http/Kernel.php(84): Illuminate\Foundation\Http\Kernel->sendRequestThroughRouter(Object(Illuminate\Http\Request))
#16 /home1/kmalith2/public_html/index.php(53): Illuminate\Foundation\Http\Kernel->handle(Object(Illuminate\Http\Request))
#17 {main}  
[2026-09-07 03:13:18] local.ERROR: Illuminate\Session\TokenMismatchException in /home1/kmalith2/eonepisode/vendor/laravel/framework/src/Illuminate/Foundation/Http/Middleware/VerifyCsrfToken.php:46
Stack trace:
#0 /home1/kmalith2/eonepisode/app/Http/Middleware/VerifyCsrfToken.php(17): Illuminate\Foundation\Http\Middleware\VerifyCsrfToken->handle(Object(Illuminate\Http\Request), Object(Closure))
#1 /home1/kmalith2/eonepisode/vendor/laravel/framework/src/Illuminate/Pipeline/Pipeline.php(125): App\Http\Middleware\VerifyCsrfToken->handle(Object(Illuminate\Http\Request), Object(Closure))
#2 /home1/kmalith2/eonepisode/vendor/laravel/framework/src/Illuminate/View/Middleware/ShareErrorsFromSession.php(55): Illuminate\Pipeline\Pipeline->Illuminate\Pipeline\{closure}(Object(Illuminate\Http\Request))
#3 /home1/kmalith2/eonepisode/vendor/laravel/framework/src/Illuminate/Pipeline/Pipeline.php(125): Illuminate\View\Middleware\ShareErrorsFromSession->handle(Object(Illuminate\Http\Request), Object(Closure))
#4 /home1/kmalith2/eonepisode/vendor/laravel/framework/src/Illuminate/Session/Middleware/StartSession.php(61): Illuminate\Pipeline\Pipeline->Illuminate\Pipeline\{closure}(Object(Illuminate\Http\Request))
#5 /home1/kmalith2/eonepisode/vendor/laravel/framework/src/Illuminate/Pipeline/Pipeline.php(125): Illuminate\Session\Middleware\StartSession->handle(Object(Illuminate\Http\Request), Object(Closure))
#6 /home1/kmalith2/eonepisode/vendor/laravel/framework/src/Illuminate/Cookie/Middleware/AddQueuedCookiesToResponse.php(36): Illuminate\Pipeline\Pipeline->Illuminate\Pipeline\{closure}(Object(Illuminate\Http\Request))
#7 /home1/kmalith2/eonepisode/vendor/laravel/framework/src/Illuminate/Pipeline/Pipeline.php(125): Illuminate\Cookie\Middleware\AddQueuedCookiesToResponse->handle(Object(Illuminate\Http\Request), Object(Closure))
#8 /home1/kmalith2/eonepisode/vendor/laravel/framework/src/Illuminate/Cookie/Middleware/EncryptCookies.php(40): Illuminate\Pipeline\Pipeline->Illuminate\Pipeline\{closure}(Object(Illuminate\Http\Request))
#9 /home1/kmalith2/eonepisode/vendor/laravel/framework/src/Illuminate/Pipeline/Pipeline.php(125): Illuminate\Cookie\Middleware\EncryptCookies->handle(Object(Illuminate\Http\Request), Object(Closure))
#10 /home1/kmalith2/eonepisode/app/Http/Middleware/CheckForMaintenanceMode.php(26): Illuminate\Pipeline\Pipeline->Illuminate\Pipeline\{closure}(Object(Illuminate\Http\Request))
#11 /home1/kmalith2/eonepisode/vendor/laravel/framework/src/Illuminate/Pipeline/Pipeline.php(125): App\Http\Middleware\CheckForMaintenanceMode->handle(Object(Illuminate\Http\Request), Object(Closure))
#12 [internal function]: Illuminate\Pipeline\Pipeline->Illuminate\Pipeline\{closure}(Object(Illuminate\Http\Request))
#13 /home1/kmalith2/eonepisode/vendor/laravel/framework/src/Illuminate/Pipeline/Pipeline.php(100): call_user_func(Object(Closure), Object(Illuminate\Http\Request))
#14 /home1/kmalith2/eonepisode/vendor/laravel/framework/src/Illuminate/Foundation/Http/Kernel.php(111): Illuminate\Pipeline\Pipeline->then(Object(Closure))
#15 /home1/kmalith2/eonepisode/vendor/laravel/framework/src/Illuminate/Foundation/Http/Kernel.php(84): Illuminate\Foundation\Http\Kernel->sendRequestThroughRouter(Object(Illuminate\Http\Request))
#16 /home1/kmalith2/public_html/index.php(53): Illuminate\Foundation\Http\Kernel->handle(Object(Illuminate\Http\Request))
#17 {main}  
[2026-09-07 03:13:19] local.ERROR: Illuminate\Session\TokenMismatchException in /home1/kmalith2/eonepisode/vendor/laravel/framework/src/Illuminate/Foundation/Http/Middleware/VerifyCsrfToken.php:46
Stack trace:
#0 /home1/kmalith2/eonepisode/app/Http/Middleware/VerifyCsrfToken.php(17): Illuminate\Foundation\Http\Middleware\VerifyCsrfToken->handle(Object(Illuminate\Http\Request), Object(Closure))
#1 /home1/kmalith2/eonepisode/vendor/laravel/framework/src/Illuminate/Pipeline/Pipeline.php(125): App\Http\Middleware\VerifyCsrfToken->handle(Object(Illuminate\Http\Request), Object(Closure))
#2 /home1/kmalith2/eonepisode/vendor/laravel/framework/src/Illuminate/View/Middleware/ShareErrorsFromSession.php(55): Illuminate\Pipeline\Pipeline->Illuminate\Pipeline\{closure}(Object(Illuminate\Http\Request))
#3 /home1/kmalith2/eonepisode/vendor/laravel/framework/src/Illuminate/Pipeline/Pipeline.php(125): Illuminate\View\Middleware\ShareErrorsFromSession->handle(Object(Illuminate\Http\Request), Object(Closure))
#4 /home1/kmalith2/eonepisode/vendor/laravel/framework/src/Illuminate/Session/Middleware/StartSession.php(61): Illuminate\Pipeline\Pipeline->Illuminate\Pipeline\{closure}(Object(Illuminate\Http\Request))
#5 /home1/kmalith2/eonepisode/vendor/laravel/framework/src/Illuminate/Pipeline/Pipeline.php(125): Illuminate\Session\Middleware\StartSession->handle(Object(Illuminate\Http\Request), Object(Closure))
#6 /home1/kmalith2/eonepisode/vendor/laravel/framework/src/Illuminate/Cookie/Middleware/AddQueuedCookiesToResponse.php(36): Illuminate\Pipeline\Pipeline->Illuminate\Pipeline\{closure}(Object(Illuminate\Http\Request))
#7 /home1/kmalith2/eonepisode/vendor/laravel/framework/src/Illuminate/Pipeline/Pipeline.php(125): Illuminate\Cookie\Middleware\AddQueuedCookiesToResponse->handle(Object(Illuminate\Http\Request), Object(Closure))
#8 /home1/kmalith2/eonepisode/vendor/laravel/framework/src/Illuminate/Cookie/Middleware/EncryptCookies.php(40): Illuminate\Pipeline\Pipeline->Illuminate\Pipeline\{closure}(Object(Illuminate\Http\Request))
#9 /home1/kmalith2/eonepisode/vendor/laravel/framework/src/Illuminate/Pipeline/Pipeline.php(125): Illuminate\Cookie\Middleware\EncryptCookies->handle(Object(Illuminate\Http\Request), Object(Closure))
#10 /home1/kmalith2/eonepisode/app/Http/Middleware/CheckForMaintenanceMode.php(26): Illuminate\Pipeline\Pipeline->Illuminate\Pipeline\{closure}(Object(Illuminate\Http\Request))
#11 /home1/kmalith2/eonepisode/vendor/laravel/framework/src/Illuminate/Pipeline/Pipeline.php(125): App\Http\Middleware\CheckForMaintenanceMode->handle(Object(Illuminate\Http\Request), Object(Closure))
#12 [internal function]: Illuminate\Pipeline\Pipeline->Illuminate\Pipeline\{closure}(Object(Illuminate\Http\Request))
#13 /home1/kmalith2/eonepisode/vendor/laravel/framework/src/Illuminate/Pipeline/Pipeline.php(100): call_user_func(Object(Closure), Object(Illuminate\Http\Request))
#14 /home1/kmalith2/eonepisode/vendor/laravel/framework/src/Illuminate/Foundation/Http/Kernel.php(111): Illuminate\Pipeline\Pipeline->then(Object(Closure))
#15 /home1/kmalith2/eonepisode/vendor/laravel/framework/src/Illuminate/Foundation/Http/Kernel.php(84): Illuminate\Foundation\Http\Kernel->sendRequestThroughRouter(Object(Illuminate\Http\Request))
#16 /home1/kmalith2/public_html/index.php(53): Illuminate\Foundation\Http\Kernel->handle(Object(Illuminate\Http\Request))
#17 {main}  
[2026-09-07 03:13:20] local.ERROR: Illuminate\Session\TokenMismatchException in /home1/kmalith2/eonepisode/vendor/laravel/framework/src/Illuminate/Foundation/Http/Middleware/VerifyCsrfToken.php:46
Stack trace:
#0 /home1/kmalith2/eonepisode/app/Http/Middleware/VerifyCsrfToken.php(17): Illuminate\Foundation\Http\Middleware\VerifyCsrfToken->handle(Object(Illuminate\Http\Request), Object(Closure))
#1 /home1/kmalith2/eonepisode/vendor/laravel/framework/src/Illuminate/Pipeline/Pipeline.php(125): App\Http\Middleware\VerifyCsrfToken->handle(Object(Illuminate\Http\Request), Object(Closure))
#2 /home1/kmalith2/eonepisode/vendor/laravel/framework/src/Illuminate/View/Middleware/ShareErrorsFromSession.php(55): Illuminate\Pipeline\Pipeline->Illuminate\Pipeline\{closure}(Object(Illuminate\Http\Request))
#3 /home1/kmalith2/eonepisode/vendor/laravel/framework/src/Illuminate/Pipeline/Pipeline.php(125): Illuminate\View\Middleware\ShareErrorsFromSession->handle(Object(Illuminate\Http\Request), Object(Closure))
#4 /home1/kmalith2/eonepisode/vendor/laravel/framework/src/Illuminate/Session/Middleware/StartSession.php(61): Illuminate\Pipeline\Pipeline->Illuminate\Pipeline\{closure}(Object(Illuminate\Http\Request))
#5 /home1/kmalith2/eonepisode/vendor/laravel/framework/src/Illuminate/Pipeline/Pipeline.php(125): Illuminate\Session\Middleware\StartSession->handle(Object(Illuminate\Http\Request), Object(Closure))
#6 /home1/kmalith2/eonepisode/vendor/laravel/framework/src/Illuminate/Cookie/Middleware/AddQueuedCookiesToResponse.php(36): Illuminate\Pipeline\Pipeline->Illuminate\Pipeline\{closure}(Object(Illuminate\Http\Request))
#7 /home1/kmalith2/eonepisode/vendor/laravel/framework/src/Illuminate/Pipeline/Pipeline.php(125): Illuminate\Cookie\Middleware\AddQueuedCookiesToResponse->handle(Object(Illuminate\Http\Request), Object(Closure))
#8 /home1/kmalith2/eonepisode/vendor/laravel/framework/src/Illuminate/Cookie/Middleware/EncryptCookies.php(40): Illuminate\Pipeline\Pipeline->Illuminate\Pipeline\{closure}(Object(Illuminate\Http\Request))
#9 /home1/kmalith2/eonepisode/vendor/laravel/framework/src/Illuminate/Pipeline/Pipeline.php(125): Illuminate\Cookie\Middleware\EncryptCookies->handle(Object(Illuminate\Http\Request), Object(Closure))
#10 /home1/kmalith2/eonepisode/app/Http/Middleware/CheckForMaintenanceMode.php(26): Illuminate\Pipeline\Pipeline->Illuminate\Pipeline\{closure}(Object(Illuminate\Http\Request))
#11 /home1/kmalith2/eonepisode/vendor/laravel/framework/src/Illuminate/Pipeline/Pipeline.php(125): App\Http\Middleware\CheckForMaintenanceMode->handle(Object(Illuminate\Http\Request), Object(Closure))
#12 [internal function]: Illuminate\Pipeline\Pipeline->Illuminate\Pipeline\{closure}(Object(Illuminate\Http\Request))
#13 /home1/kmalith2/eonepisode/vendor/laravel/framework/src/Illuminate/Pipeline/Pipeline.php(100): call_user_func(Object(Closure), Object(Illuminate\Http\Request))
#14 /home1/kmalith2/eonepisode/vendor/laravel/framework/src/Illuminate/Foundation/Http/Kernel.php(111): Illuminate\Pipeline\Pipeline->then(Object(Closure))
#15 /home1/kmalith2/eonepisode/vendor/laravel/framework/src/Illuminate/Foundation/Http/Kernel.php(84): Illuminate\Foundation\Http\Kernel->sendRequestThroughRouter(Object(Illuminate\Http\Request))
#16 /home1/kmalith2/public_html/index.php(53): Illuminate\Foundation\Http\Kernel->handle(Object(Illuminate\Http\Request))
#17 {main}  
[2026-09-07 03:13:21] local.ERROR: Illuminate\Session\TokenMismatchException in /home1/kmalith2/eonepisode/vendor/laravel/framework/src/Illuminate/Foundation/Http/Middleware/VerifyCsrfToken.php:46
Stack trace:
#0 /home1/kmalith2/eonepisode/app/Http/Middleware/VerifyCsrfToken.php(17): Illuminate\Foundation\Http\Middleware\VerifyCsrfToken->handle(Object(Illuminate\Http\Request), Object(Closure))
#1 /home1/kmalith2/eonepisode/vendor/laravel/framework/src/Illuminate/Pipeline/Pipeline.php(125): App\Http\Middleware\VerifyCsrfToken->handle(Object(Illuminate\Http\Request), Object(Closure))
#2 /home1/kmalith2/eonepisode/vendor/laravel/framework/src/Illuminate/View/Middleware/ShareErrorsFromSession.php(55): Illuminate\Pipeline\Pipeline->Illuminate\Pipeline\{closure}(Object(Illuminate\Http\Request))
#3 /home1/kmalith2/eonepisode/vendor/laravel/framework/src/Illuminate/Pipeline/Pipeline.php(125): Illuminate\View\Middleware\ShareErrorsFromSession->handle(Object(Illuminate\Http\Request), Object(Closure))
#4 /home1/kmalith2/eonepisode/vendor/laravel/framework/src/Illuminate/Session/Middleware/StartSession.php(61): Illuminate\Pipeline\Pipeline->Illuminate\Pipeline\{closure}(Object(Illuminate\Http\Request))
#5 /home1/kmalith2/eonepisode/vendor/laravel/framework/src/Illuminate/Pipeline/Pipeline.php(125): Illuminate\Session\Middleware\StartSession->handle(Object(Illuminate\Http\Request), Object(Closure))
#6 /home1/kmalith2/eonepisode/vendor/laravel/framework/src/Illuminate/Cookie/Middleware/AddQueuedCookiesToResponse.php(36): Illuminate\Pipeline\Pipeline->Illuminate\Pipeline\{closure}(Object(Illuminate\Http\Request))
#7 /home1/kmalith2/eonepisode/vendor/laravel/framework/src/Illuminate/Pipeline/Pipeline.php(125): Illuminate\Cookie\Middleware\AddQueuedCookiesToResponse->handle(Object(Illuminate\Http\Request), Object(Closure))
#8 /home1/kmalith2/eonepisode/vendor/laravel/framework/src/Illuminate/Cookie/Middleware/EncryptCookies.php(40): Illuminate\Pipeline\Pipeline->Illuminate\Pipeline\{closure}(Object(Illuminate\Http\Request))
#9 /home1/kmalith2/eonepisode/vendor/laravel/framework/src/Illuminate/Pipeline/Pipeline.php(125): Illuminate\Cookie\Middleware\EncryptCookies->handle(Object(Illuminate\Http\Request), Object(Closure))
#10 /home1/kmalith2/eonepisode/app/Http/Middleware/CheckForMaintenanceMode.php(26): Illuminate\Pipeline\Pipeline->Illuminate\Pipeline\{closure}(Object(Illuminate\Http\Request))
#11 /home1/kmalith2/eonepisode/vendor/laravel/framework/src/Illuminate/Pipeline/Pipeline.php(125): App\Http\Middleware\CheckForMaintenanceMode->handle(Object(Illuminate\Http\Request), Object(Closure))
#12 [internal function]: Illuminate\Pipeline\Pipeline->Illuminate\Pipeline\{closure}(Object(Illuminate\Http\Request))
#13 /home1/kmalith2/eonepisode/vendor/laravel/framework/src/Illuminate/Pipeline/Pipeline.php(100): call_user_func(Object(Closure), Object(Illuminate\Http\Request))
#14 /home1/kmalith2/eonepisode/vendor/laravel/framework/src/Illuminate/Foundation/Http/Kernel.php(111): Illuminate\Pipeline\Pipeline->then(Object(Closure))
#15 /home1/kmalith2/eonepisode/vendor/laravel/framework/src/Illuminate/Foundation/Http/Kernel.php(84): Illuminate\Foundation\Http\Kernel->sendRequestThroughRouter(Object(Illuminate\Http\Request))
#16 /home1/kmalith2/public_html/index.php(53): Illuminate\Foundation\Http\Kernel->handle(Object(Illuminate\Http\Request))
#17 {main}  
[2026-09-07 03:13:21] local.ERROR: Illuminate\Session\TokenMismatchException in /home1/kmalith2/eonepisode/vendor/laravel/framework/src/Illuminate/Foundation/Http/Middleware/VerifyCsrfToken.php:46
Stack trace:
#0 /home1/kmalith2/eonepisode/app/Http/Middleware/VerifyCsrfToken.php(17): Illuminate\Foundation\Http\Middleware\VerifyCsrfToken->handle(Object(Illuminate\Http\Request), Object(Closure))
#1 /home1/kmalith2/eonepisode/vendor/laravel/framework/src/Illuminate/Pipeline/Pipeline.php(125): App\Http\Middleware\VerifyCsrfToken->handle(Object(Illuminate\Http\Request), Object(Closure))
#2 /home1/kmalith2/eonepisode/vendor/laravel/framework/src/Illuminate/View/Middleware/ShareErrorsFromSession.php(55): Illuminate\Pipeline\Pipeline->Illuminate\Pipeline\{closure}(Object(Illuminate\Http\Request))
#3 /home1/kmalith2/eonepisode/vendor/laravel/framework/src/Illuminate/Pipeline/Pipeline.php(125): Illuminate\View\Middleware\ShareErrorsFromSession->handle(Object(Illuminate\Http\Request), Object(Closure))
#4 /home1/kmalith2/eonepisode/vendor/laravel/framework/src/Illuminate/Session/Middleware/StartSession.php(61): Illuminate\Pipeline\Pipeline->Illuminate\Pipeline\{closure}(Object(Illuminate\Http\Request))
#5 /home1/kmalith2/eonepisode/vendor/laravel/framework/src/Illuminate/Pipeline/Pipeline.php(125): Illuminate\Session\Middleware\StartSession->handle(Object(Illuminate\Http\Request), Object(Closure))
#6 /home1/kmalith2/eonepisode/vendor/laravel/framework/src/Illuminate/Cookie/Middleware/AddQueuedCookiesToResponse.php(36): Illuminate\Pipeline\Pipeline->Illuminate\Pipeline\{closure}(Object(Illuminate\Http\Request))
#7 /home1/kmalith2/eonepisode/vendor/laravel/framework/src/Illuminate/Pipeline/Pipeline.php(125): Illuminate\Cookie\Middleware\AddQueuedCookiesToResponse->handle(Object(Illuminate\Http\Request), Object(Closure))
#8 /home1/kmalith2/eonepisode/vendor/laravel/framework/src/Illuminate/Cookie/Middleware/EncryptCookies.php(40): Illuminate\Pipeline\Pipeline->Illuminate\Pipeline\{closure}(Object(Illuminate\Http\Request))
#9 /home1/kmalith2/eonepisode/vendor/laravel/framework/src/Illuminate/Pipeline/Pipeline.php(125): Illuminate\Cookie\Middleware\EncryptCookies->handle(Object(Illuminate\Http\Request), Object(Closure))
#10 /home1/kmalith2/eonepisode/app/Http/Middleware/CheckForMaintenanceMode.php(26): Illuminate\Pipeline\Pipeline->Illuminate\Pipeline\{closure}(Object(Illuminate\Http\Request))
#11 /home1/kmalith2/eonepisode/vendor/laravel/framework/src/Illuminate/Pipeline/Pipeline.php(125): App\Http\Middleware\CheckForMaintenanceMode->handle(Object(Illuminate\Http\Request), Object(Closure))
#12 [internal function]: Illuminate\Pipeline\Pipeline->Illuminate\Pipeline\{closure}(Object(Illuminate\Http\Request))
#13 /home1/kmalith2/eonepisode/vendor/laravel/framework/src/Illuminate/Pipeline/Pipeline.php(100): call_user_func(Object(Closure), Object(Illuminate\Http\Request))
#14 /home1/kmalith2/eonepisode/vendor/laravel/framework/src/Illuminate/Foundation/Http/Kernel.php(111): Illuminate\Pipeline\Pipeline->then(Object(Closure))
#15 /home1/kmalith2/eonepisode/vendor/laravel/framework/src/Illuminate/Foundation/Http/Kernel.php(84): Illuminate\Foundation\Http\Kernel->sendRequestThroughRouter(Object(Illuminate\Http\Request))
#16 /home1/kmalith2/public_html/index.php(53): Illuminate\Foundation\Http\Kernel->handle(Object(Illuminate\Http\Request))
#17 {main}  
[2026-09-07 03:13:24] local.ERROR: Illuminate\Session\TokenMismatchException in /home1/kmalith2/eonepisode/vendor/laravel/framework/src/Illuminate/Foundation/Http/Middleware/VerifyCsrfToken.php:46
Stack trace:
#0 /home1/kmalith2/eonepisode/app/Http/Middleware/VerifyCsrfToken.php(17): Illuminate\Foundation\Http\Middleware\VerifyCsrfToken->handle(Object(Illuminate\Http\Request), Object(Closure))
#1 /home1/kmalith2/eonepisode/vendor/laravel/framework/src/Illuminate/Pipeline/Pipeline.php(125): App\Http\Middleware\VerifyCsrfToken->handle(Object(Illuminate\Http\Request), Object(Closure))
#2 /home1/kmalith2/eonepisode/vendor/laravel/framework/src/Illuminate/View/Middleware/ShareErrorsFromSession.php(55): Illuminate\Pipeline\Pipeline->Illuminate\Pipeline\{closure}(Object(Illuminate\Http\Request))
#3 /home1/kmalith2/eonepisode/vendor/laravel/framework/src/Illuminate/Pipeline/Pipeline.php(125): Illuminate\View\Middleware\ShareErrorsFromSession->handle(Object(Illuminate\Http\Request), Object(Closure))
#4 /home1/kmalith2/eonepisode/vendor/laravel/framework/src/Illuminate/Session/Middleware/StartSession.php(61): Illuminate\Pipeline\Pipeline->Illuminate\Pipeline\{closure}(Object(Illuminate\Http\Request))
#5 /home1/kmalith2/eonepisode/vendor/laravel/framework/src/Illuminate/Pipeline/Pipeline.php(125): Illuminate\Session\Middleware\StartSession->handle(Object(Illuminate\Http\Request), Object(Closure))
#6 /home1/kmalith2/eonepisode/vendor/laravel/framework/src/Illuminate/Cookie/Middleware/AddQueuedCookiesToResponse.php(36): Illuminate\Pipeline\Pipeline->Illuminate\Pipeline\{closure}(Object(Illuminate\Http\Request))
#7 /home1/kmalith2/eonepisode/vendor/laravel/framework/src/Illuminate/Pipeline/Pipeline.php(125): Illuminate\Cookie\Middleware\AddQueuedCookiesToResponse->handle(Object(Illuminate\Http\Request), Object(Closure))
#8 /home1/kmalith2/eonepisode/vendor/laravel/framework/src/Illuminate/Cookie/Middleware/EncryptCookies.php(40): Illuminate\Pipeline\Pipeline->Illuminate\Pipeline\{closure}(Object(Illuminate\Http\Request))
#9 /home1/kmalith2/eonepisode/vendor/laravel/framework/src/Illuminate/Pipeline/Pipeline.php(125): Illuminate\Cookie\Middleware\EncryptCookies->handle(Object(Illuminate\Http\Request), Object(Closure))
#10 /home1/kmalith2/eonepisode/app/Http/Middleware/CheckForMaintenanceMode.php(26): Illuminate\Pipeline\Pipeline->Illuminate\Pipeline\{closure}(Object(Illuminate\Http\Request))
#11 /home1/kmalith2/eonepisode/vendor/laravel/framework/src/Illuminate/Pipeline/Pipeline.php(125): App\Http\Middleware\CheckForMaintenanceMode->handle(Object(Illuminate\Http\Request), Object(Closure))
#12 [internal function]: Illuminate\Pipeline\Pipeline->Illuminate\Pipeline\{closure}(Object(Illuminate\Http\Request))
#13 /home1/kmalith2/eonepisode/vendor/laravel/framework/src/Illuminate/Pipeline/Pipeline.php(100): call_user_func(Object(Closure), Object(Illuminate\Http\Request))
#14 /home1/kmalith2/eonepisode/vendor/laravel/framework/src/Illuminate/Foundation/Http/Kernel.php(111): Illuminate\Pipeline\Pipeline->then(Object(Closure))
#15 /home1/kmalith2/eonepisode/vendor/laravel/framework/src/Illuminate/Foundation/Http/Kernel.php(84): Illuminate\Foundation\Http\Kernel->sendRequestThroughRouter(Object(Illuminate\Http\Request))
#16 /home1/kmalith2/public_html/index.php(53): Illuminate\Foundation\Http\Kernel->handle(Object(Illuminate\Http\Request))
#17 {main}  
[2026-09-07 03:13:25] local.ERROR: Illuminate\Session\TokenMismatchException in /home1/kmalith2/eonepisode/vendor/laravel/framework/src/Illuminate/Foundation/Http/Middleware/VerifyCsrfToken.php:46
Stack trace:
#0 /home1/kmalith2/eonepisode/app/Http/Middleware/VerifyCsrfToken.php(17): Illuminate\Foundation\Http\Middleware\VerifyCsrfToken->handle(Object(Illuminate\Http\Request), Object(Closure))
#1 /home1/kmalith2/eonepisode/vendor/laravel/framework/src/Illuminate/Pipeline/Pipeline.php(125): App\Http\Middleware\VerifyCsrfToken->handle(Object(Illuminate\Http\Request), Object(Closure))
#2 /home1/kmalith2/eonepisode/vendor/laravel/framework/src/Illuminate/View/Middleware/ShareErrorsFromSession.php(55): Illuminate\Pipeline\Pipeline->Illuminate\Pipeline\{closure}(Object(Illuminate\Http\Request))
#3 /home1/kmalith2/eonepisode/vendor/laravel/framework/src/Illuminate/Pipeline/Pipeline.php(125): Illuminate\View\Middleware\ShareErrorsFromSession->handle(Object(Illuminate\Http\Request), Object(Closure))
#4 /home1/kmalith2/eonepisode/vendor/laravel/framework/src/Illuminate/Session/Middleware/StartSession.php(61): Illuminate\Pipeline\Pipeline->Illuminate\Pipeline\{closure}(Object(Illuminate\Http\Request))
#5 /home1/kmalith2/eonepisode/vendor/laravel/framework/src/Illuminate/Pipeline/Pipeline.php(125): Illuminate\Session\Middleware\StartSession->handle(Object(Illuminate\Http\Request), Object(Closure))
#6 /home1/kmalith2/eonepisode/vendor/laravel/framework/src/Illuminate/Cookie/Middleware/AddQueuedCookiesToResponse.php(36): Illuminate\Pipeline\Pipeline->Illuminate\Pipeline\{closure}(Object(Illuminate\Http\Request))
#7 /home1/kmalith2/eonepisode/vendor/laravel/framework/src/Illuminate/Pipeline/Pipeline.php(125): Illuminate\Cookie\Middleware\AddQueuedCookiesToResponse->handle(Object(Illuminate\Http\Request), Object(Closure))
#8 /home1/kmalith2/eonepisode/vendor/laravel/framework/src/Illuminate/Cookie/Middleware/EncryptCookies.php(40): Illuminate\Pipeline\Pipeline->Illuminate\Pipeline\{closure}(Object(Illuminate\Http\Request))
#9 /home1/kmalith2/eonepisode/vendor/laravel/framework/src/Illuminate/Pipeline/Pipeline.php(125): Illuminate\Cookie\Middleware\EncryptCookies->handle(Object(Illuminate\Http\Request), Object(Closure))
#10 /home1/kmalith2/eonepisode/app/Http/Middleware/CheckForMaintenanceMode.php(26): Illuminate\Pipeline\Pipeline->Illuminate\Pipeline\{closure}(Object(Illuminate\Http\Request))
#11 /home1/kmalith2/eonepisode/vendor/laravel/framework/src/Illuminate/Pipeline/Pipeline.php(125): App\Http\Middleware\CheckForMaintenanceMode->handle(Object(Illuminate\Http\Request), Object(Closure))
#12 [internal function]: Illuminate\Pipeline\Pipeline->Illuminate\Pipeline\{closure}(Object(Illuminate\Http\Request))
#13 /home1/kmalith2/eonepisode/vendor/laravel/framework/src/Illuminate/Pipeline/Pipeline.php(100): call_user_func(Object(Closure), Object(Illuminate\Http\Request))
#14 /home1/kmalith2/eonepisode/vendor/laravel/framework/src/Illuminate/Foundation/Http/Kernel.php(111): Illuminate\Pipeline\Pipeline->then(Object(Closure))
#15 /home1/kmalith2/eonepisode/vendor/laravel/framework/src/Illuminate/Foundation/Http/Kernel.php(84): Illuminate\Foundation\Http\Kernel->sendRequestThroughRouter(Object(Illuminate\Http\Request))
#16 /home1/kmalith2/public_html/index.php(53): Illuminate\Foundation\Http\Kernel->handle(Object(Illuminate\Http\Request))
#17 {main}  
[2026-09-07 03:13:25] local.ERROR: Illuminate\Session\TokenMismatchException in /home1/kmalith2/eonepisode/vendor/laravel/framework/src/Illuminate/Foundation/Http/Middleware/VerifyCsrfToken.php:46
Stack trace:
#0 /home1/kmalith2/eonepisode/app/Http/Middleware/VerifyCsrfToken.php(17): Illuminate\Foundation\Http\Middleware\VerifyCsrfToken->handle(Object(Illuminate\Http\Request), Object(Closure))
#1 /home1/kmalith2/eonepisode/vendor/laravel/framework/src/Illuminate/Pipeline/Pipeline.php(125): App\Http\Middleware\VerifyCsrfToken->handle(Object(Illuminate\Http\Request), Object(Closure))
#2 /home1/kmalith2/eonepisode/vendor/laravel/framework/src/Illuminate/View/Middleware/ShareErrorsFromSession.php(55): Illuminate\Pipeline\Pipeline->Illuminate\Pipeline\{closure}(Object(Illuminate\Http\Request))
#3 /home1/kmalith2/eonepisode/vendor/laravel/framework/src/Illuminate/Pipeline/Pipeline.php(125): Illuminate\View\Middleware\ShareErrorsFromSession->handle(Object(Illuminate\Http\Request), Object(Closure))
#4 /home1/kmalith2/eonepisode/vendor/laravel/framework/src/Illuminate/Session/Middleware/StartSession.php(61): Illuminate\Pipeline\Pipeline->Illuminate\Pipeline\{closure}(Object(Illuminate\Http\Request))
#5 /home1/kmalith2/eonepisode/vendor/laravel/framework/src/Illuminate/Pipeline/Pipeline.php(125): Illuminate\Session\Middleware\StartSession->handle(Object(Illuminate\Http\Request), Object(Closure))
#6 /home1/kmalith2/eonepisode/vendor/laravel/framework/src/Illuminate/Cookie/Middleware/AddQueuedCookiesToResponse.php(36): Illuminate\Pipeline\Pipeline->Illuminate\Pipeline\{closure}(Object(Illuminate\Http\Request))
#7 /home1/kmalith2/eonepisode/vendor/laravel/framework/src/Illuminate/Pipeline/Pipeline.php(125): Illuminate\Cookie\Middleware\AddQueuedCookiesToResponse->handle(Object(Illuminate\Http\Request), Object(Closure))
#8 /home1/kmalith2/eonepisode/vendor/laravel/framework/src/Illuminate/Cookie/Middleware/EncryptCookies.php(40): Illuminate\Pipeline\Pipeline->Illuminate\Pipeline\{closure}(Object(Illuminate\Http\Request))
#9 /home1/kmalith2/eonepisode/vendor/laravel/framework/src/Illuminate/Pipeline/Pipeline.php(125): Illuminate\Cookie\Middleware\EncryptCookies->handle(Object(Illuminate\Http\Request), Object(Closure))
#10 /home1/kmalith2/eonepisode/app/Http/Middleware/CheckForMaintenanceMode.php(26): Illuminate\Pipeline\Pipeline->Illuminate\Pipeline\{closure}(Object(Illuminate\Http\Request))
#11 /home1/kmalith2/eonepisode/vendor/laravel/framework/src/Illuminate/Pipeline/Pipeline.php(125): App\Http\Middleware\CheckForMaintenanceMode->handle(Object(Illuminate\Http\Request), Object(Closure))
#12 [internal function]: Illuminate\Pipeline\Pipeline->Illuminate\Pipeline\{closure}(Object(Illuminate\Http\Request))
#13 /home1/kmalith2/eonepisode/vendor/laravel/framework/src/Illuminate/Pipeline/Pipeline.php(100): call_user_func(Object(Closure), Object(Illuminate\Http\Request))
#14 /home1/kmalith2/eonepisode/vendor/laravel/framework/src/Illuminate/Foundation/Http/Kernel.php(111): Illuminate\Pipeline\Pipeline->then(Object(Closure))
#15 /home1/kmalith2/eonepisode/vendor/laravel/framework/src/Illuminate/Foundation/Http/Kernel.php(84): Illuminate\Foundation\Http\Kernel->sendRequestThroughRouter(Object(Illuminate\Http\Request))
#16 /home1/kmalith2/public_html/index.php(53): Illuminate\Foundation\Http\Kernel->handle(Object(Illuminate\Http\Request))
#17 {main}  
[2026-09-07 03:13:26] local.ERROR: Illuminate\Session\TokenMismatchException in /home1/kmalith2/eonepisode/vendor/laravel/framework/src/Illuminate/Foundation/Http/Middleware/VerifyCsrfToken.php:46
Stack trace:
#0 /home1/kmalith2/eonepisode/app/Http/Middleware/VerifyCsrfToken.php(17): Illuminate\Foundation\Http\Middleware\VerifyCsrfToken->handle(Object(Illuminate\Http\Request), Object(Closure))
#1 /home1/kmalith2/eonepisode/vendor/laravel/framework/src/Illuminate/Pipeline/Pipeline.php(125): App\Http\Middleware\VerifyCsrfToken->handle(Object(Illuminate\Http\Request), Object(Closure))
#2 /home1/kmalith2/eonepisode/vendor/laravel/framework/src/Illuminate/View/Middleware/ShareErrorsFromSession.php(55): Illuminate\Pipeline\Pipeline->Illuminate\Pipeline\{closure}(Object(Illuminate\Http\Request))
#3 /home1/kmalith2/eonepisode/vendor/laravel/framework/src/Illuminate/Pipeline/Pipeline.php(125): Illuminate\View\Middleware\ShareErrorsFromSession->handle(Object(Illuminate\Http\Request), Object(Closure))
#4 /home1/kmalith2/eonepisode/vendor/laravel/framework/src/Illuminate/Session/Middleware/StartSession.php(61): Illuminate\Pipeline\Pipeline->Illuminate\Pipeline\{closure}(Object(Illuminate\Http\Request))
#5 /home1/kmalith2/eonepisode/vendor/laravel/framework/src/Illuminate/Pipeline/Pipeline.php(125): Illuminate\Session\Middleware\StartSession->handle(Object(Illuminate\Http\Request), Object(Closure))
#6 /home1/kmalith2/eonepisode/vendor/laravel/framework/src/Illuminate/Cookie/Middleware/AddQueuedCookiesToResponse.php(36): Illuminate\Pipeline\Pipeline->Illuminate\Pipeline\{closure}(Object(Illuminate\Http\Request))
#7 /home1/kmalith2/eonepisode/vendor/laravel/framework/src/Illuminate/Pipeline/Pipeline.php(125): Illuminate\Cookie\Middleware\AddQueuedCookiesToResponse->handle(Object(Illuminate\Http\Request), Object(Closure))
#8 /home1/kmalith2/eonepisode/vendor/laravel/framework/src/Illuminate/Cookie/Middleware/EncryptCookies.php(40): Illuminate\Pipeline\Pipeline->Illuminate\Pipeline\{closure}(Object(Illuminate\Http\Request))
#9 /home1/kmalith2/eonepisode/vendor/laravel/framework/src/Illuminate/Pipeline/Pipeline.php(125): Illuminate\Cookie\Middleware\EncryptCookies->handle(Object(Illuminate\Http\Request), Object(Closure))
#10 /home1/kmalith2/eonepisode/app/Http/Middleware/CheckForMaintenanceMode.php(26): Illuminate\Pipeline\Pipeline->Illuminate\Pipeline\{closure}(Object(Illuminate\Http\Request))
#11 /home1/kmalith2/eonepisode/vendor/laravel/framework/src/Illuminate/Pipeline/Pipeline.php(125): App\Http\Middleware\CheckForMaintenanceMode->handle(Object(Illuminate\Http\Request), Object(Closure))
#12 [internal function]: Illuminate\Pipeline\Pipeline->Illuminate\Pipeline\{closure}(Object(Illuminate\Http\Request))
#13 /home1/kmalith2/eonepisode/vendor/laravel/framework/src/Illuminate/Pipeline/Pipeline.php(100): call_user_func(Object(Closure), Object(Illuminate\Http\Request))
#14 /home1/kmalith2/eonepisode/vendor/laravel/framework/src/Illuminate/Foundation/Http/Kernel.php(111): Illuminate\Pipeline\Pipeline->then(Object(Closure))
#15 /home1/kmalith2/eonepisode/vendor/laravel/framework/src/Illuminate/Foundation/Http/Kernel.php(84): Illuminate\Foundation\Http\Kernel->sendRequestThroughRouter(Object(Illuminate\Http\Request))
#16 /home1/kmalith2/public_html/index.php(53): Illuminate\Foundation\Http\Kernel->handle(Object(Illuminate\Http\Request))
#17 {main}  
[2026-09-07 03:13:27] local.ERROR: Illuminate\Session\TokenMismatchException in /home1/kmalith2/eonepisode/vendor/laravel/framework/src/Illuminate/Foundation/Http/Middleware/VerifyCsrfToken.php:46
Stack trace:
#0 /home1/kmalith2/eonepisode/app/Http/Middleware/VerifyCsrfToken.php(17): Illuminate\Foundation\Http\Middleware\VerifyCsrfToken->handle(Object(Illuminate\Http\Request), Object(Closure))
#1 /home1/kmalith2/eonepisode/vendor/laravel/framework/src/Illuminate/Pipeline/Pipeline.php(125): App\Http\Middleware\VerifyCsrfToken->handle(Object(Illuminate\Http\Request), Object(Closure))
#2 /home1/kmalith2/eonepisode/vendor/laravel/framework/src/Illuminate/View/Middleware/ShareErrorsFromSession.php(55): Illuminate\Pipeline\Pipeline->Illuminate\Pipeline\{closure}(Object(Illuminate\Http\Request))
#3 /home1/kmalith2/eonepisode/vendor/laravel/framework/src/Illuminate/Pipeline/Pipeline.php(125): Illuminate\View\Middleware\ShareErrorsFromSession->handle(Object(Illuminate\Http\Request), Object(Closure))
#4 /home1/kmalith2/eonepisode/vendor/laravel/framework/src/Illuminate/Session/Middleware/StartSession.php(61): Illuminate\Pipeline\Pipeline->Illuminate\Pipeline\{closure}(Object(Illuminate\Http\Request))
#5 /home1/kmalith2/eonepisode/vendor/laravel/framework/src/Illuminate/Pipeline/Pipeline.php(125): Illuminate\Session\Middleware\StartSession->handle(Object(Illuminate\Http\Request), Object(Closure))
#6 /home1/kmalith2/eonepisode/vendor/laravel/framework/src/Illuminate/Cookie/Middleware/AddQueuedCookiesToResponse.php(36): Illuminate\Pipeline\Pipeline->Illuminate\Pipeline\{closure}(Object(Illuminate\Http\Request))
#7 /home1/kmalith2/eonepisode/vendor/laravel/framework/src/Illuminate/Pipeline/Pipeline.php(125): Illuminate\Cookie\Middleware\AddQueuedCookiesToResponse->handle(Object(Illuminate\Http\Request), Object(Closure))
#8 /home1/kmalith2/eonepisode/vendor/laravel/framework/src/Illuminate/Cookie/Middleware/EncryptCookies.php(40): Illuminate\Pipeline\Pipeline->Illuminate\Pipeline\{closure}(Object(Illuminate\Http\Request))
#9 /home1/kmalith2/eonepisode/vendor/laravel/framework/src/Illuminate/Pipeline/Pipeline.php(125): Illuminate\Cookie\Middleware\EncryptCookies->handle(Object(Illuminate\Http\Request), Object(Closure))
#10 /home1/kmalith2/eonepisode/app/Http/Middleware/CheckForMaintenanceMode.php(26): Illuminate\Pipeline\Pipeline->Illuminate\Pipeline\{closure}(Object(Illuminate\Http\Request))
#11 /home1/kmalith2/eonepisode/vendor/laravel/framework/src/Illuminate/Pipeline/Pipeline.php(125): App\Http\Middleware\CheckForMaintenanceMode->handle(Object(Illuminate\Http\Request), Object(Closure))
#12 [internal function]: Illuminate\Pipeline\Pipeline->Illuminate\Pipeline\{closure}(Object(Illuminate\Http\Request))
#13 /home1/kmalith2/eonepisode/vendor/laravel/framework/src/Illuminate/Pipeline/Pipeline.php(100): call_user_func(Object(Closure), Object(Illuminate\Http\Request))
#14 /home1/kmalith2/eonepisode/vendor/laravel/framework/src/Illuminate/Foundation/Http/Kernel.php(111): Illuminate\Pipeline\Pipeline->then(Object(Closure))
#15 /home1/kmalith2/eonepisode/vendor/laravel/framework/src/Illuminate/Foundation/Http/Kernel.php(84): Illuminate\Foundation\Http\Kernel->sendRequestThroughRouter(Object(Illuminate\Http\Request))
#16 /home1/kmalith2/public_html/index.php(53): Illuminate\Foundation\Http\Kernel->handle(Object(Illuminate\Http\Request))
#17 {main}  
[2026-09-07 03:13:30] local.ERROR: Illuminate\Session\TokenMismatchException in /home1/kmalith2/eonepisode/vendor/laravel/framework/src/Illuminate/Foundation/Http/Middleware/VerifyCsrfToken.php:46
Stack trace:
#0 /home1/kmalith2/eonepisode/app/Http/Middleware/VerifyCsrfToken.php(17): Illuminate\Foundation\Http\Middleware\VerifyCsrfToken->handle(Object(Illuminate\Http\Request), Object(Closure))
#1 /home1/kmalith2/eonepisode/vendor/laravel/framework/src/Illuminate/Pipeline/Pipeline.php(125): App\Http\Middleware\VerifyCsrfToken->handle(Object(Illuminate\Http\Request), Object(Closure))
#2 /home1/kmalith2/eonepisode/vendor/laravel/framework/src/Illuminate/View/Middleware/ShareErrorsFromSession.php(55): Illuminate\Pipeline\Pipeline->Illuminate\Pipeline\{closure}(Object(Illuminate\Http\Request))
#3 /home1/kmalith2/eonepisode/vendor/laravel/framework/src/Illuminate/Pipeline/Pipeline.php(125): Illuminate\View\Middleware\ShareErrorsFromSession->handle(Object(Illuminate\Http\Request), Object(Closure))
#4 /home1/kmalith2/eonepisode/vendor/laravel/framework/src/Illuminate/Session/Middleware/StartSession.php(61): Illuminate\Pipeline\Pipeline->Illuminate\Pipeline\{closure}(Object(Illuminate\Http\Request))
#5 /home1/kmalith2/eonepisode/vendor/laravel/framework/src/Illuminate/Pipeline/Pipeline.php(125): Illuminate\Session\Middleware\StartSession->handle(Object(Illuminate\Http\Request), Object(Closure))
#6 /home1/kmalith2/eonepisode/vendor/laravel/framework/src/Illuminate/Cookie/Middleware/AddQueuedCookiesToResponse.php(36): Illuminate\Pipeline\Pipeline->Illuminate\Pipeline\{closure}(Object(Illuminate\Http\Request))
#7 /home1/kmalith2/eonepisode/vendor/laravel/framework/src/Illuminate/Pipeline/Pipeline.php(125): Illuminate\Cookie\Middleware\AddQueuedCookiesToResponse->handle(Object(Illuminate\Http\Request), Object(Closure))
#8 /home1/kmalith2/eonepisode/vendor/laravel/framework/src/Illuminate/Cookie/Middleware/EncryptCookies.php(40): Illuminate\Pipeline\Pipeline->Illuminate\Pipeline\{closure}(Object(Illuminate\Http\Request))
#9 /home1/kmalith2/eonepisode/vendor/laravel/framework/src/Illuminate/Pipeline/Pipeline.php(125): Illuminate\Cookie\Middleware\EncryptCookies->handle(Object(Illuminate\Http\Request), Object(Closure))
#10 /home1/kmalith2/eonepisode/app/Http/Middleware/CheckForMaintenanceMode.php(26): Illuminate\Pipeline\Pipeline->Illuminate\Pipeline\{closure}(Object(Illuminate\Http\Request))
#11 /home1/kmalith2/eonepisode/vendor/laravel/framework/src/Illuminate/Pipeline/Pipeline.php(125): App\Http\Middleware\CheckForMaintenanceMode->handle(Object(Illuminate\Http\Request), Object(Closure))
#12 [internal function]: Illuminate\Pipeline\Pipeline->Illuminate\Pipeline\{closure}(Object(Illuminate\Http\Request))
#13 /home1/kmalith2/eonepisode/vendor/laravel/framework/src/Illuminate/Pipeline/Pipeline.php(100): call_user_func(Object(Closure), Object(Illuminate\Http\Request))
#14 /home1/kmalith2/eonepisode/vendor/laravel/framework/src/Illuminate/Foundation/Http/Kernel.php(111): Illuminate\Pipeline\Pipeline->then(Object(Closure))
#15 /home1/kmalith2/eonepisode/vendor/laravel/framework/src/Illuminate/Foundation/Http/Kernel.php(84): Illuminate\Foundation\Http\Kernel->sendRequestThroughRouter(Object(Illuminate\Http\Request))
#16 /home1/kmalith2/public_html/index.php(53): Illuminate\Foundation\Http\Kernel->handle(Object(Illuminate\Http\Request))
#17 {main}  
[2026-09-07 03:13:31] local.ERROR: Illuminate\Session\TokenMismatchException in /home1/kmalith2/eonepisode/vendor/laravel/framework/src/Illuminate/Foundation/Http/Middleware/VerifyCsrfToken.php:46
Stack trace:
#0 /home1/kmalith2/eonepisode/app/Http/Middleware/VerifyCsrfToken.php(17): Illuminate\Foundation\Http\Middleware\VerifyCsrfToken->handle(Object(Illuminate\Http\Request), Object(Closure))
#1 /home1/kmalith2/eonepisode/vendor/laravel/framework/src/Illuminate/Pipeline/Pipeline.php(125): App\Http\Middleware\VerifyCsrfToken->handle(Object(Illuminate\Http\Request), Object(Closure))
#2 /home1/kmalith2/eonepisode/vendor/laravel/framework/src/Illuminate/View/Middleware/ShareErrorsFromSession.php(55): Illuminate\Pipeline\Pipeline->Illuminate\Pipeline\{closure}(Object(Illuminate\Http\Request))
#3 /home1/kmalith2/eonepisode/vendor/laravel/framework/src/Illuminate/Pipeline/Pipeline.php(125): Illuminate\View\Middleware\ShareErrorsFromSession->handle(Object(Illuminate\Http\Request), Object(Closure))
#4 /home1/kmalith2/eonepisode/vendor/laravel/framework/src/Illuminate/Session/Middleware/StartSession.php(61): Illuminate\Pipeline\Pipeline->Illuminate\Pipeline\{closure}(Object(Illuminate\Http\Request))
#5 /home1/kmalith2/eonepisode/vendor/laravel/framework/src/Illuminate/Pipeline/Pipeline.php(125): Illuminate\Session\Middleware\StartSession->handle(Object(Illuminate\Http\Request), Object(Closure))
#6 /home1/kmalith2/eonepisode/vendor/laravel/framework/src/Illuminate/Cookie/Middleware/AddQueuedCookiesToResponse.php(36): Illuminate\Pipeline\Pipeline->Illuminate\Pipeline\{closure}(Object(Illuminate\Http\Request))
#7 /home1/kmalith2/eonepisode/vendor/laravel/framework/src/Illuminate/Pipeline/Pipeline.php(125): Illuminate\Cookie\Middleware\AddQueuedCookiesToResponse->handle(Object(Illuminate\Http\Request), Object(Closure))
#8 /home1/kmalith2/eonepisode/vendor/laravel/framework/src/Illuminate/Cookie/Middleware/EncryptCookies.php(40): Illuminate\Pipeline\Pipeline->Illuminate\Pipeline\{closure}(Object(Illuminate\Http\Request))
#9 /home1/kmalith2/eonepisode/vendor/laravel/framework/src/Illuminate/Pipeline/Pipeline.php(125): Illuminate\Cookie\Middleware\EncryptCookies->handle(Object(Illuminate\Http\Request), Object(Closure))
#10 /home1/kmalith2/eonepisode/app/Http/Middleware/CheckForMaintenanceMode.php(26): Illuminate\Pipeline\Pipeline->Illuminate\Pipeline\{closure}(Object(Illuminate\Http\Request))
#11 /home1/kmalith2/eonepisode/vendor/laravel/framework/src/Illuminate/Pipeline/Pipeline.php(125): App\Http\Middleware\CheckForMaintenanceMode->handle(Object(Illuminate\Http\Request), Object(Closure))
#12 [internal function]: Illuminate\Pipeline\Pipeline->Illuminate\Pipeline\{closure}(Object(Illuminate\Http\Request))
#13 /home1/kmalith2/eonepisode/vendor/laravel/framework/src/Illuminate/Pipeline/Pipeline.php(100): call_user_func(Object(Closure), Object(Illuminate\Http\Request))
#14 /home1/kmalith2/eonepisode/vendor/laravel/framework/src/Illuminate/Foundation/Http/Kernel.php(111): Illuminate\Pipeline\Pipeline->then(Object(Closure))
#15 /home1/kmalith2/eonepisode/vendor/laravel/framework/src/Illuminate/Foundation/Http/Kernel.php(84): Illuminate\Foundation\Http\Kernel->sendRequestThroughRouter(Object(Illuminate\Http\Request))
#16 /home1/kmalith2/public_html/index.php(53): Illuminate\Foundation\Http\Kernel->handle(Object(Illuminate\Http\Request))
#17 {main}  
[2026-09-07 03:13:31] local.ERROR: Illuminate\Session\TokenMismatchException in /home1/kmalith2/eonepisode/vendor/laravel/framework/src/Illuminate/Foundation/Http/Middleware/VerifyCsrfToken.php:46
Stack trace:
#0 /home1/kmalith2/eonepisode/app/Http/Middleware/VerifyCsrfToken.php(17): Illuminate\Foundation\Http\Middleware\VerifyCsrfToken->handle(Object(Illuminate\Http\Request), Object(Closure))
#1 /home1/kmalith2/eonepisode/vendor/laravel/framework/src/Illuminate/Pipeline/Pipeline.php(125): App\Http\Middleware\VerifyCsrfToken->handle(Object(Illuminate\Http\Request), Object(Closure))
#2 /home1/kmalith2/eonepisode/vendor/laravel/framework/src/Illuminate/View/Middleware/ShareErrorsFromSession.php(55): Illuminate\Pipeline\Pipeline->Illuminate\Pipeline\{closure}(Object(Illuminate\Http\Request))
#3 /home1/kmalith2/eonepisode/vendor/laravel/framework/src/Illuminate/Pipeline/Pipeline.php(125): Illuminate\View\Middleware\ShareErrorsFromSession->handle(Object(Illuminate\Http\Request), Object(Closure))
#4 /home1/kmalith2/eonepisode/vendor/laravel/framework/src/Illuminate/Session/Middleware/StartSession.php(61): Illuminate\Pipeline\Pipeline->Illuminate\Pipeline\{closure}(Object(Illuminate\Http\Request))
#5 /home1/kmalith2/eonepisode/vendor/laravel/framework/src/Illuminate/Pipeline/Pipeline.php(125): Illuminate\Session\Middleware\StartSession->handle(Object(Illuminate\Http\Request), Object(Closure))
#6 /home1/kmalith2/eonepisode/vendor/laravel/framework/src/Illuminate/Cookie/Middleware/AddQueuedCookiesToResponse.php(36): Illuminate\Pipeline\Pipeline->Illuminate\Pipeline\{closure}(Object(Illuminate\Http\Request))
#7 /home1/kmalith2/eonepisode/vendor/laravel/framework/src/Illuminate/Pipeline/Pipeline.php(125): Illuminate\Cookie\Middleware\AddQueuedCookiesToResponse->handle(Object(Illuminate\Http\Request), Object(Closure))
#8 /home1/kmalith2/eonepisode/vendor/laravel/framework/src/Illuminate/Cookie/Middleware/EncryptCookies.php(40): Illuminate\Pipeline\Pipeline->Illuminate\Pipeline\{closure}(Object(Illuminate\Http\Request))
#9 /home1/kmalith2/eonepisode/vendor/laravel/framework/src/Illuminate/Pipeline/Pipeline.php(125): Illuminate\Cookie\Middleware\EncryptCookies->handle(Object(Illuminate\Http\Request), Object(Closure))
#10 /home1/kmalith2/eonepisode/app/Http/Middleware/CheckForMaintenanceMode.php(26): Illuminate\Pipeline\Pipeline->Illuminate\Pipeline\{closure}(Object(Illuminate\Http\Request))
#11 /home1/kmalith2/eonepisode/vendor/laravel/framework/src/Illuminate/Pipeline/Pipeline.php(125): App\Http\Middleware\CheckForMaintenanceMode->handle(Object(Illuminate\Http\Request), Object(Closure))
#12 [internal function]: Illuminate\Pipeline\Pipeline->Illuminate\Pipeline\{closure}(Object(Illuminate\Http\Request))
#13 /home1/kmalith2/eonepisode/vendor/laravel/framework/src/Illuminate/Pipeline/Pipeline.php(100): call_user_func(Object(Closure), Object(Illuminate\Http\Request))
#14 /home1/kmalith2/eonepisode/vendor/laravel/framework/src/Illuminate/Foundation/Http/Kernel.php(111): Illuminate\Pipeline\Pipeline->then(Object(Closure))
#15 /home1/kmalith2/eonepisode/vendor/laravel/framework/src/Illuminate/Foundation/Http/Kernel.php(84): Illuminate\Foundation\Http\Kernel->sendRequestThroughRouter(Object(Illuminate\Http\Request))
#16 /home1/kmalith2/public_html/index.php(53): Illuminate\Foundation\Http\Kernel->handle(Object(Illuminate\Http\Request))
#17 {main}  
[2026-09-07 03:13:32] local.ERROR: Illuminate\Session\TokenMismatchException in /home1/kmalith2/eonepisode/vendor/laravel/framework/src/Illuminate/Foundation/Http/Middleware/VerifyCsrfToken.php:46
Stack trace:
#0 /home1/kmalith2/eonepisode/app/Http/Middleware/VerifyCsrfToken.php(17): Illuminate\Foundation\Http\Middleware\VerifyCsrfToken->handle(Object(Illuminate\Http\Request), Object(Closure))
#1 /home1/kmalith2/eonepisode/vendor/laravel/framework/src/Illuminate/Pipeline/Pipeline.php(125): App\Http\Middleware\VerifyCsrfToken->handle(Object(Illuminate\Http\Request), Object(Closure))
#2 /home1/kmalith2/eonepisode/vendor/laravel/framework/src/Illuminate/View/Middleware/ShareErrorsFromSession.php(55): Illuminate\Pipeline\Pipeline->Illuminate\Pipeline\{closure}(Object(Illuminate\Http\Request))
#3 /home1/kmalith2/eonepisode/vendor/laravel/framework/src/Illuminate/Pipeline/Pipeline.php(125): Illuminate\View\Middleware\ShareErrorsFromSession->handle(Object(Illuminate\Http\Request), Object(Closure))
#4 /home1/kmalith2/eonepisode/vendor/laravel/framework/src/Illuminate/Session/Middleware/StartSession.php(61): Illuminate\Pipeline\Pipeline->Illuminate\Pipeline\{closure}(Object(Illuminate\Http\Request))
#5 /home1/kmalith2/eonepisode/vendor/laravel/framework/src/Illuminate/Pipeline/Pipeline.php(125): Illuminate\Session\Middleware\StartSession->handle(Object(Illuminate\Http\Request), Object(Closure))
#6 /home1/kmalith2/eonepisode/vendor/laravel/framework/src/Illuminate/Cookie/Middleware/AddQueuedCookiesToResponse.php(36): Illuminate\Pipeline\Pipeline->Illuminate\Pipeline\{closure}(Object(Illuminate\Http\Request))
#7 /home1/kmalith2/eonepisode/vendor/laravel/framework/src/Illuminate/Pipeline/Pipeline.php(125): Illuminate\Cookie\Middleware\AddQueuedCookiesToResponse->handle(Object(Illuminate\Http\Request), Object(Closure))
#8 /home1/kmalith2/eonepisode/vendor/laravel/framework/src/Illuminate/Cookie/Middleware/EncryptCookies.php(40): Illuminate\Pipeline\Pipeline->Illuminate\Pipeline\{closure}(Object(Illuminate\Http\Request))
#9 /home1/kmalith2/eonepisode/vendor/laravel/framework/src/Illuminate/Pipeline/Pipeline.php(125): Illuminate\Cookie\Middleware\EncryptCookies->handle(Object(Illuminate\Http\Request), Object(Closure))
#10 /home1/kmalith2/eonepisode/app/Http/Middleware/CheckForMaintenanceMode.php(26): Illuminate\Pipeline\Pipeline->Illuminate\Pipeline\{closure}(Object(Illuminate\Http\Request))
#11 /home1/kmalith2/eonepisode/vendor/laravel/framework/src/Illuminate/Pipeline/Pipeline.php(125): App\Http\Middleware\CheckForMaintenanceMode->handle(Object(Illuminate\Http\Request), Object(Closure))
#12 [internal function]: Illuminate\Pipeline\Pipeline->Illuminate\Pipeline\{closure}(Object(Illuminate\Http\Request))
#13 /home1/kmalith2/eonepisode/vendor/laravel/framework/src/Illuminate/Pipeline/Pipeline.php(100): call_user_func(Object(Closure), Object(Illuminate\Http\Request))
#14 /home1/kmalith2/eonepisode/vendor/laravel/framework/src/Illuminate/Foundation/Http/Kernel.php(111): Illuminate\Pipeline\Pipeline->then(Object(Closure))
#15 /home1/kmalith2/eonepisode/vendor/laravel/framework/src/Illuminate/Foundation/Http/Kernel.php(84): Illuminate\Foundation\Http\Kernel->sendRequestThroughRouter(Object(Illuminate\Http\Request))
#16 /home1/kmalith2/public_html/index.php(53): Illuminate\Foundation\Http\Kernel->handle(Object(Illuminate\Http\Request))
#17 {main}  
[2026-09-07 03:13:34] local.ERROR: Illuminate\Session\TokenMismatchException in /home1/kmalith2/eonepisode/vendor/laravel/framework/src/Illuminate/Foundation/Http/Middleware/VerifyCsrfToken.php:46
Stack trace:
#0 /home1/kmalith2/eonepisode/app/Http/Middleware/VerifyCsrfToken.php(17): Illuminate\Foundation\Http\Middleware\VerifyCsrfToken->handle(Object(Illuminate\Http\Request), Object(Closure))
#1 /home1/kmalith2/eonepisode/vendor/laravel/framework/src/Illuminate/Pipeline/Pipeline.php(125): App\Http\Middleware\VerifyCsrfToken->handle(Object(Illuminate\Http\Request), Object(Closure))
#2 /home1/kmalith2/eonepisode/vendor/laravel/framework/src/Illuminate/View/Middleware/ShareErrorsFromSession.php(55): Illuminate\Pipeline\Pipeline->Illuminate\Pipeline\{closure}(Object(Illuminate\Http\Request))
#3 /home1/kmalith2/eonepisode/vendor/laravel/framework/src/Illuminate/Pipeline/Pipeline.php(125): Illuminate\View\Middleware\ShareErrorsFromSession->handle(Object(Illuminate\Http\Request), Object(Closure))
#4 /home1/kmalith2/eonepisode/vendor/laravel/framework/src/Illuminate/Session/Middleware/StartSession.php(61): Illuminate\Pipeline\Pipeline->Illuminate\Pipeline\{closure}(Object(Illuminate\Http\Request))
#5 /home1/kmalith2/eonepisode/vendor/laravel/framework/src/Illuminate/Pipeline/Pipeline.php(125): Illuminate\Session\Middleware\StartSession->handle(Object(Illuminate\Http\Request), Object(Closure))
#6 /home1/kmalith2/eonepisode/vendor/laravel/framework/src/Illuminate/Cookie/Middleware/AddQueuedCookiesToResponse.php(36): Illuminate\Pipeline\Pipeline->Illuminate\Pipeline\{closure}(Object(Illuminate\Http\Request))
#7 /home1/kmalith2/eonepisode/vendor/laravel/framework/src/Illuminate/Pipeline/Pipeline.php(125): Illuminate\Cookie\Middleware\AddQueuedCookiesToResponse->handle(Object(Illuminate\Http\Request), Object(Closure))
#8 /home1/kmalith2/eonepisode/vendor/laravel/framework/src/Illuminate/Cookie/Middleware/EncryptCookies.php(40): Illuminate\Pipeline\Pipeline->Illuminate\Pipeline\{closure}(Object(Illuminate\Http\Request))
#9 /home1/kmalith2/eonepisode/vendor/laravel/framework/src/Illuminate/Pipeline/Pipeline.php(125): Illuminate\Cookie\Middleware\EncryptCookies->handle(Object(Illuminate\Http\Request), Object(Closure))
#10 /home1/kmalith2/eonepisode/app/Http/Middleware/CheckForMaintenanceMode.php(26): Illuminate\Pipeline\Pipeline->Illuminate\Pipeline\{closure}(Object(Illuminate\Http\Request))
#11 /home1/kmalith2/eonepisode/vendor/laravel/framework/src/Illuminate/Pipeline/Pipeline.php(125): App\Http\Middleware\CheckForMaintenanceMode->handle(Object(Illuminate\Http\Request), Object(Closure))
#12 [internal function]: Illuminate\Pipeline\Pipeline->Illuminate\Pipeline\{closure}(Object(Illuminate\Http\Request))
#13 /home1/kmalith2/eonepisode/vendor/laravel/framework/src/Illuminate/Pipeline/Pipeline.php(100): call_user_func(Object(Closure), Object(Illuminate\Http\Request))
#14 /home1/kmalith2/eonepisode/vendor/laravel/framework/src/Illuminate/Foundation/Http/Kernel.php(111): Illuminate\Pipeline\Pipeline->then(Object(Closure))
#15 /home1/kmalith2/eonepisode/vendor/laravel/framework/src/Illuminate/Foundation/Http/Kernel.php(84): Illuminate\Foundation\Http\Kernel->sendRequestThroughRouter(Object(Illuminate\Http\Request))
#16 /home1/kmalith2/public_html/index.php(53): Illuminate\Foundation\Http\Kernel->handle(Object(Illuminate\Http\Request))
#17 {main}  
[2026-09-07 03:13:37] local.ERROR: Illuminate\Session\TokenMismatchException in /home1/kmalith2/eonepisode/vendor/laravel/framework/src/Illuminate/Foundation/Http/Middleware/VerifyCsrfToken.php:46
Stack trace:
#0 /home1/kmalith2/eonepisode/app/Http/Middleware/VerifyCsrfToken.php(17): Illuminate\Foundation\Http\Middleware\VerifyCsrfToken->handle(Object(Illuminate\Http\Request), Object(Closure))
#1 /home1/kmalith2/eonepisode/vendor/laravel/framework/src/Illuminate/Pipeline/Pipeline.php(125): App\Http\Middleware\VerifyCsrfToken->handle(Object(Illuminate\Http\Request), Object(Closure))
#2 /home1/kmalith2/eonepisode/vendor/laravel/framework/src/Illuminate/View/Middleware/ShareErrorsFromSession.php(55): Illuminate\Pipeline\Pipeline->Illuminate\Pipeline\{closure}(Object(Illuminate\Http\Request))
#3 /home1/kmalith2/eonepisode/vendor/laravel/framework/src/Illuminate/Pipeline/Pipeline.php(125): Illuminate\View\Middleware\ShareErrorsFromSession->handle(Object(Illuminate\Http\Request), Object(Closure))
#4 /home1/kmalith2/eonepisode/vendor/laravel/framework/src/Illuminate/Session/Middleware/StartSession.php(61): Illuminate\Pipeline\Pipeline->Illuminate\Pipeline\{closure}(Object(Illuminate\Http\Request))
#5 /home1/kmalith2/eonepisode/vendor/laravel/framework/src/Illuminate/Pipeline/Pipeline.php(125): Illuminate\Session\Middleware\StartSession->handle(Object(Illuminate\Http\Request), Object(Closure))
#6 /home1/kmalith2/eonepisode/vendor/laravel/framework/src/Illuminate/Cookie/Middleware/AddQueuedCookiesToResponse.php(36): Illuminate\Pipeline\Pipeline->Illuminate\Pipeline\{closure}(Object(Illuminate\Http\Request))
#7 /home1/kmalith2/eonepisode/vendor/laravel/framework/src/Illuminate/Pipeline/Pipeline.php(125): Illuminate\Cookie\Middleware\AddQueuedCookiesToResponse->handle(Object(Illuminate\Http\Request), Object(Closure))
#8 /home1/kmalith2/eonepisode/vendor/laravel/framework/src/Illuminate/Cookie/Middleware/EncryptCookies.php(40): Illuminate\Pipeline\Pipeline->Illuminate\Pipeline\{closure}(Object(Illuminate\Http\Request))
#9 /home1/kmalith2/eonepisode/vendor/laravel/framework/src/Illuminate/Pipeline/Pipeline.php(125): Illuminate\Cookie\Middleware\EncryptCookies->handle(Object(Illuminate\Http\Request), Object(Closure))
#10 /home1/kmalith2/eonepisode/app/Http/Middleware/CheckForMaintenanceMode.php(26): Illuminate\Pipeline\Pipeline->Illuminate\Pipeline\{closure}(Object(Illuminate\Http\Request))
#11 /home1/kmalith2/eonepisode/vendor/laravel/framework/src/Illuminate/Pipeline/Pipeline.php(125): App\Http\Middleware\CheckForMaintenanceMode->handle(Object(Illuminate\Http\Request), Object(Closure))
#12 [internal function]: Illuminate\Pipeline\Pipeline->Illuminate\Pipeline\{closure}(Object(Illuminate\Http\Request))
#13 /home1/kmalith2/eonepisode/vendor/laravel/framework/src/Illuminate/Pipeline/Pipeline.php(100): call_user_func(Object(Closure), Object(Illuminate\Http\Request))
#14 /home1/kmalith2/eonepisode/vendor/laravel/framework/src/Illuminate/Foundation/Http/Kernel.php(111): Illuminate\Pipeline\Pipeline->then(Object(Closure))
#15 /home1/kmalith2/eonepisode/vendor/laravel/framework/src/Illuminate/Foundation/Http/Kernel.php(84): Illuminate\Foundation\Http\Kernel->sendRequestThroughRouter(Object(Illuminate\Http\Request))
#16 /home1/kmalith2/public_html/index.php(53): Illuminate\Foundation\Http\Kernel->handle(Object(Illuminate\Http\Request))
#17 {main}  
[2026-09-07 03:13:38] local.ERROR: Illuminate\Session\TokenMismatchException in /home1/kmalith2/eonepisode/vendor/laravel/framework/src/Illuminate/Foundation/Http/Middleware/VerifyCsrfToken.php:46
Stack trace:
#0 /home1/kmalith2/eonepisode/app/Http/Middleware/VerifyCsrfToken.php(17): Illuminate\Foundation\Http\Middleware\VerifyCsrfToken->handle(Object(Illuminate\Http\Request), Object(Closure))
#1 /home1/kmalith2/eonepisode/vendor/laravel/framework/src/Illuminate/Pipeline/Pipeline.php(125): App\Http\Middleware\VerifyCsrfToken->handle(Object(Illuminate\Http\Request), Object(Closure))
#2 /home1/kmalith2/eonepisode/vendor/laravel/framework/src/Illuminate/View/Middleware/ShareErrorsFromSession.php(55): Illuminate\Pipeline\Pipeline->Illuminate\Pipeline\{closure}(Object(Illuminate\Http\Request))
#3 /home1/kmalith2/eonepisode/vendor/laravel/framework/src/Illuminate/Pipeline/Pipeline.php(125): Illuminate\View\Middleware\ShareErrorsFromSession->handle(Object(Illuminate\Http\Request), Object(Closure))
#4 /home1/kmalith2/eonepisode/vendor/laravel/framework/src/Illuminate/Session/Middleware/StartSession.php(61): Illuminate\Pipeline\Pipeline->Illuminate\Pipeline\{closure}(Object(Illuminate\Http\Request))
#5 /home1/kmalith2/eonepisode/vendor/laravel/framework/src/Illuminate/Pipeline/Pipeline.php(125): Illuminate\Session\Middleware\StartSession->handle(Object(Illuminate\Http\Request), Object(Closure))
#6 /home1/kmalith2/eonepisode/vendor/laravel/framework/src/Illuminate/Cookie/Middleware/AddQueuedCookiesToResponse.php(36): Illuminate\Pipeline\Pipeline->Illuminate\Pipeline\{closure}(Object(Illuminate\Http\Request))
#7 /home1/kmalith2/eonepisode/vendor/laravel/framework/src/Illuminate/Pipeline/Pipeline.php(125): Illuminate\Cookie\Middleware\AddQueuedCookiesToResponse->handle(Object(Illuminate\Http\Request), Object(Closure))
#8 /home1/kmalith2/eonepisode/vendor/laravel/framework/src/Illuminate/Cookie/Middleware/EncryptCookies.php(40): Illuminate\Pipeline\Pipeline->Illuminate\Pipeline\{closure}(Object(Illuminate\Http\Request))
#9 /home1/kmalith2/eonepisode/vendor/laravel/framework/src/Illuminate/Pipeline/Pipeline.php(125): Illuminate\Cookie\Middleware\EncryptCookies->handle(Object(Illuminate\Http\Request), Object(Closure))
#10 /home1/kmalith2/eonepisode/app/Http/Middleware/CheckForMaintenanceMode.php(26): Illuminate\Pipeline\Pipeline->Illuminate\Pipeline\{closure}(Object(Illuminate\Http\Request))
#11 /home1/kmalith2/eonepisode/vendor/laravel/framework/src/Illuminate/Pipeline/Pipeline.php(125): App\Http\Middleware\CheckForMaintenanceMode->handle(Object(Illuminate\Http\Request), Object(Closure))
#12 [internal function]: Illuminate\Pipeline\Pipeline->Illuminate\Pipeline\{closure}(Object(Illuminate\Http\Request))
#13 /home1/kmalith2/eonepisode/vendor/laravel/framework/src/Illuminate/Pipeline/Pipeline.php(100): call_user_func(Object(Closure), Object(Illuminate\Http\Request))
#14 /home1/kmalith2/eonepisode/vendor/laravel/framework/src/Illuminate/Foundation/Http/Kernel.php(111): Illuminate\Pipeline\Pipeline->then(Object(Closure))
#15 /home1/kmalith2/eonepisode/vendor/laravel/framework/src/Illuminate/Foundation/Http/Kernel.php(84): Illuminate\Foundation\Http\Kernel->sendRequestThroughRouter(Object(Illuminate\Http\Request))
#16 /home1/kmalith2/public_html/index.php(53): Illuminate\Foundation\Http\Kernel->handle(Object(Illuminate\Http\Request))
#17 {main}  
[2026-09-07 03:13:38] local.ERROR: Illuminate\Session\TokenMismatchException in /home1/kmalith2/eonepisode/vendor/laravel/framework/src/Illuminate/Foundation/Http/Middleware/VerifyCsrfToken.php:46
Stack trace:
#0 /home1/kmalith2/eonepisode/app/Http/Middleware/VerifyCsrfToken.php(17): Illuminate\Foundation\Http\Middleware\VerifyCsrfToken->handle(Object(Illuminate\Http\Request), Object(Closure))
#1 /home1/kmalith2/eonepisode/vendor/laravel/framework/src/Illuminate/Pipeline/Pipeline.php(125): App\Http\Middleware\VerifyCsrfToken->handle(Object(Illuminate\Http\Request), Object(Closure))
#2 /home1/kmalith2/eonepisode/vendor/laravel/framework/src/Illuminate/View/Middleware/ShareErrorsFromSession.php(55): Illuminate\Pipeline\Pipeline->Illuminate\Pipeline\{closure}(Object(Illuminate\Http\Request))
#3 /home1/kmalith2/eonepisode/vendor/laravel/framework/src/Illuminate/Pipeline/Pipeline.php(125): Illuminate\View\Middleware\ShareErrorsFromSession->handle(Object(Illuminate\Http\Request), Object(Closure))
#4 /home1/kmalith2/eonepisode/vendor/laravel/framework/src/Illuminate/Session/Middleware/StartSession.php(61): Illuminate\Pipeline\Pipeline->Illuminate\Pipeline\{closure}(Object(Illuminate\Http\Request))
#5 /home1/kmalith2/eonepisode/vendor/laravel/framework/src/Illuminate/Pipeline/Pipeline.php(125): Illuminate\Session\Middleware\StartSession->handle(Object(Illuminate\Http\Request), Object(Closure))
#6 /home1/kmalith2/eonepisode/vendor/laravel/framework/src/Illuminate/Cookie/Middleware/AddQueuedCookiesToResponse.php(36): Illuminate\Pipeline\Pipeline->Illuminate\Pipeline\{closure}(Object(Illuminate\Http\Request))
#7 /home1/kmalith2/eonepisode/vendor/laravel/framework/src/Illuminate/Pipeline/Pipeline.php(125): Illuminate\Cookie\Middleware\AddQueuedCookiesToResponse->handle(Object(Illuminate\Http\Request), Object(Closure))
#8 /home1/kmalith2/eonepisode/vendor/laravel/framework/src/Illuminate/Cookie/Middleware/EncryptCookies.php(40): Illuminate\Pipeline\Pipeline->Illuminate\Pipeline\{closure}(Object(Illuminate\Http\Request))
#9 /home1/kmalith2/eonepisode/vendor/laravel/framework/src/Illuminate/Pipeline/Pipeline.php(125): Illuminate\Cookie\Middleware\EncryptCookies->handle(Object(Illuminate\Http\Request), Object(Closure))
#10 /home1/kmalith2/eonepisode/app/Http/Middleware/CheckForMaintenanceMode.php(26): Illuminate\Pipeline\Pipeline->Illuminate\Pipeline\{closure}(Object(Illuminate\Http\Request))
#11 /home1/kmalith2/eonepisode/vendor/laravel/framework/src/Illuminate/Pipeline/Pipeline.php(125): App\Http\Middleware\CheckForMaintenanceMode->handle(Object(Illuminate\Http\Request), Object(Closure))
#12 [internal function]: Illuminate\Pipeline\Pipeline->Illuminate\Pipeline\{closure}(Object(Illuminate\Http\Request))
#13 /home1/kmalith2/eonepisode/vendor/laravel/framework/src/Illuminate/Pipeline/Pipeline.php(100): call_user_func(Object(Closure), Object(Illuminate\Http\Request))
#14 /home1/kmalith2/eonepisode/vendor/laravel/framework/src/Illuminate/Foundation/Http/Kernel.php(111): Illuminate\Pipeline\Pipeline->then(Object(Closure))
#15 /home1/kmalith2/eonepisode/vendor/laravel/framework/src/Illuminate/Foundation/Http/Kernel.php(84): Illuminate\Foundation\Http\Kernel->sendRequestThroughRouter(Object(Illuminate\Http\Request))
#16 /home1/kmalith2/public_html/index.php(53): Illuminate\Foundation\Http\Kernel->handle(Object(Illuminate\Http\Request))
#17 {main}  
[2026-09-07 03:13:39] local.ERROR: Illuminate\Session\TokenMismatchException in /home1/kmalith2/eonepisode/vendor/laravel/framework/src/Illuminate/Foundation/Http/Middleware/VerifyCsrfToken.php:46
Stack trace:
#0 /home1/kmalith2/eonepisode/app/Http/Middleware/VerifyCsrfToken.php(17): Illuminate\Foundation\Http\Middleware\VerifyCsrfToken->handle(Object(Illuminate\Http\Request), Object(Closure))
#1 /home1/kmalith2/eonepisode/vendor/laravel/framework/src/Illuminate/Pipeline/Pipeline.php(125): App\Http\Middleware\VerifyCsrfToken->handle(Object(Illuminate\Http\Request), Object(Closure))
#2 /home1/kmalith2/eonepisode/vendor/laravel/framework/src/Illuminate/View/Middleware/ShareErrorsFromSession.php(55): Illuminate\Pipeline\Pipeline->Illuminate\Pipeline\{closure}(Object(Illuminate\Http\Request))
#3 /home1/kmalith2/eonepisode/vendor/laravel/framework/src/Illuminate/Pipeline/Pipeline.php(125): Illuminate\View\Middleware\ShareErrorsFromSession->handle(Object(Illuminate\Http\Request), Object(Closure))
#4 /home1/kmalith2/eonepisode/vendor/laravel/framework/src/Illuminate/Session/Middleware/StartSession.php(61): Illuminate\Pipeline\Pipeline->Illuminate\Pipeline\{closure}(Object(Illuminate\Http\Request))
#5 /home1/kmalith2/eonepisode/vendor/laravel/framework/src/Illuminate/Pipeline/Pipeline.php(125): Illuminate\Session\Middleware\StartSession->handle(Object(Illuminate\Http\Request), Object(Closure))
#6 /home1/kmalith2/eonepisode/vendor/laravel/framework/src/Illuminate/Cookie/Middleware/AddQueuedCookiesToResponse.php(36): Illuminate\Pipeline\Pipeline->Illuminate\Pipeline\{closure}(Object(Illuminate\Http\Request))
#7 /home1/kmalith2/eonepisode/vendor/laravel/framework/src/Illuminate/Pipeline/Pipeline.php(125): Illuminate\Cookie\Middleware\AddQueuedCookiesToResponse->handle(Object(Illuminate\Http\Request), Object(Closure))
#8 /home1/kmalith2/eonepisode/vendor/laravel/framework/src/Illuminate/Cookie/Middleware/EncryptCookies.php(40): Illuminate\Pipeline\Pipeline->Illuminate\Pipeline\{closure}(Object(Illuminate\Http\Request))
#9 /home1/kmalith2/eonepisode/vendor/laravel/framework/src/Illuminate/Pipeline/Pipeline.php(125): Illuminate\Cookie\Middleware\EncryptCookies->handle(Object(Illuminate\Http\Request), Object(Closure))
#10 /home1/kmalith2/eonepisode/app/Http/Middleware/CheckForMaintenanceMode.php(26): Illuminate\Pipeline\Pipeline->Illuminate\Pipeline\{closure}(Object(Illuminate\Http\Request))
#11 /home1/kmalith2/eonepisode/vendor/laravel/framework/src/Illuminate/Pipeline/Pipeline.php(125): App\Http\Middleware\CheckForMaintenanceMode->handle(Object(Illuminate\Http\Request), Object(Closure))
#12 [internal function]: Illuminate\Pipeline\Pipeline->Illuminate\Pipeline\{closure}(Object(Illuminate\Http\Request))
#13 /home1/kmalith2/eonepisode/vendor/laravel/framework/src/Illuminate/Pipeline/Pipeline.php(100): call_user_func(Object(Closure), Object(Illuminate\Http\Request))
#14 /home1/kmalith2/eonepisode/vendor/laravel/framework/src/Illuminate/Foundation/Http/Kernel.php(111): Illuminate\Pipeline\Pipeline->then(Object(Closure))
#15 /home1/kmalith2/eonepisode/vendor/laravel/framework/src/Illuminate/Foundation/Http/Kernel.php(84): Illuminate\Foundation\Http\Kernel->sendRequestThroughRouter(Object(Illuminate\Http\Request))
#16 /home1/kmalith2/public_html/index.php(53): Illuminate\Foundation\Http\Kernel->handle(Object(Illuminate\Http\Request))
#17 {main}  
[2026-09-07 03:13:40] local.ERROR: Illuminate\Session\TokenMismatchException in /home1/kmalith2/eonepisode/vendor/laravel/framework/src/Illuminate/Foundation/Http/Middleware/VerifyCsrfToken.php:46
Stack trace:
#0 /home1/kmalith2/eonepisode/app/Http/Middleware/VerifyCsrfToken.php(17): Illuminate\Foundation\Http\Middleware\VerifyCsrfToken->handle(Object(Illuminate\Http\Request), Object(Closure))
#1 /home1/kmalith2/eonepisode/vendor/laravel/framework/src/Illuminate/Pipeline/Pipeline.php(125): App\Http\Middleware\VerifyCsrfToken->handle(Object(Illuminate\Http\Request), Object(Closure))
#2 /home1/kmalith2/eonepisode/vendor/laravel/framework/src/Illuminate/View/Middleware/ShareErrorsFromSession.php(55): Illuminate\Pipeline\Pipeline->Illuminate\Pipeline\{closure}(Object(Illuminate\Http\Request))
#3 /home1/kmalith2/eonepisode/vendor/laravel/framework/src/Illuminate/Pipeline/Pipeline.php(125): Illuminate\View\Middleware\ShareErrorsFromSession->handle(Object(Illuminate\Http\Request), Object(Closure))
#4 /home1/kmalith2/eonepisode/vendor/laravel/framework/src/Illuminate/Session/Middleware/StartSession.php(61): Illuminate\Pipeline\Pipeline->Illuminate\Pipeline\{closure}(Object(Illuminate\Http\Request))
#5 /home1/kmalith2/eonepisode/vendor/laravel/framework/src/Illuminate/Pipeline/Pipeline.php(125): Illuminate\Session\Middleware\StartSession->handle(Object(Illuminate\Http\Request), Object(Closure))
#6 /home1/kmalith2/eonepisode/vendor/laravel/framework/src/Illuminate/Cookie/Middleware/AddQueuedCookiesToResponse.php(36): Illuminate\Pipeline\Pipeline->Illuminate\Pipeline\{closure}(Object(Illuminate\Http\Request))
#7 /home1/kmalith2/eonepisode/vendor/laravel/framework/src/Illuminate/Pipeline/Pipeline.php(125): Illuminate\Cookie\Middleware\AddQueuedCookiesToResponse->handle(Object(Illuminate\Http\Request), Object(Closure))
#8 /home1/kmalith2/eonepisode/vendor/laravel/framework/src/Illuminate/Cookie/Middleware/EncryptCookies.php(40): Illuminate\Pipeline\Pipeline->Illuminate\Pipeline\{closure}(Object(Illuminate\Http\Request))
#9 /home1/kmalith2/eonepisode/vendor/laravel/framework/src/Illuminate/Pipeline/Pipeline.php(125): Illuminate\Cookie\Middleware\EncryptCookies->handle(Object(Illuminate\Http\Request), Object(Closure))
#10 /home1/kmalith2/eonepisode/app/Http/Middleware/CheckForMaintenanceMode.php(26): Illuminate\Pipeline\Pipeline->Illuminate\Pipeline\{closure}(Object(Illuminate\Http\Request))
#11 /home1/kmalith2/eonepisode/vendor/laravel/framework/src/Illuminate/Pipeline/Pipeline.php(125): App\Http\Middleware\CheckForMaintenanceMode->handle(Object(Illuminate\Http\Request), Object(Closure))
#12 [internal function]: Illuminate\Pipeline\Pipeline->Illuminate\Pipeline\{closure}(Object(Illuminate\Http\Request))
#13 /home1/kmalith2/eonepisode/vendor/laravel/framework/src/Illuminate/Pipeline/Pipeline.php(100): call_user_func(Object(Closure), Object(Illuminate\Http\Request))
#14 /home1/kmalith2/eonepisode/vendor/laravel/framework/src/Illuminate/Foundation/Http/Kernel.php(111): Illuminate\Pipeline\Pipeline->then(Object(Closure))
#15 /home1/kmalith2/eonepisode/vendor/laravel/framework/src/Illuminate/Foundation/Http/Kernel.php(84): Illuminate\Foundation\Http\Kernel->sendRequestThroughRouter(Object(Illuminate\Http\Request))
#16 /home1/kmalith2/public_html/index.php(53): Illuminate\Foundation\Http\Kernel->handle(Object(Illuminate\Http\Request))
#17 {main}  
[2026-09-07 03:13:42] local.ERROR: Illuminate\Session\TokenMismatchException in /home1/kmalith2/eonepisode/vendor/laravel/framework/src/Illuminate/Foundation/Http/Middleware/VerifyCsrfToken.php:46
Stack trace:
#0 /home1/kmalith2/eonepisode/app/Http/Middleware/VerifyCsrfToken.php(17): Illuminate\Foundation\Http\Middleware\VerifyCsrfToken->handle(Object(Illuminate\Http\Request), Object(Closure))
#1 /home1/kmalith2/eonepisode/vendor/laravel/framework/src/Illuminate/Pipeline/Pipeline.php(125): App\Http\Middleware\VerifyCsrfToken->handle(Object(Illuminate\Http\Request), Object(Closure))
#2 /home1/kmalith2/eonepisode/vendor/laravel/framework/src/Illuminate/View/Middleware/ShareErrorsFromSession.php(55): Illuminate\Pipeline\Pipeline->Illuminate\Pipeline\{closure}(Object(Illuminate\Http\Request))
#3 /home1/kmalith2/eonepisode/vendor/laravel/framework/src/Illuminate/Pipeline/Pipeline.php(125): Illuminate\View\Middleware\ShareErrorsFromSession->handle(Object(Illuminate\Http\Request), Object(Closure))
#4 /home1/kmalith2/eonepisode/vendor/laravel/framework/src/Illuminate/Session/Middleware/StartSession.php(61): Illuminate\Pipeline\Pipeline->Illuminate\Pipeline\{closure}(Object(Illuminate\Http\Request))
#5 /home1/kmalith2/eonepisode/vendor/laravel/framework/src/Illuminate/Pipeline/Pipeline.php(125): Illuminate\Session\Middleware\StartSession->handle(Object(Illuminate\Http\Request), Object(Closure))
#6 /home1/kmalith2/eonepisode/vendor/laravel/framework/src/Illuminate/Cookie/Middleware/AddQueuedCookiesToResponse.php(36): Illuminate\Pipeline\Pipeline->Illuminate\Pipeline\{closure}(Object(Illuminate\Http\Request))
#7 /home1/kmalith2/eonepisode/vendor/laravel/framework/src/Illuminate/Pipeline/Pipeline.php(125): Illuminate\Cookie\Middleware\AddQueuedCookiesToResponse->handle(Object(Illuminate\Http\Request), Object(Closure))
#8 /home1/kmalith2/eonepisode/vendor/laravel/framework/src/Illuminate/Cookie/Middleware/EncryptCookies.php(40): Illuminate\Pipeline\Pipeline->Illuminate\Pipeline\{closure}(Object(Illuminate\Http\Request))
#9 /home1/kmalith2/eonepisode/vendor/laravel/framework/src/Illuminate/Pipeline/Pipeline.php(125): Illuminate\Cookie\Middleware\EncryptCookies->handle(Object(Illuminate\Http\Request), Object(Closure))
#10 /home1/kmalith2/eonepisode/app/Http/Middleware/CheckForMaintenanceMode.php(26): Illuminate\Pipeline\Pipeline->Illuminate\Pipeline\{closure}(Object(Illuminate\Http\Request))
#11 /home1/kmalith2/eonepisode/vendor/laravel/framework/src/Illuminate/Pipeline/Pipeline.php(125): App\Http\Middleware\CheckForMaintenanceMode->handle(Object(Illuminate\Http\Request), Object(Closure))
#12 [internal function]: Illuminate\Pipeline\Pipeline->Illuminate\Pipeline\{closure}(Object(Illuminate\Http\Request))
#13 /home1/kmalith2/eonepisode/vendor/laravel/framework/src/Illuminate/Pipeline/Pipeline.php(100): call_user_func(Object(Closure), Object(Illuminate\Http\Request))
#14 /home1/kmalith2/eonepisode/vendor/laravel/framework/src/Illuminate/Foundation/Http/Kernel.php(111): Illuminate\Pipeline\Pipeline->then(Object(Closure))
#15 /home1/kmalith2/eonepisode/vendor/laravel/framework/src/Illuminate/Foundation/Http/Kernel.php(84): Illuminate\Foundation\Http\Kernel->sendRequestThroughRouter(Object(Illuminate\Http\Request))
#16 /home1/kmalith2/public_html/index.php(53): Illuminate\Foundation\Http\Kernel->handle(Object(Illuminate\Http\Request))
#17 {main}  
[2026-09-07 03:13:43] local.ERROR: Illuminate\Session\TokenMismatchException in /home1/kmalith2/eonepisode/vendor/laravel/framework/src/Illuminate/Foundation/Http/Middleware/VerifyCsrfToken.php:46
Stack trace:
#0 /home1/kmalith2/eonepisode/app/Http/Middleware/VerifyCsrfToken.php(17): Illuminate\Foundation\Http\Middleware\VerifyCsrfToken->handle(Object(Illuminate\Http\Request), Object(Closure))
#1 /home1/kmalith2/eonepisode/vendor/laravel/framework/src/Illuminate/Pipeline/Pipeline.php(125): App\Http\Middleware\VerifyCsrfToken->handle(Object(Illuminate\Http\Request), Object(Closure))
#2 /home1/kmalith2/eonepisode/vendor/laravel/framework/src/Illuminate/View/Middleware/ShareErrorsFromSession.php(55): Illuminate\Pipeline\Pipeline->Illuminate\Pipeline\{closure}(Object(Illuminate\Http\Request))
#3 /home1/kmalith2/eonepisode/vendor/laravel/framework/src/Illuminate/Pipeline/Pipeline.php(125): Illuminate\View\Middleware\ShareErrorsFromSession->handle(Object(Illuminate\Http\Request), Object(Closure))
#4 /home1/kmalith2/eonepisode/vendor/laravel/framework/src/Illuminate/Session/Middleware/StartSession.php(61): Illuminate\Pipeline\Pipeline->Illuminate\Pipeline\{closure}(Object(Illuminate\Http\Request))
#5 /home1/kmalith2/eonepisode/vendor/laravel/framework/src/Illuminate/Pipeline/Pipeline.php(125): Illuminate\Session\Middleware\StartSession->handle(Object(Illuminate\Http\Request), Object(Closure))
#6 /home1/kmalith2/eonepisode/vendor/laravel/framework/src/Illuminate/Cookie/Middleware/AddQueuedCookiesToResponse.php(36): Illuminate\Pipeline\Pipeline->Illuminate\Pipeline\{closure}(Object(Illuminate\Http\Request))
#7 /home1/kmalith2/eonepisode/vendor/laravel/framework/src/Illuminate/Pipeline/Pipeline.php(125): Illuminate\Cookie\Middleware\AddQueuedCookiesToResponse->handle(Object(Illuminate\Http\Request), Object(Closure))
#8 /home1/kmalith2/eonepisode/vendor/laravel/framework/src/Illuminate/Cookie/Middleware/EncryptCookies.php(40): Illuminate\Pipeline\Pipeline->Illuminate\Pipeline\{closure}(Object(Illuminate\Http\Request))
#9 /home1/kmalith2/eonepisode/vendor/laravel/framework/src/Illuminate/Pipeline/Pipeline.php(125): Illuminate\Cookie\Middleware\EncryptCookies->handle(Object(Illuminate\Http\Request), Object(Closure))
#10 /home1/kmalith2/eonepisode/app/Http/Middleware/CheckForMaintenanceMode.php(26): Illuminate\Pipeline\Pipeline->Illuminate\Pipeline\{closure}(Object(Illuminate\Http\Request))
#11 /home1/kmalith2/eonepisode/vendor/laravel/framework/src/Illuminate/Pipeline/Pipeline.php(125): App\Http\Middleware\CheckForMaintenanceMode->handle(Object(Illuminate\Http\Request), Object(Closure))
#12 [internal function]: Illuminate\Pipeline\Pipeline->Illuminate\Pipeline\{closure}(Object(Illuminate\Http\Request))
#13 /home1/kmalith2/eonepisode/vendor/laravel/framework/src/Illuminate/Pipeline/Pipeline.php(100): call_user_func(Object(Closure), Object(Illuminate\Http\Request))
#14 /home1/kmalith2/eonepisode/vendor/laravel/framework/src/Illuminate/Foundation/Http/Kernel.php(111): Illuminate\Pipeline\Pipeline->then(Object(Closure))
#15 /home1/kmalith2/eonepisode/vendor/laravel/framework/src/Illuminate/Foundation/Http/Kernel.php(84): Illuminate\Foundation\Http\Kernel->sendRequestThroughRouter(Object(Illuminate\Http\Request))
#16 /home1/kmalith2/public_html/index.php(53): Illuminate\Foundation\Http\Kernel->handle(Object(Illuminate\Http\Request))
#17 {main}  
[2026-09-07 03:13:51] local.ERROR: Illuminate\Session\TokenMismatchException in /home1/kmalith2/eonepisode/vendor/laravel/framework/src/Illuminate/Foundation/Http/Middleware/VerifyCsrfToken.php:46
Stack trace:
#0 /home1/kmalith2/eonepisode/app/Http/Middleware/VerifyCsrfToken.php(17): Illuminate\Foundation\Http\Middleware\VerifyCsrfToken->handle(Object(Illuminate\Http\Request), Object(Closure))
#1 /home1/kmalith2/eonepisode/vendor/laravel/framework/src/Illuminate/Pipeline/Pipeline.php(125): App\Http\Middleware\VerifyCsrfToken->handle(Object(Illuminate\Http\Request), Object(Closure))
#2 /home1/kmalith2/eonepisode/vendor/laravel/framework/src/Illuminate/View/Middleware/ShareErrorsFromSession.php(55): Illuminate\Pipeline\Pipeline->Illuminate\Pipeline\{closure}(Object(Illuminate\Http\Request))
#3 /home1/kmalith2/eonepisode/vendor/laravel/framework/src/Illuminate/Pipeline/Pipeline.php(125): Illuminate\View\Middleware\ShareErrorsFromSession->handle(Object(Illuminate\Http\Request), Object(Closure))
#4 /home1/kmalith2/eonepisode/vendor/laravel/framework/src/Illuminate/Session/Middleware/StartSession.php(61): Illuminate\Pipeline\Pipeline->Illuminate\Pipeline\{closure}(Object(Illuminate\Http\Request))
#5 /home1/kmalith2/eonepisode/vendor/laravel/framework/src/Illuminate/Pipeline/Pipeline.php(125): Illuminate\Session\Middleware\StartSession->handle(Object(Illuminate\Http\Request), Object(Closure))
#6 /home1/kmalith2/eonepisode/vendor/laravel/framework/src/Illuminate/Cookie/Middleware/AddQueuedCookiesToResponse.php(36): Illuminate\Pipeline\Pipeline->Illuminate\Pipeline\{closure}(Object(Illuminate\Http\Request))
#7 /home1/kmalith2/eonepisode/vendor/laravel/framework/src/Illuminate/Pipeline/Pipeline.php(125): Illuminate\Cookie\Middleware\AddQueuedCookiesToResponse->handle(Object(Illuminate\Http\Request), Object(Closure))
#8 /home1/kmalith2/eonepisode/vendor/laravel/framework/src/Illuminate/Cookie/Middleware/EncryptCookies.php(40): Illuminate\Pipeline\Pipeline->Illuminate\Pipeline\{closure}(Object(Illuminate\Http\Request))
#9 /home1/kmalith2/eonepisode/vendor/laravel/framework/src/Illuminate/Pipeline/Pipeline.php(125): Illuminate\Cookie\Middleware\EncryptCookies->handle(Object(Illuminate\Http\Request), Object(Closure))
#10 /home1/kmalith2/eonepisode/app/Http/Middleware/CheckForMaintenanceMode.php(26): Illuminate\Pipeline\Pipeline->Illuminate\Pipeline\{closure}(Object(Illuminate\Http\Request))
#11 /home1/kmalith2/eonepisode/vendor/laravel/framework/src/Illuminate/Pipeline/Pipeline.php(125): App\Http\Middleware\CheckForMaintenanceMode->handle(Object(Illuminate\Http\Request), Object(Closure))
#12 [internal function]: Illuminate\Pipeline\Pipeline->Illuminate\Pipeline\{closure}(Object(Illuminate\Http\Request))
#13 /home1/kmalith2/eonepisode/vendor/laravel/framework/src/Illuminate/Pipeline/Pipeline.php(100): call_user_func(Object(Closure), Object(Illuminate\Http\Request))
#14 /home1/kmalith2/eonepisode/vendor/laravel/framework/src/Illuminate/Foundation/Http/Kernel.php(111): Illuminate\Pipeline\Pipeline->then(Object(Closure))
#15 /home1/kmalith2/eonepisode/vendor/laravel/framework/src/Illuminate/Foundation/Http/Kernel.php(84): Illuminate\Foundation\Http\Kernel->sendRequestThroughRouter(Object(Illuminate\Http\Request))
#16 /home1/kmalith2/public_html/index.php(53): Illuminate\Foundation\Http\Kernel->handle(Object(Illuminate\Http\Request))
#17 {main}  
[2026-09-07 03:13:53] local.ERROR: Illuminate\Session\TokenMismatchException in /home1/kmalith2/eonepisode/vendor/laravel/framework/src/Illuminate/Foundation/Http/Middleware/VerifyCsrfToken.php:46
Stack trace:
#0 /home1/kmalith2/eonepisode/app/Http/Middleware/VerifyCsrfToken.php(17): Illuminate\Foundation\Http\Middleware\VerifyCsrfToken->handle(Object(Illuminate\Http\Request), Object(Closure))
#1 /home1/kmalith2/eonepisode/vendor/laravel/framework/src/Illuminate/Pipeline/Pipeline.php(125): App\Http\Middleware\VerifyCsrfToken->handle(Object(Illuminate\Http\Request), Object(Closure))
#2 /home1/kmalith2/eonepisode/vendor/laravel/framework/src/Illuminate/View/Middleware/ShareErrorsFromSession.php(55): Illuminate\Pipeline\Pipeline->Illuminate\Pipeline\{closure}(Object(Illuminate\Http\Request))
#3 /home1/kmalith2/eonepisode/vendor/laravel/framework/src/Illuminate/Pipeline/Pipeline.php(125): Illuminate\View\Middleware\ShareErrorsFromSession->handle(Object(Illuminate\Http\Request), Object(Closure))
#4 /home1/kmalith2/eonepisode/vendor/laravel/framework/src/Illuminate/Session/Middleware/StartSession.php(61): Illuminate\Pipeline\Pipeline->Illuminate\Pipeline\{closure}(Object(Illuminate\Http\Request))
#5 /home1/kmalith2/eonepisode/vendor/laravel/framework/src/Illuminate/Pipeline/Pipeline.php(125): Illuminate\Session\Middleware\StartSession->handle(Object(Illuminate\Http\Request), Object(Closure))
#6 /home1/kmalith2/eonepisode/vendor/laravel/framework/src/Illuminate/Cookie/Middleware/AddQueuedCookiesToResponse.php(36): Illuminate\Pipeline\Pipeline->Illuminate\Pipeline\{closure}(Object(Illuminate\Http\Request))
#7 /home1/kmalith2/eonepisode/vendor/laravel/framework/src/Illuminate/Pipeline/Pipeline.php(125): Illuminate\Cookie\Middleware\AddQueuedCookiesToResponse->handle(Object(Illuminate\Http\Request), Object(Closure))
#8 /home1/kmalith2/eonepisode/vendor/laravel/framework/src/Illuminate/Cookie/Middleware/EncryptCookies.php(40): Illuminate\Pipeline\Pipeline->Illuminate\Pipeline\{closure}(Object(Illuminate\Http\Request))
#9 /home1/kmalith2/eonepisode/vendor/laravel/framework/src/Illuminate/Pipeline/Pipeline.php(125): Illuminate\Cookie\Middleware\EncryptCookies->handle(Object(Illuminate\Http\Request), Object(Closure))
#10 /home1/kmalith2/eonepisode/app/Http/Middleware/CheckForMaintenanceMode.php(26): Illuminate\Pipeline\Pipeline->Illuminate\Pipeline\{closure}(Object(Illuminate\Http\Request))
#11 /home1/kmalith2/eonepisode/vendor/laravel/framework/src/Illuminate/Pipeline/Pipeline.php(125): App\Http\Middleware\CheckForMaintenanceMode->handle(Object(Illuminate\Http\Request), Object(Closure))
#12 [internal function]: Illuminate\Pipeline\Pipeline->Illuminate\Pipeline\{closure}(Object(Illuminate\Http\Request))
#13 /home1/kmalith2/eonepisode/vendor/laravel/framework/src/Illuminate/Pipeline/Pipeline.php(100): call_user_func(Object(Closure), Object(Illuminate\Http\Request))
#14 /home1/kmalith2/eonepisode/vendor/laravel/framework/src/Illuminate/Foundation/Http/Kernel.php(111): Illuminate\Pipeline\Pipeline->then(Object(Closure))
#15 /home1/kmalith2/eonepisode/vendor/laravel/framework/src/Illuminate/Foundation/Http/Kernel.php(84): Illuminate\Foundation\Http\Kernel->sendRequestThroughRouter(Object(Illuminate\Http\Request))
#16 /home1/kmalith2/public_html/index.php(53): Illuminate\Foundation\Http\Kernel->handle(Object(Illuminate\Http\Request))
#17 {main}  
[2026-09-07 03:13:53] local.ERROR: Illuminate\Session\TokenMismatchException in /home1/kmalith2/eonepisode/vendor/laravel/framework/src/Illuminate/Foundation/Http/Middleware/VerifyCsrfToken.php:46
Stack trace:
#0 /home1/kmalith2/eonepisode/app/Http/Middleware/VerifyCsrfToken.php(17): Illuminate\Foundation\Http\Middleware\VerifyCsrfToken->handle(Object(Illuminate\Http\Request), Object(Closure))
#1 /home1/kmalith2/eonepisode/vendor/laravel/framework/src/Illuminate/Pipeline/Pipeline.php(125): App\Http\Middleware\VerifyCsrfToken->handle(Object(Illuminate\Http\Request), Object(Closure))
#2 /home1/kmalith2/eonepisode/vendor/laravel/framework/src/Illuminate/View/Middleware/ShareErrorsFromSession.php(55): Illuminate\Pipeline\Pipeline->Illuminate\Pipeline\{closure}(Object(Illuminate\Http\Request))
#3 /home1/kmalith2/eonepisode/vendor/laravel/framework/src/Illuminate/Pipeline/Pipeline.php(125): Illuminate\View\Middleware\ShareErrorsFromSession->handle(Object(Illuminate\Http\Request), Object(Closure))
#4 /home1/kmalith2/eonepisode/vendor/laravel/framework/src/Illuminate/Session/Middleware/StartSession.php(61): Illuminate\Pipeline\Pipeline->Illuminate\Pipeline\{closure}(Object(Illuminate\Http\Request))
#5 /home1/kmalith2/eonepisode/vendor/laravel/framework/src/Illuminate/Pipeline/Pipeline.php(125): Illuminate\Session\Middleware\StartSession->handle(Object(Illuminate\Http\Request), Object(Closure))
#6 /home1/kmalith2/eonepisode/vendor/laravel/framework/src/Illuminate/Cookie/Middleware/AddQueuedCookiesToResponse.php(36): Illuminate\Pipeline\Pipeline->Illuminate\Pipeline\{closure}(Object(Illuminate\Http\Request))
#7 /home1/kmalith2/eonepisode/vendor/laravel/framework/src/Illuminate/Pipeline/Pipeline.php(125): Illuminate\Cookie\Middleware\AddQueuedCookiesToResponse->handle(Object(Illuminate\Http\Request), Object(Closure))
#8 /home1/kmalith2/eonepisode/vendor/laravel/framework/src/Illuminate/Cookie/Middleware/EncryptCookies.php(40): Illuminate\Pipeline\Pipeline->Illuminate\Pipeline\{closure}(Object(Illuminate\Http\Request))
#9 /home1/kmalith2/eonepisode/vendor/laravel/framework/src/Illuminate/Pipeline/Pipeline.php(125): Illuminate\Cookie\Middleware\EncryptCookies->handle(Object(Illuminate\Http\Request), Object(Closure))
#10 /home1/kmalith2/eonepisode/app/Http/Middleware/CheckForMaintenanceMode.php(26): Illuminate\Pipeline\Pipeline->Illuminate\Pipeline\{closure}(Object(Illuminate\Http\Request))
#11 /home1/kmalith2/eonepisode/vendor/laravel/framework/src/Illuminate/Pipeline/Pipeline.php(125): App\Http\Middleware\CheckForMaintenanceMode->handle(Object(Illuminate\Http\Request), Object(Closure))
#12 [internal function]: Illuminate\Pipeline\Pipeline->Illuminate\Pipeline\{closure}(Object(Illuminate\Http\Request))
#13 /home1/kmalith2/eonepisode/vendor/laravel/framework/src/Illuminate/Pipeline/Pipeline.php(100): call_user_func(Object(Closure), Object(Illuminate\Http\Request))
#14 /home1/kmalith2/eonepisode/vendor/laravel/framework/src/Illuminate/Foundation/Http/Kernel.php(111): Illuminate\Pipeline\Pipeline->then(Object(Closure))
#15 /home1/kmalith2/eonepisode/vendor/laravel/framework/src/Illuminate/Foundation/Http/Kernel.php(84): Illuminate\Foundation\Http\Kernel->sendRequestThroughRouter(Object(Illuminate\Http\Request))
#16 /home1/kmalith2/public_html/index.php(53): Illuminate\Foundation\Http\Kernel->handle(Object(Illuminate\Http\Request))
#17 {main}  
[2026-09-07 03:13:57] local.ERROR: Illuminate\Session\TokenMismatchException in /home1/kmalith2/eonepisode/vendor/laravel/framework/src/Illuminate/Foundation/Http/Middleware/VerifyCsrfToken.php:46
Stack trace:
#0 /home1/kmalith2/eonepisode/app/Http/Middleware/VerifyCsrfToken.php(17): Illuminate\Foundation\Http\Middleware\VerifyCsrfToken->handle(Object(Illuminate\Http\Request), Object(Closure))
#1 /home1/kmalith2/eonepisode/vendor/laravel/framework/src/Illuminate/Pipeline/Pipeline.php(125): App\Http\Middleware\VerifyCsrfToken->handle(Object(Illuminate\Http\Request), Object(Closure))
#2 /home1/kmalith2/eonepisode/vendor/laravel/framework/src/Illuminate/View/Middleware/ShareErrorsFromSession.php(55): Illuminate\Pipeline\Pipeline->Illuminate\Pipeline\{closure}(Object(Illuminate\Http\Request))
#3 /home1/kmalith2/eonepisode/vendor/laravel/framework/src/Illuminate/Pipeline/Pipeline.php(125): Illuminate\View\Middleware\ShareErrorsFromSession->handle(Object(Illuminate\Http\Request), Object(Closure))
#4 /home1/kmalith2/eonepisode/vendor/laravel/framework/src/Illuminate/Session/Middleware/StartSession.php(61): Illuminate\Pipeline\Pipeline->Illuminate\Pipeline\{closure}(Object(Illuminate\Http\Request))
#5 /home1/kmalith2/eonepisode/vendor/laravel/framework/src/Illuminate/Pipeline/Pipeline.php(125): Illuminate\Session\Middleware\StartSession->handle(Object(Illuminate\Http\Request), Object(Closure))
#6 /home1/kmalith2/eonepisode/vendor/laravel/framework/src/Illuminate/Cookie/Middleware/AddQueuedCookiesToResponse.php(36): Illuminate\Pipeline\Pipeline->Illuminate\Pipeline\{closure}(Object(Illuminate\Http\Request))
#7 /home1/kmalith2/eonepisode/vendor/laravel/framework/src/Illuminate/Pipeline/Pipeline.php(125): Illuminate\Cookie\Middleware\AddQueuedCookiesToResponse->handle(Object(Illuminate\Http\Request), Object(Closure))
#8 /home1/kmalith2/eonepisode/vendor/laravel/framework/src/Illuminate/Cookie/Middleware/EncryptCookies.php(40): Illuminate\Pipeline\Pipeline->Illuminate\Pipeline\{closure}(Object(Illuminate\Http\Request))
#9 /home1/kmalith2/eonepisode/vendor/laravel/framework/src/Illuminate/Pipeline/Pipeline.php(125): Illuminate\Cookie\Middleware\EncryptCookies->handle(Object(Illuminate\Http\Request), Object(Closure))
#10 /home1/kmalith2/eonepisode/app/Http/Middleware/CheckForMaintenanceMode.php(26): Illuminate\Pipeline\Pipeline->Illuminate\Pipeline\{closure}(Object(Illuminate\Http\Request))
#11 /home1/kmalith2/eonepisode/vendor/laravel/framework/src/Illuminate/Pipeline/Pipeline.php(125): App\Http\Middleware\CheckForMaintenanceMode->handle(Object(Illuminate\Http\Request), Object(Closure))
#12 [internal function]: Illuminate\Pipeline\Pipeline->Illuminate\Pipeline\{closure}(Object(Illuminate\Http\Request))
#13 /home1/kmalith2/eonepisode/vendor/laravel/framework/src/Illuminate/Pipeline/Pipeline.php(100): call_user_func(Object(Closure), Object(Illuminate\Http\Request))
#14 /home1/kmalith2/eonepisode/vendor/laravel/framework/src/Illuminate/Foundation/Http/Kernel.php(111): Illuminate\Pipeline\Pipeline->then(Object(Closure))
#15 /home1/kmalith2/eonepisode/vendor/laravel/framework/src/Illuminate/Foundation/Http/Kernel.php(84): Illuminate\Foundation\Http\Kernel->sendRequestThroughRouter(Object(Illuminate\Http\Request))
#16 /home1/kmalith2/public_html/index.php(53): Illuminate\Foundation\Http\Kernel->handle(Object(Illuminate\Http\Request))
#17 {main}  
[2026-09-07 03:13:57] local.ERROR: Illuminate\Session\TokenMismatchException in /home1/kmalith2/eonepisode/vendor/laravel/framework/src/Illuminate/Foundation/Http/Middleware/VerifyCsrfToken.php:46
Stack trace:
#0 /home1/kmalith2/eonepisode/app/Http/Middleware/VerifyCsrfToken.php(17): Illuminate\Foundation\Http\Middleware\VerifyCsrfToken->handle(Object(Illuminate\Http\Request), Object(Closure))
#1 /home1/kmalith2/eonepisode/vendor/laravel/framework/src/Illuminate/Pipeline/Pipeline.php(125): App\Http\Middleware\VerifyCsrfToken->handle(Object(Illuminate\Http\Request), Object(Closure))
#2 /home1/kmalith2/eonepisode/vendor/laravel/framework/src/Illuminate/View/Middleware/ShareErrorsFromSession.php(55): Illuminate\Pipeline\Pipeline->Illuminate\Pipeline\{closure}(Object(Illuminate\Http\Request))
#3 /home1/kmalith2/eonepisode/vendor/laravel/framework/src/Illuminate/Pipeline/Pipeline.php(125): Illuminate\View\Middleware\ShareErrorsFromSession->handle(Object(Illuminate\Http\Request), Object(Closure))
#4 /home1/kmalith2/eonepisode/vendor/laravel/framework/src/Illuminate/Session/Middleware/StartSession.php(61): Illuminate\Pipeline\Pipeline->Illuminate\Pipeline\{closure}(Object(Illuminate\Http\Request))
#5 /home1/kmalith2/eonepisode/vendor/laravel/framework/src/Illuminate/Pipeline/Pipeline.php(125): Illuminate\Session\Middleware\StartSession->handle(Object(Illuminate\Http\Request), Object(Closure))
#6 /home1/kmalith2/eonepisode/vendor/laravel/framework/src/Illuminate/Cookie/Middleware/AddQueuedCookiesToResponse.php(36): Illuminate\Pipeline\Pipeline->Illuminate\Pipeline\{closure}(Object(Illuminate\Http\Request))
#7 /home1/kmalith2/eonepisode/vendor/laravel/framework/src/Illuminate/Pipeline/Pipeline.php(125): Illuminate\Cookie\Middleware\AddQueuedCookiesToResponse->handle(Object(Illuminate\Http\Request), Object(Closure))
#8 /home1/kmalith2/eonepisode/vendor/laravel/framework/src/Illuminate/Cookie/Middleware/EncryptCookies.php(40): Illuminate\Pipeline\Pipeline->Illuminate\Pipeline\{closure}(Object(Illuminate\Http\Request))
#9 /home1/kmalith2/eonepisode/vendor/laravel/framework/src/Illuminate/Pipeline/Pipeline.php(125): Illuminate\Cookie\Middleware\EncryptCookies->handle(Object(Illuminate\Http\Request), Object(Closure))
#10 /home1/kmalith2/eonepisode/app/Http/Middleware/CheckForMaintenanceMode.php(26): Illuminate\Pipeline\Pipeline->Illuminate\Pipeline\{closure}(Object(Illuminate\Http\Request))
#11 /home1/kmalith2/eonepisode/vendor/laravel/framework/src/Illuminate/Pipeline/Pipeline.php(125): App\Http\Middleware\CheckForMaintenanceMode->handle(Object(Illuminate\Http\Request), Object(Closure))
#12 [internal function]: Illuminate\Pipeline\Pipeline->Illuminate\Pipeline\{closure}(Object(Illuminate\Http\Request))
#13 /home1/kmalith2/eonepisode/vendor/laravel/framework/src/Illuminate/Pipeline/Pipeline.php(100): call_user_func(Object(Closure), Object(Illuminate\Http\Request))
#14 /home1/kmalith2/eonepisode/vendor/laravel/framework/src/Illuminate/Foundation/Http/Kernel.php(111): Illuminate\Pipeline\Pipeline->then(Object(Closure))
#15 /home1/kmalith2/eonepisode/vendor/laravel/framework/src/Illuminate/Foundation/Http/Kernel.php(84): Illuminate\Foundation\Http\Kernel->sendRequestThroughRouter(Object(Illuminate\Http\Request))
#16 /home1/kmalith2/public_html/index.php(53): Illuminate\Foundation\Http\Kernel->handle(Object(Illuminate\Http\Request))
#17 {main}  
[2026-09-07 03:13:58] local.ERROR: Illuminate\Session\TokenMismatchException in /home1/kmalith2/eonepisode/vendor/laravel/framework/src/Illuminate/Foundation/Http/Middleware/VerifyCsrfToken.php:46
Stack trace:
#0 /home1/kmalith2/eonepisode/app/Http/Middleware/VerifyCsrfToken.php(17): Illuminate\Foundation\Http\Middleware\VerifyCsrfToken->handle(Object(Illuminate\Http\Request), Object(Closure))
#1 /home1/kmalith2/eonepisode/vendor/laravel/framework/src/Illuminate/Pipeline/Pipeline.php(125): App\Http\Middleware\VerifyCsrfToken->handle(Object(Illuminate\Http\Request), Object(Closure))
#2 /home1/kmalith2/eonepisode/vendor/laravel/framework/src/Illuminate/View/Middleware/ShareErrorsFromSession.php(55): Illuminate\Pipeline\Pipeline->Illuminate\Pipeline\{closure}(Object(Illuminate\Http\Request))
#3 /home1/kmalith2/eonepisode/vendor/laravel/framework/src/Illuminate/Pipeline/Pipeline.php(125): Illuminate\View\Middleware\ShareErrorsFromSession->handle(Object(Illuminate\Http\Request), Object(Closure))
#4 /home1/kmalith2/eonepisode/vendor/laravel/framework/src/Illuminate/Session/Middleware/StartSession.php(61): Illuminate\Pipeline\Pipeline->Illuminate\Pipeline\{closure}(Object(Illuminate\Http\Request))
#5 /home1/kmalith2/eonepisode/vendor/laravel/framework/src/Illuminate/Pipeline/Pipeline.php(125): Illuminate\Session\Middleware\StartSession->handle(Object(Illuminate\Http\Request), Object(Closure))
#6 /home1/kmalith2/eonepisode/vendor/laravel/framework/src/Illuminate/Cookie/Middleware/AddQueuedCookiesToResponse.php(36): Illuminate\Pipeline\Pipeline->Illuminate\Pipeline\{closure}(Object(Illuminate\Http\Request))
#7 /home1/kmalith2/eonepisode/vendor/laravel/framework/src/Illuminate/Pipeline/Pipeline.php(125): Illuminate\Cookie\Middleware\AddQueuedCookiesToResponse->handle(Object(Illuminate\Http\Request), Object(Closure))
#8 /home1/kmalith2/eonepisode/vendor/laravel/framework/src/Illuminate/Cookie/Middleware/EncryptCookies.php(40): Illuminate\Pipeline\Pipeline->Illuminate\Pipeline\{closure}(Object(Illuminate\Http\Request))
#9 /home1/kmalith2/eonepisode/vendor/laravel/framework/src/Illuminate/Pipeline/Pipeline.php(125): Illuminate\Cookie\Middleware\EncryptCookies->handle(Object(Illuminate\Http\Request), Object(Closure))
#10 /home1/kmalith2/eonepisode/app/Http/Middleware/CheckForMaintenanceMode.php(26): Illuminate\Pipeline\Pipeline->Illuminate\Pipeline\{closure}(Object(Illuminate\Http\Request))
#11 /home1/kmalith2/eonepisode/vendor/laravel/framework/src/Illuminate/Pipeline/Pipeline.php(125): App\Http\Middleware\CheckForMaintenanceMode->handle(Object(Illuminate\Http\Request), Object(Closure))
#12 [internal function]: Illuminate\Pipeline\Pipeline->Illuminate\Pipeline\{closure}(Object(Illuminate\Http\Request))
#13 /home1/kmalith2/eonepisode/vendor/laravel/framework/src/Illuminate/Pipeline/Pipeline.php(100): call_user_func(Object(Closure), Object(Illuminate\Http\Request))
#14 /home1/kmalith2/eonepisode/vendor/laravel/framework/src/Illuminate/Foundation/Http/Kernel.php(111): Illuminate\Pipeline\Pipeline->then(Object(Closure))
#15 /home1/kmalith2/eonepisode/vendor/laravel/framework/src/Illuminate/Foundation/Http/Kernel.php(84): Illuminate\Foundation\Http\Kernel->sendRequestThroughRouter(Object(Illuminate\Http\Request))
#16 /home1/kmalith2/public_html/index.php(53): Illuminate\Foundation\Http\Kernel->handle(Object(Illuminate\Http\Request))
#17 {main}  
[2026-09-07 03:13:59] local.ERROR: Illuminate\Session\TokenMismatchException in /home1/kmalith2/eonepisode/vendor/laravel/framework/src/Illuminate/Foundation/Http/Middleware/VerifyCsrfToken.php:46
Stack trace:
#0 /home1/kmalith2/eonepisode/app/Http/Middleware/VerifyCsrfToken.php(17): Illuminate\Foundation\Http\Middleware\VerifyCsrfToken->handle(Object(Illuminate\Http\Request), Object(Closure))
#1 /home1/kmalith2/eonepisode/vendor/laravel/framework/src/Illuminate/Pipeline/Pipeline.php(125): App\Http\Middleware\VerifyCsrfToken->handle(Object(Illuminate\Http\Request), Object(Closure))
#2 /home1/kmalith2/eonepisode/vendor/laravel/framework/src/Illuminate/View/Middleware/ShareErrorsFromSession.php(55): Illuminate\Pipeline\Pipeline->Illuminate\Pipeline\{closure}(Object(Illuminate\Http\Request))
#3 /home1/kmalith2/eonepisode/vendor/laravel/framework/src/Illuminate/Pipeline/Pipeline.php(125): Illuminate\View\Middleware\ShareErrorsFromSession->handle(Object(Illuminate\Http\Request), Object(Closure))
#4 /home1/kmalith2/eonepisode/vendor/laravel/framework/src/Illuminate/Session/Middleware/StartSession.php(61): Illuminate\Pipeline\Pipeline->Illuminate\Pipeline\{closure}(Object(Illuminate\Http\Request))
#5 /home1/kmalith2/eonepisode/vendor/laravel/framework/src/Illuminate/Pipeline/Pipeline.php(125): Illuminate\Session\Middleware\StartSession->handle(Object(Illuminate\Http\Request), Object(Closure))
#6 /home1/kmalith2/eonepisode/vendor/laravel/framework/src/Illuminate/Cookie/Middleware/AddQueuedCookiesToResponse.php(36): Illuminate\Pipeline\Pipeline->Illuminate\Pipeline\{closure}(Object(Illuminate\Http\Request))
#7 /home1/kmalith2/eonepisode/vendor/laravel/framework/src/Illuminate/Pipeline/Pipeline.php(125): Illuminate\Cookie\Middleware\AddQueuedCookiesToResponse->handle(Object(Illuminate\Http\Request), Object(Closure))
#8 /home1/kmalith2/eonepisode/vendor/laravel/framework/src/Illuminate/Cookie/Middleware/EncryptCookies.php(40): Illuminate\Pipeline\Pipeline->Illuminate\Pipeline\{closure}(Object(Illuminate\Http\Request))
#9 /home1/kmalith2/eonepisode/vendor/laravel/framework/src/Illuminate/Pipeline/Pipeline.php(125): Illuminate\Cookie\Middleware\EncryptCookies->handle(Object(Illuminate\Http\Request), Object(Closure))
#10 /home1/kmalith2/eonepisode/app/Http/Middleware/CheckForMaintenanceMode.php(26): Illuminate\Pipeline\Pipeline->Illuminate\Pipeline\{closure}(Object(Illuminate\Http\Request))
#11 /home1/kmalith2/eonepisode/vendor/laravel/framework/src/Illuminate/Pipeline/Pipeline.php(125): App\Http\Middleware\CheckForMaintenanceMode->handle(Object(Illuminate\Http\Request), Object(Closure))
#12 [internal function]: Illuminate\Pipeline\Pipeline->Illuminate\Pipeline\{closure}(Object(Illuminate\Http\Request))
#13 /home1/kmalith2/eonepisode/vendor/laravel/framework/src/Illuminate/Pipeline/Pipeline.php(100): call_user_func(Object(Closure), Object(Illuminate\Http\Request))
#14 /home1/kmalith2/eonepisode/vendor/laravel/framework/src/Illuminate/Foundation/Http/Kernel.php(111): Illuminate\Pipeline\Pipeline->then(Object(Closure))
#15 /home1/kmalith2/eonepisode/vendor/laravel/framework/src/Illuminate/Foundation/Http/Kernel.php(84): Illuminate\Foundation\Http\Kernel->sendRequestThroughRouter(Object(Illuminate\Http\Request))
#16 /home1/kmalith2/public_html/index.php(53): Illuminate\Foundation\Http\Kernel->handle(Object(Illuminate\Http\Request))
#17 {main}  
[2026-09-07 03:13:59] local.ERROR: Illuminate\Session\TokenMismatchException in /home1/kmalith2/eonepisode/vendor/laravel/framework/src/Illuminate/Foundation/Http/Middleware/VerifyCsrfToken.php:46
Stack trace:
#0 /home1/kmalith2/eonepisode/app/Http/Middleware/VerifyCsrfToken.php(17): Illuminate\Foundation\Http\Middleware\VerifyCsrfToken->handle(Object(Illuminate\Http\Request), Object(Closure))
#1 /home1/kmalith2/eonepisode/vendor/laravel/framework/src/Illuminate/Pipeline/Pipeline.php(125): App\Http\Middleware\VerifyCsrfToken->handle(Object(Illuminate\Http\Request), Object(Closure))
#2 /home1/kmalith2/eonepisode/vendor/laravel/framework/src/Illuminate/View/Middleware/ShareErrorsFromSession.php(55): Illuminate\Pipeline\Pipeline->Illuminate\Pipeline\{closure}(Object(Illuminate\Http\Request))
#3 /home1/kmalith2/eonepisode/vendor/laravel/framework/src/Illuminate/Pipeline/Pipeline.php(125): Illuminate\View\Middleware\ShareErrorsFromSession->handle(Object(Illuminate\Http\Request), Object(Closure))
#4 /home1/kmalith2/eonepisode/vendor/laravel/framework/src/Illuminate/Session/Middleware/StartSession.php(61): Illuminate\Pipeline\Pipeline->Illuminate\Pipeline\{closure}(Object(Illuminate\Http\Request))
#5 /home1/kmalith2/eonepisode/vendor/laravel/framework/src/Illuminate/Pipeline/Pipeline.php(125): Illuminate\Session\Middleware\StartSession->handle(Object(Illuminate\Http\Request), Object(Closure))
#6 /home1/kmalith2/eonepisode/vendor/laravel/framework/src/Illuminate/Cookie/Middleware/AddQueuedCookiesToResponse.php(36): Illuminate\Pipeline\Pipeline->Illuminate\Pipeline\{closure}(Object(Illuminate\Http\Request))
#7 /home1/kmalith2/eonepisode/vendor/laravel/framework/src/Illuminate/Pipeline/Pipeline.php(125): Illuminate\Cookie\Middleware\AddQueuedCookiesToResponse->handle(Object(Illuminate\Http\Request), Object(Closure))
#8 /home1/kmalith2/eonepisode/vendor/laravel/framework/src/Illuminate/Cookie/Middleware/EncryptCookies.php(40): Illuminate\Pipeline\Pipeline->Illuminate\Pipeline\{closure}(Object(Illuminate\Http\Request))
#9 /home1/kmalith2/eonepisode/vendor/laravel/framework/src/Illuminate/Pipeline/Pipeline.php(125): Illuminate\Cookie\Middleware\EncryptCookies->handle(Object(Illuminate\Http\Request), Object(Closure))
#10 /home1/kmalith2/eonepisode/app/Http/Middleware/CheckForMaintenanceMode.php(26): Illuminate\Pipeline\Pipeline->Illuminate\Pipeline\{closure}(Object(Illuminate\Http\Request))
#11 /home1/kmalith2/eonepisode/vendor/laravel/framework/src/Illuminate/Pipeline/Pipeline.php(125): App\Http\Middleware\CheckForMaintenanceMode->handle(Object(Illuminate\Http\Request), Object(Closure))
#12 [internal function]: Illuminate\Pipeline\Pipeline->Illuminate\Pipeline\{closure}(Object(Illuminate\Http\Request))
#13 /home1/kmalith2/eonepisode/vendor/laravel/framework/src/Illuminate/Pipeline/Pipeline.php(100): call_user_func(Object(Closure), Object(Illuminate\Http\Request))
#14 /home1/kmalith2/eonepisode/vendor/laravel/framework/src/Illuminate/Foundation/Http/Kernel.php(111): Illuminate\Pipeline\Pipeline->then(Object(Closure))
#15 /home1/kmalith2/eonepisode/vendor/laravel/framework/src/Illuminate/Foundation/Http/Kernel.php(84): Illuminate\Foundation\Http\Kernel->sendRequestThroughRouter(Object(Illuminate\Http\Request))
#16 /home1/kmalith2/public_html/index.php(53): Illuminate\Foundation\Http\Kernel->handle(Object(Illuminate\Http\Request))
#17 {main}  
[2026-09-07 04:11:48] local.ERROR: Illuminate\Session\TokenMismatchException in /home1/kmalith2/eonepisode/vendor/laravel/framework/src/Illuminate/Foundation/Http/Middleware/VerifyCsrfToken.php:46
Stack trace:
#0 /home1/kmalith2/eonepisode/app/Http/Middleware/VerifyCsrfToken.php(17): Illuminate\Foundation\Http\Middleware\VerifyCsrfToken->handle(Object(Illuminate\Http\Request), Object(Closure))
#1 /home1/kmalith2/eonepisode/vendor/laravel/framework/src/Illuminate/Pipeline/Pipeline.php(125): App\Http\Middleware\VerifyCsrfToken->handle(Object(Illuminate\Http\Request), Object(Closure))
#2 /home1/kmalith2/eonepisode/vendor/laravel/framework/src/Illuminate/View/Middleware/ShareErrorsFromSession.php(55): Illuminate\Pipeline\Pipeline->Illuminate\Pipeline\{closure}(Object(Illuminate\Http\Request))
#3 /home1/kmalith2/eonepisode/vendor/laravel/framework/src/Illuminate/Pipeline/Pipeline.php(125): Illuminate\View\Middleware\ShareErrorsFromSession->handle(Object(Illuminate\Http\Request), Object(Closure))
#4 /home1/kmalith2/eonepisode/vendor/laravel/framework/src/Illuminate/Session/Middleware/StartSession.php(61): Illuminate\Pipeline\Pipeline->Illuminate\Pipeline\{closure}(Object(Illuminate\Http\Request))
#5 /home1/kmalith2/eonepisode/vendor/laravel/framework/src/Illuminate/Pipeline/Pipeline.php(125): Illuminate\Session\Middleware\StartSession->handle(Object(Illuminate\Http\Request), Object(Closure))
#6 /home1/kmalith2/eonepisode/vendor/laravel/framework/src/Illuminate/Cookie/Middleware/AddQueuedCookiesToResponse.php(36): Illuminate\Pipeline\Pipeline->Illuminate\Pipeline\{closure}(Object(Illuminate\Http\Request))
#7 /home1/kmalith2/eonepisode/vendor/laravel/framework/src/Illuminate/Pipeline/Pipeline.php(125): Illuminate\Cookie\Middleware\AddQueuedCookiesToResponse->handle(Object(Illuminate\Http\Request), Object(Closure))
#8 /home1/kmalith2/eonepisode/vendor/laravel/framework/src/Illuminate/Cookie/Middleware/EncryptCookies.php(40): Illuminate\Pipeline\Pipeline->Illuminate\Pipeline\{closure}(Object(Illuminate\Http\Request))
#9 /home1/kmalith2/eonepisode/vendor/laravel/framework/src/Illuminate/Pipeline/Pipeline.php(125): Illuminate\Cookie\Middleware\EncryptCookies->handle(Object(Illuminate\Http\Request), Object(Closure))
#10 /home1/kmalith2/eonepisode/app/Http/Middleware/CheckForMaintenanceMode.php(26): Illuminate\Pipeline\Pipeline->Illuminate\Pipeline\{closure}(Object(Illuminate\Http\Request))
#11 /home1/kmalith2/eonepisode/vendor/laravel/framework/src/Illuminate/Pipeline/Pipeline.php(125): App\Http\Middleware\CheckForMaintenanceMode->handle(Object(Illuminate\Http\Request), Object(Closure))
#12 [internal function]: Illuminate\Pipeline\Pipeline->Illuminate\Pipeline\{closure}(Object(Illuminate\Http\Request))
#13 /home1/kmalith2/eonepisode/vendor/laravel/framework/src/Illuminate/Pipeline/Pipeline.php(100): call_user_func(Object(Closure), Object(Illuminate\Http\Request))
#14 /home1/kmalith2/eonepisode/vendor/laravel/framework/src/Illuminate/Foundation/Http/Kernel.php(111): Illuminate\Pipeline\Pipeline->then(Object(Closure))
#15 /home1/kmalith2/eonepisode/vendor/laravel/framework/src/Illuminate/Foundation/Http/Kernel.php(84): Illuminate\Foundation\Http\Kernel->sendRequestThroughRouter(Object(Illuminate\Http\Request))
#16 /home1/kmalith2/public_html/index.php(53): Illuminate\Foundation\Http\Kernel->handle(Object(Illuminate\Http\Request))
#17 {main}  
[2026-09-07 07:29:52] local.ERROR: Illuminate\Session\TokenMismatchException in /home1/kmalith2/eonepisode/vendor/laravel/framework/src/Illuminate/Foundation/Http/Middleware/VerifyCsrfToken.php:46
Stack trace:
#0 /home1/kmalith2/eonepisode/app/Http/Middleware/VerifyCsrfToken.php(17): Illuminate\Foundation\Http\Middleware\VerifyCsrfToken->handle(Object(Illuminate\Http\Request), Object(Closure))
#1 /home1/kmalith2/eonepisode/vendor/laravel/framework/src/Illuminate/Pipeline/Pipeline.php(125): App\Http\Middleware\VerifyCsrfToken->handle(Object(Illuminate\Http\Request), Object(Closure))
#2 /home1/kmalith2/eonepisode/vendor/laravel/framework/src/Illuminate/View/Middleware/ShareErrorsFromSession.php(55): Illuminate\Pipeline\Pipeline->Illuminate\Pipeline\{closure}(Object(Illuminate\Http\Request))
#3 /home1/kmalith2/eonepisode/vendor/laravel/framework/src/Illuminate/Pipeline/Pipeline.php(125): Illuminate\View\Middleware\ShareErrorsFromSession->handle(Object(Illuminate\Http\Request), Object(Closure))
#4 /home1/kmalith2/eonepisode/vendor/laravel/framework/src/Illuminate/Session/Middleware/StartSession.php(61): Illuminate\Pipeline\Pipeline->Illuminate\Pipeline\{closure}(Object(Illuminate\Http\Request))
#5 /home1/kmalith2/eonepisode/vendor/laravel/framework/src/Illuminate/Pipeline/Pipeline.php(125): Illuminate\Session\Middleware\StartSession->handle(Object(Illuminate\Http\Request), Object(Closure))
#6 /home1/kmalith2/eonepisode/vendor/laravel/framework/src/Illuminate/Cookie/Middleware/AddQueuedCookiesToResponse.php(36): Illuminate\Pipeline\Pipeline->Illuminate\Pipeline\{closure}(Object(Illuminate\Http\Request))
#7 /home1/kmalith2/eonepisode/vendor/laravel/framework/src/Illuminate/Pipeline/Pipeline.php(125): Illuminate\Cookie\Middleware\AddQueuedCookiesToResponse->handle(Object(Illuminate\Http\Request), Object(Closure))
#8 /home1/kmalith2/eonepisode/vendor/laravel/framework/src/Illuminate/Cookie/Middleware/EncryptCookies.php(40): Illuminate\Pipeline\Pipeline->Illuminate\Pipeline\{closure}(Object(Illuminate\Http\Request))
#9 /home1/kmalith2/eonepisode/vendor/laravel/framework/src/Illuminate/Pipeline/Pipeline.php(125): Illuminate\Cookie\Middleware\EncryptCookies->handle(Object(Illuminate\Http\Request), Object(Closure))
#10 /home1/kmalith2/eonepisode/app/Http/Middleware/CheckForMaintenanceMode.php(26): Illuminate\Pipeline\Pipeline->Illuminate\Pipeline\{closure}(Object(Illuminate\Http\Request))
#11 /home1/kmalith2/eonepisode/vendor/laravel/framework/src/Illuminate/Pipeline/Pipeline.php(125): App\Http\Middleware\CheckForMaintenanceMode->handle(Object(Illuminate\Http\Request), Object(Closure))
#12 [internal function]: Illuminate\Pipeline\Pipeline->Illuminate\Pipeline\{closure}(Object(Illuminate\Http\Request))
#13 /home1/kmalith2/eonepisode/vendor/laravel/framework/src/Illuminate/Pipeline/Pipeline.php(100): call_user_func(Object(Closure), Object(Illuminate\Http\Request))
#14 /home1/kmalith2/eonepisode/vendor/laravel/framework/src/Illuminate/Foundation/Http/Kernel.php(111): Illuminate\Pipeline\Pipeline->then(Object(Closure))
#15 /home1/kmalith2/eonepisode/vendor/laravel/framework/src/Illuminate/Foundation/Http/Kernel.php(84): Illuminate\Foundation\Http\Kernel->sendRequestThroughRouter(Object(Illuminate\Http\Request))
#16 /home1/kmalith2/public_html/index.php(53): Illuminate\Foundation\Http\Kernel->handle(Object(Illuminate\Http\Request))
#17 {main}  
[2026-09-07 10:29:16] local.ERROR: Illuminate\Session\TokenMismatchException in /home1/kmalith2/eonepisode/vendor/laravel/framework/src/Illuminate/Foundation/Http/Middleware/VerifyCsrfToken.php:46
Stack trace:
#0 /home1/kmalith2/eonepisode/app/Http/Middleware/VerifyCsrfToken.php(17): Illuminate\Foundation\Http\Middleware\VerifyCsrfToken->handle(Object(Illuminate\Http\Request), Object(Closure))
#1 /home1/kmalith2/eonepisode/vendor/laravel/framework/src/Illuminate/Pipeline/Pipeline.php(125): App\Http\Middleware\VerifyCsrfToken->handle(Object(Illuminate\Http\Request), Object(Closure))
#2 /home1/kmalith2/eonepisode/vendor/laravel/framework/src/Illuminate/View/Middleware/ShareErrorsFromSession.php(55): Illuminate\Pipeline\Pipeline->Illuminate\Pipeline\{closure}(Object(Illuminate\Http\Request))
#3 /home1/kmalith2/eonepisode/vendor/laravel/framework/src/Illuminate/Pipeline/Pipeline.php(125): Illuminate\View\Middleware\ShareErrorsFromSession->handle(Object(Illuminate\Http\Request), Object(Closure))
#4 /home1/kmalith2/eonepisode/vendor/laravel/framework/src/Illuminate/Session/Middleware/StartSession.php(61): Illuminate\Pipeline\Pipeline->Illuminate\Pipeline\{closure}(Object(Illuminate\Http\Request))
#5 /home1/kmalith2/eonepisode/vendor/laravel/framework/src/Illuminate/Pipeline/Pipeline.php(125): Illuminate\Session\Middleware\StartSession->handle(Object(Illuminate\Http\Request), Object(Closure))
#6 /home1/kmalith2/eonepisode/vendor/laravel/framework/src/Illuminate/Cookie/Middleware/AddQueuedCookiesToResponse.php(36): Illuminate\Pipeline\Pipeline->Illuminate\Pipeline\{closure}(Object(Illuminate\Http\Request))
#7 /home1/kmalith2/eonepisode/vendor/laravel/framework/src/Illuminate/Pipeline/Pipeline.php(125): Illuminate\Cookie\Middleware\AddQueuedCookiesToResponse->handle(Object(Illuminate\Http\Request), Object(Closure))
#8 /home1/kmalith2/eonepisode/vendor/laravel/framework/src/Illuminate/Cookie/Middleware/EncryptCookies.php(40): Illuminate\Pipeline\Pipeline->Illuminate\Pipeline\{closure}(Object(Illuminate\Http\Request))
#9 /home1/kmalith2/eonepisode/vendor/laravel/framework/src/Illuminate/Pipeline/Pipeline.php(125): Illuminate\Cookie\Middleware\EncryptCookies->handle(Object(Illuminate\Http\Request), Object(Closure))
#10 /home1/kmalith2/eonepisode/app/Http/Middleware/CheckForMaintenanceMode.php(26): Illuminate\Pipeline\Pipeline->Illuminate\Pipeline\{closure}(Object(Illuminate\Http\Request))
#11 /home1/kmalith2/eonepisode/vendor/laravel/framework/src/Illuminate/Pipeline/Pipeline.php(125): App\Http\Middleware\CheckForMaintenanceMode->handle(Object(Illuminate\Http\Request), Object(Closure))
#12 [internal function]: Illuminate\Pipeline\Pipeline->Illuminate\Pipeline\{closure}(Object(Illuminate\Http\Request))
#13 /home1/kmalith2/eonepisode/vendor/laravel/framework/src/Illuminate/Pipeline/Pipeline.php(100): call_user_func(Object(Closure), Object(Illuminate\Http\Request))
#14 /home1/kmalith2/eonepisode/vendor/laravel/framework/src/Illuminate/Foundation/Http/Kernel.php(111): Illuminate\Pipeline\Pipeline->then(Object(Closure))
#15 /home1/kmalith2/eonepisode/vendor/laravel/framework/src/Illuminate/Foundation/Http/Kernel.php(84): Illuminate\Foundation\Http\Kernel->sendRequestThroughRouter(Object(Illuminate\Http\Request))
#16 /home1/kmalith2/public_html/index.php(53): Illuminate\Foundation\Http\Kernel->handle(Object(Illuminate\Http\Request))
#17 {main}  
[2026-09-07 10:29:17] local.ERROR: Illuminate\Session\TokenMismatchException in /home1/kmalith2/eonepisode/vendor/laravel/framework/src/Illuminate/Foundation/Http/Middleware/VerifyCsrfToken.php:46
Stack trace:
#0 /home1/kmalith2/eonepisode/app/Http/Middleware/VerifyCsrfToken.php(17): Illuminate\Foundation\Http\Middleware\VerifyCsrfToken->handle(Object(Illuminate\Http\Request), Object(Closure))
#1 /home1/kmalith2/eonepisode/vendor/laravel/framework/src/Illuminate/Pipeline/Pipeline.php(125): App\Http\Middleware\VerifyCsrfToken->handle(Object(Illuminate\Http\Request), Object(Closure))
#2 /home1/kmalith2/eonepisode/vendor/laravel/framework/src/Illuminate/View/Middleware/ShareErrorsFromSession.php(55): Illuminate\Pipeline\Pipeline->Illuminate\Pipeline\{closure}(Object(Illuminate\Http\Request))
#3 /home1/kmalith2/eonepisode/vendor/laravel/framework/src/Illuminate/Pipeline/Pipeline.php(125): Illuminate\View\Middleware\ShareErrorsFromSession->handle(Object(Illuminate\Http\Request), Object(Closure))
#4 /home1/kmalith2/eonepisode/vendor/laravel/framework/src/Illuminate/Session/Middleware/StartSession.php(61): Illuminate\Pipeline\Pipeline->Illuminate\Pipeline\{closure}(Object(Illuminate\Http\Request))
#5 /home1/kmalith2/eonepisode/vendor/laravel/framework/src/Illuminate/Pipeline/Pipeline.php(125): Illuminate\Session\Middleware\StartSession->handle(Object(Illuminate\Http\Request), Object(Closure))
#6 /home1/kmalith2/eonepisode/vendor/laravel/framework/src/Illuminate/Cookie/Middleware/AddQueuedCookiesToResponse.php(36): Illuminate\Pipeline\Pipeline->Illuminate\Pipeline\{closure}(Object(Illuminate\Http\Request))
#7 /home1/kmalith2/eonepisode/vendor/laravel/framework/src/Illuminate/Pipeline/Pipeline.php(125): Illuminate\Cookie\Middleware\AddQueuedCookiesToResponse->handle(Object(Illuminate\Http\Request), Object(Closure))
#8 /home1/kmalith2/eonepisode/vendor/laravel/framework/src/Illuminate/Cookie/Middleware/EncryptCookies.php(40): Illuminate\Pipeline\Pipeline->Illuminate\Pipeline\{closure}(Object(Illuminate\Http\Request))
#9 /home1/kmalith2/eonepisode/vendor/laravel/framework/src/Illuminate/Pipeline/Pipeline.php(125): Illuminate\Cookie\Middleware\EncryptCookies->handle(Object(Illuminate\Http\Request), Object(Closure))
#10 /home1/kmalith2/eonepisode/app/Http/Middleware/CheckForMaintenanceMode.php(26): Illuminate\Pipeline\Pipeline->Illuminate\Pipeline\{closure}(Object(Illuminate\Http\Request))
#11 /home1/kmalith2/eonepisode/vendor/laravel/framework/src/Illuminate/Pipeline/Pipeline.php(125): App\Http\Middleware\CheckForMaintenanceMode->handle(Object(Illuminate\Http\Request), Object(Closure))
#12 [internal function]: Illuminate\Pipeline\Pipeline->Illuminate\Pipeline\{closure}(Object(Illuminate\Http\Request))
#13 /home1/kmalith2/eonepisode/vendor/laravel/framework/src/Illuminate/Pipeline/Pipeline.php(100): call_user_func(Object(Closure), Object(Illuminate\Http\Request))
#14 /home1/kmalith2/eonepisode/vendor/laravel/framework/src/Illuminate/Foundation/Http/Kernel.php(111): Illuminate\Pipeline\Pipeline->then(Object(Closure))
#15 /home1/kmalith2/eonepisode/vendor/laravel/framework/src/Illuminate/Foundation/Http/Kernel.php(84): Illuminate\Foundation\Http\Kernel->sendRequestThroughRouter(Object(Illuminate\Http\Request))
#16 /home1/kmalith2/public_html/index.php(53): Illuminate\Foundation\Http\Kernel->handle(Object(Illuminate\Http\Request))
#17 {main}  
[2026-09-07 10:29:19] local.ERROR: Illuminate\Session\TokenMismatchException in /home1/kmalith2/eonepisode/vendor/laravel/framework/src/Illuminate/Foundation/Http/Middleware/VerifyCsrfToken.php:46
Stack trace:
#0 /home1/kmalith2/eonepisode/app/Http/Middleware/VerifyCsrfToken.php(17): Illuminate\Foundation\Http\Middleware\VerifyCsrfToken->handle(Object(Illuminate\Http\Request), Object(Closure))
#1 /home1/kmalith2/eonepisode/vendor/laravel/framework/src/Illuminate/Pipeline/Pipeline.php(125): App\Http\Middleware\VerifyCsrfToken->handle(Object(Illuminate\Http\Request), Object(Closure))
#2 /home1/kmalith2/eonepisode/vendor/laravel/framework/src/Illuminate/View/Middleware/ShareErrorsFromSession.php(55): Illuminate\Pipeline\Pipeline->Illuminate\Pipeline\{closure}(Object(Illuminate\Http\Request))
#3 /home1/kmalith2/eonepisode/vendor/laravel/framework/src/Illuminate/Pipeline/Pipeline.php(125): Illuminate\View\Middleware\ShareErrorsFromSession->handle(Object(Illuminate\Http\Request), Object(Closure))
#4 /home1/kmalith2/eonepisode/vendor/laravel/framework/src/Illuminate/Session/Middleware/StartSession.php(61): Illuminate\Pipeline\Pipeline->Illuminate\Pipeline\{closure}(Object(Illuminate\Http\Request))
#5 /home1/kmalith2/eonepisode/vendor/laravel/framework/src/Illuminate/Pipeline/Pipeline.php(125): Illuminate\Session\Middleware\StartSession->handle(Object(Illuminate\Http\Request), Object(Closure))
#6 /home1/kmalith2/eonepisode/vendor/laravel/framework/src/Illuminate/Cookie/Middleware/AddQueuedCookiesToResponse.php(36): Illuminate\Pipeline\Pipeline->Illuminate\Pipeline\{closure}(Object(Illuminate\Http\Request))
#7 /home1/kmalith2/eonepisode/vendor/laravel/framework/src/Illuminate/Pipeline/Pipeline.php(125): Illuminate\Cookie\Middleware\AddQueuedCookiesToResponse->handle(Object(Illuminate\Http\Request), Object(Closure))
#8 /home1/kmalith2/eonepisode/vendor/laravel/framework/src/Illuminate/Cookie/Middleware/EncryptCookies.php(40): Illuminate\Pipeline\Pipeline->Illuminate\Pipeline\{closure}(Object(Illuminate\Http\Request))
#9 /home1/kmalith2/eonepisode/vendor/laravel/framework/src/Illuminate/Pipeline/Pipeline.php(125): Illuminate\Cookie\Middleware\EncryptCookies->handle(Object(Illuminate\Http\Request), Object(Closure))
#10 /home1/kmalith2/eonepisode/app/Http/Middleware/CheckForMaintenanceMode.php(26): Illuminate\Pipeline\Pipeline->Illuminate\Pipeline\{closure}(Object(Illuminate\Http\Request))
#11 /home1/kmalith2/eonepisode/vendor/laravel/framework/src/Illuminate/Pipeline/Pipeline.php(125): App\Http\Middleware\CheckForMaintenanceMode->handle(Object(Illuminate\Http\Request), Object(Closure))
#12 [internal function]: Illuminate\Pipeline\Pipeline->Illuminate\Pipeline\{closure}(Object(Illuminate\Http\Request))
#13 /home1/kmalith2/eonepisode/vendor/laravel/framework/src/Illuminate/Pipeline/Pipeline.php(100): call_user_func(Object(Closure), Object(Illuminate\Http\Request))
#14 /home1/kmalith2/eonepisode/vendor/laravel/framework/src/Illuminate/Foundation/Http/Kernel.php(111): Illuminate\Pipeline\Pipeline->then(Object(Closure))
#15 /home1/kmalith2/eonepisode/vendor/laravel/framework/src/Illuminate/Foundation/Http/Kernel.php(84): Illuminate\Foundation\Http\Kernel->sendRequestThroughRouter(Object(Illuminate\Http\Request))
#16 /home1/kmalith2/public_html/index.php(53): Illuminate\Foundation\Http\Kernel->handle(Object(Illuminate\Http\Request))
#17 {main}  
[2026-09-07 12:39:58] local.ERROR: Illuminate\Session\TokenMismatchException in /home1/kmalith2/eonepisode/vendor/laravel/framework/src/Illuminate/Foundation/Http/Middleware/VerifyCsrfToken.php:46
Stack trace:
#0 /home1/kmalith2/eonepisode/app/Http/Middleware/VerifyCsrfToken.php(17): Illuminate\Foundation\Http\Middleware\VerifyCsrfToken->handle(Object(Illuminate\Http\Request), Object(Closure))
#1 /home1/kmalith2/eonepisode/vendor/laravel/framework/src/Illuminate/Pipeline/Pipeline.php(125): App\Http\Middleware\VerifyCsrfToken->handle(Object(Illuminate\Http\Request), Object(Closure))
#2 /home1/kmalith2/eonepisode/vendor/laravel/framework/src/Illuminate/View/Middleware/ShareErrorsFromSession.php(55): Illuminate\Pipeline\Pipeline->Illuminate\Pipeline\{closure}(Object(Illuminate\Http\Request))
#3 /home1/kmalith2/eonepisode/vendor/laravel/framework/src/Illuminate/Pipeline/Pipeline.php(125): Illuminate\View\Middleware\ShareErrorsFromSession->handle(Object(Illuminate\Http\Request), Object(Closure))
#4 /home1/kmalith2/eonepisode/vendor/laravel/framework/src/Illuminate/Session/Middleware/StartSession.php(61): Illuminate\Pipeline\Pipeline->Illuminate\Pipeline\{closure}(Object(Illuminate\Http\Request))
#5 /home1/kmalith2/eonepisode/vendor/laravel/framework/src/Illuminate/Pipeline/Pipeline.php(125): Illuminate\Session\Middleware\StartSession->handle(Object(Illuminate\Http\Request), Object(Closure))
#6 /home1/kmalith2/eonepisode/vendor/laravel/framework/src/Illuminate/Cookie/Middleware/AddQueuedCookiesToResponse.php(36): Illuminate\Pipeline\Pipeline->Illuminate\Pipeline\{closure}(Object(Illuminate\Http\Request))
#7 /home1/kmalith2/eonepisode/vendor/laravel/framework/src/Illuminate/Pipeline/Pipeline.php(125): Illuminate\Cookie\Middleware\AddQueuedCookiesToResponse->handle(Object(Illuminate\Http\Request), Object(Closure))
#8 /home1/kmalith2/eonepisode/vendor/laravel/framework/src/Illuminate/Cookie/Middleware/EncryptCookies.php(40): Illuminate\Pipeline\Pipeline->Illuminate\Pipeline\{closure}(Object(Illuminate\Http\Request))
#9 /home1/kmalith2/eonepisode/vendor/laravel/framework/src/Illuminate/Pipeline/Pipeline.php(125): Illuminate\Cookie\Middleware\EncryptCookies->handle(Object(Illuminate\Http\Request), Object(Closure))
#10 /home1/kmalith2/eonepisode/app/Http/Middleware/CheckForMaintenanceMode.php(26): Illuminate\Pipeline\Pipeline->Illuminate\Pipeline\{closure}(Object(Illuminate\Http\Request))
#11 /home1/kmalith2/eonepisode/vendor/laravel/framework/src/Illuminate/Pipeline/Pipeline.php(125): App\Http\Middleware\CheckForMaintenanceMode->handle(Object(Illuminate\Http\Request), Object(Closure))
#12 [internal function]: Illuminate\Pipeline\Pipeline->Illuminate\Pipeline\{closure}(Object(Illuminate\Http\Request))
#13 /home1/kmalith2/eonepisode/vendor/laravel/framework/src/Illuminate/Pipeline/Pipeline.php(100): call_user_func(Object(Closure), Object(Illuminate\Http\Request))
#14 /home1/kmalith2/eonepisode/vendor/laravel/framework/src/Illuminate/Foundation/Http/Kernel.php(111): Illuminate\Pipeline\Pipeline->then(Object(Closure))
#15 /home1/kmalith2/eonepisode/vendor/laravel/framework/src/Illuminate/Foundation/Http/Kernel.php(84): Illuminate\Foundation\Http\Kernel->sendRequestThroughRouter(Object(Illuminate\Http\Request))
#16 /home1/kmalith2/public_html/index.php(53): Illuminate\Foundation\Http\Kernel->handle(Object(Illuminate\Http\Request))
#17 {main}  
[2026-09-07 12:39:58] local.ERROR: Illuminate\Session\TokenMismatchException in /home1/kmalith2/eonepisode/vendor/laravel/framework/src/Illuminate/Foundation/Http/Middleware/VerifyCsrfToken.php:46
Stack trace:
#0 /home1/kmalith2/eonepisode/app/Http/Middleware/VerifyCsrfToken.php(17): Illuminate\Foundation\Http\Middleware\VerifyCsrfToken->handle(Object(Illuminate\Http\Request), Object(Closure))
#1 /home1/kmalith2/eonepisode/vendor/laravel/framework/src/Illuminate/Pipeline/Pipeline.php(125): App\Http\Middleware\VerifyCsrfToken->handle(Object(Illuminate\Http\Request), Object(Closure))
#2 /home1/kmalith2/eonepisode/vendor/laravel/framework/src/Illuminate/View/Middleware/ShareErrorsFromSession.php(55): Illuminate\Pipeline\Pipeline->Illuminate\Pipeline\{closure}(Object(Illuminate\Http\Request))
#3 /home1/kmalith2/eonepisode/vendor/laravel/framework/src/Illuminate/Pipeline/Pipeline.php(125): Illuminate\View\Middleware\ShareErrorsFromSession->handle(Object(Illuminate\Http\Request), Object(Closure))
#4 /home1/kmalith2/eonepisode/vendor/laravel/framework/src/Illuminate/Session/Middleware/StartSession.php(61): Illuminate\Pipeline\Pipeline->Illuminate\Pipeline\{closure}(Object(Illuminate\Http\Request))
#5 /home1/kmalith2/eonepisode/vendor/laravel/framework/src/Illuminate/Pipeline/Pipeline.php(125): Illuminate\Session\Middleware\StartSession->handle(Object(Illuminate\Http\Request), Object(Closure))
#6 /home1/kmalith2/eonepisode/vendor/laravel/framework/src/Illuminate/Cookie/Middleware/AddQueuedCookiesToResponse.php(36): Illuminate\Pipeline\Pipeline->Illuminate\Pipeline\{closure}(Object(Illuminate\Http\Request))
#7 /home1/kmalith2/eonepisode/vendor/laravel/framework/src/Illuminate/Pipeline/Pipeline.php(125): Illuminate\Cookie\Middleware\AddQueuedCookiesToResponse->handle(Object(Illuminate\Http\Request), Object(Closure))
#8 /home1/kmalith2/eonepisode/vendor/laravel/framework/src/Illuminate/Cookie/Middleware/EncryptCookies.php(40): Illuminate\Pipeline\Pipeline->Illuminate\Pipeline\{closure}(Object(Illuminate\Http\Request))
#9 /home1/kmalith2/eonepisode/vendor/laravel/framework/src/Illuminate/Pipeline/Pipeline.php(125): Illuminate\Cookie\Middleware\EncryptCookies->handle(Object(Illuminate\Http\Request), Object(Closure))
#10 /home1/kmalith2/eonepisode/app/Http/Middleware/CheckForMaintenanceMode.php(26): Illuminate\Pipeline\Pipeline->Illuminate\Pipeline\{closure}(Object(Illuminate\Http\Request))
#11 /home1/kmalith2/eonepisode/vendor/laravel/framework/src/Illuminate/Pipeline/Pipeline.php(125): App\Http\Middleware\CheckForMaintenanceMode->handle(Object(Illuminate\Http\Request), Object(Closure))
#12 [internal function]: Illuminate\Pipeline\Pipeline->Illuminate\Pipeline\{closure}(Object(Illuminate\Http\Request))
#13 /home1/kmalith2/eonepisode/vendor/laravel/framework/src/Illuminate/Pipeline/Pipeline.php(100): call_user_func(Object(Closure), Object(Illuminate\Http\Request))
#14 /home1/kmalith2/eonepisode/vendor/laravel/framework/src/Illuminate/Foundation/Http/Kernel.php(111): Illuminate\Pipeline\Pipeline->then(Object(Closure))
#15 /home1/kmalith2/eonepisode/vendor/laravel/framework/src/Illuminate/Foundation/Http/Kernel.php(84): Illuminate\Foundation\Http\Kernel->sendRequestThroughRouter(Object(Illuminate\Http\Request))
#16 /home1/kmalith2/public_html/index.php(53): Illuminate\Foundation\Http\Kernel->handle(Object(Illuminate\Http\Request))
#17 {main}  
[2026-09-07 12:39:59] local.ERROR: Illuminate\Session\TokenMismatchException in /home1/kmalith2/eonepisode/vendor/laravel/framework/src/Illuminate/Foundation/Http/Middleware/VerifyCsrfToken.php:46
Stack trace:
#0 /home1/kmalith2/eonepisode/app/Http/Middleware/VerifyCsrfToken.php(17): Illuminate\Foundation\Http\Middleware\VerifyCsrfToken->handle(Object(Illuminate\Http\Request), Object(Closure))
#1 /home1/kmalith2/eonepisode/vendor/laravel/framework/src/Illuminate/Pipeline/Pipeline.php(125): App\Http\Middleware\VerifyCsrfToken->handle(Object(Illuminate\Http\Request), Object(Closure))
#2 /home1/kmalith2/eonepisode/vendor/laravel/framework/src/Illuminate/View/Middleware/ShareErrorsFromSession.php(55): Illuminate\Pipeline\Pipeline->Illuminate\Pipeline\{closure}(Object(Illuminate\Http\Request))
#3 /home1/kmalith2/eonepisode/vendor/laravel/framework/src/Illuminate/Pipeline/Pipeline.php(125): Illuminate\View\Middleware\ShareErrorsFromSession->handle(Object(Illuminate\Http\Request), Object(Closure))
#4 /home1/kmalith2/eonepisode/vendor/laravel/framework/src/Illuminate/Session/Middleware/StartSession.php(61): Illuminate\Pipeline\Pipeline->Illuminate\Pipeline\{closure}(Object(Illuminate\Http\Request))
#5 /home1/kmalith2/eonepisode/vendor/laravel/framework/src/Illuminate/Pipeline/Pipeline.php(125): Illuminate\Session\Middleware\StartSession->handle(Object(Illuminate\Http\Request), Object(Closure))
#6 /home1/kmalith2/eonepisode/vendor/laravel/framework/src/Illuminate/Cookie/Middleware/AddQueuedCookiesToResponse.php(36): Illuminate\Pipeline\Pipeline->Illuminate\Pipeline\{closure}(Object(Illuminate\Http\Request))
#7 /home1/kmalith2/eonepisode/vendor/laravel/framework/src/Illuminate/Pipeline/Pipeline.php(125): Illuminate\Cookie\Middleware\AddQueuedCookiesToResponse->handle(Object(Illuminate\Http\Request), Object(Closure))
#8 /home1/kmalith2/eonepisode/vendor/laravel/framework/src/Illuminate/Cookie/Middleware/EncryptCookies.php(40): Illuminate\Pipeline\Pipeline->Illuminate\Pipeline\{closure}(Object(Illuminate\Http\Request))
#9 /home1/kmalith2/eonepisode/vendor/laravel/framework/src/Illuminate/Pipeline/Pipeline.php(125): Illuminate\Cookie\Middleware\EncryptCookies->handle(Object(Illuminate\Http\Request), Object(Closure))
#10 /home1/kmalith2/eonepisode/app/Http/Middleware/CheckForMaintenanceMode.php(26): Illuminate\Pipeline\Pipeline->Illuminate\Pipeline\{closure}(Object(Illuminate\Http\Request))
#11 /home1/kmalith2/eonepisode/vendor/laravel/framework/src/Illuminate/Pipeline/Pipeline.php(125): App\Http\Middleware\CheckForMaintenanceMode->handle(Object(Illuminate\Http\Request), Object(Closure))
#12 [internal function]: Illuminate\Pipeline\Pipeline->Illuminate\Pipeline\{closure}(Object(Illuminate\Http\Request))
#13 /home1/kmalith2/eonepisode/vendor/laravel/framework/src/Illuminate/Pipeline/Pipeline.php(100): call_user_func(Object(Closure), Object(Illuminate\Http\Request))
#14 /home1/kmalith2/eonepisode/vendor/laravel/framework/src/Illuminate/Foundation/Http/Kernel.php(111): Illuminate\Pipeline\Pipeline->then(Object(Closure))
#15 /home1/kmalith2/eonepisode/vendor/laravel/framework/src/Illuminate/Foundation/Http/Kernel.php(84): Illuminate\Foundation\Http\Kernel->sendRequestThroughRouter(Object(Illuminate\Http\Request))
#16 /home1/kmalith2/public_html/index.php(53): Illuminate\Foundation\Http\Kernel->handle(Object(Illuminate\Http\Request))
#17 {main}  
[2026-09-07 12:40:00] local.ERROR: Illuminate\Session\TokenMismatchException in /home1/kmalith2/eonepisode/vendor/laravel/framework/src/Illuminate/Foundation/Http/Middleware/VerifyCsrfToken.php:46
Stack trace:
#0 /home1/kmalith2/eonepisode/app/Http/Middleware/VerifyCsrfToken.php(17): Illuminate\Foundation\Http\Middleware\VerifyCsrfToken->handle(Object(Illuminate\Http\Request), Object(Closure))
#1 /home1/kmalith2/eonepisode/vendor/laravel/framework/src/Illuminate/Pipeline/Pipeline.php(125): App\Http\Middleware\VerifyCsrfToken->handle(Object(Illuminate\Http\Request), Object(Closure))
#2 /home1/kmalith2/eonepisode/vendor/laravel/framework/src/Illuminate/View/Middleware/ShareErrorsFromSession.php(55): Illuminate\Pipeline\Pipeline->Illuminate\Pipeline\{closure}(Object(Illuminate\Http\Request))
#3 /home1/kmalith2/eonepisode/vendor/laravel/framework/src/Illuminate/Pipeline/Pipeline.php(125): Illuminate\View\Middleware\ShareErrorsFromSession->handle(Object(Illuminate\Http\Request), Object(Closure))
#4 /home1/kmalith2/eonepisode/vendor/laravel/framework/src/Illuminate/Session/Middleware/StartSession.php(61): Illuminate\Pipeline\Pipeline->Illuminate\Pipeline\{closure}(Object(Illuminate\Http\Request))
#5 /home1/kmalith2/eonepisode/vendor/laravel/framework/src/Illuminate/Pipeline/Pipeline.php(125): Illuminate\Session\Middleware\StartSession->handle(Object(Illuminate\Http\Request), Object(Closure))
#6 /home1/kmalith2/eonepisode/vendor/laravel/framework/src/Illuminate/Cookie/Middleware/AddQueuedCookiesToResponse.php(36): Illuminate\Pipeline\Pipeline->Illuminate\Pipeline\{closure}(Object(Illuminate\Http\Request))
#7 /home1/kmalith2/eonepisode/vendor/laravel/framework/src/Illuminate/Pipeline/Pipeline.php(125): Illuminate\Cookie\Middleware\AddQueuedCookiesToResponse->handle(Object(Illuminate\Http\Request), Object(Closure))
#8 /home1/kmalith2/eonepisode/vendor/laravel/framework/src/Illuminate/Cookie/Middleware/EncryptCookies.php(40): Illuminate\Pipeline\Pipeline->Illuminate\Pipeline\{closure}(Object(Illuminate\Http\Request))
#9 /home1/kmalith2/eonepisode/vendor/laravel/framework/src/Illuminate/Pipeline/Pipeline.php(125): Illuminate\Cookie\Middleware\EncryptCookies->handle(Object(Illuminate\Http\Request), Object(Closure))
#10 /home1/kmalith2/eonepisode/app/Http/Middleware/CheckForMaintenanceMode.php(26): Illuminate\Pipeline\Pipeline->Illuminate\Pipeline\{closure}(Object(Illuminate\Http\Request))
#11 /home1/kmalith2/eonepisode/vendor/laravel/framework/src/Illuminate/Pipeline/Pipeline.php(125): App\Http\Middleware\CheckForMaintenanceMode->handle(Object(Illuminate\Http\Request), Object(Closure))
#12 [internal function]: Illuminate\Pipeline\Pipeline->Illuminate\Pipeline\{closure}(Object(Illuminate\Http\Request))
#13 /home1/kmalith2/eonepisode/vendor/laravel/framework/src/Illuminate/Pipeline/Pipeline.php(100): call_user_func(Object(Closure), Object(Illuminate\Http\Request))
#14 /home1/kmalith2/eonepisode/vendor/laravel/framework/src/Illuminate/Foundation/Http/Kernel.php(111): Illuminate\Pipeline\Pipeline->then(Object(Closure))
#15 /home1/kmalith2/eonepisode/vendor/laravel/framework/src/Illuminate/Foundation/Http/Kernel.php(84): Illuminate\Foundation\Http\Kernel->sendRequestThroughRouter(Object(Illuminate\Http\Request))
#16 /home1/kmalith2/public_html/index.php(53): Illuminate\Foundation\Http\Kernel->handle(Object(Illuminate\Http\Request))
#17 {main}  
